WardCode,WARDNAME,Population,NumberOfCrimes,CrimeRatePer100kPeople,RatePercentile,RateRank,HighCrimeRate,TotalCrimes,AvgMonthly,TrendChange,TrendPct,TrendSlope,Months,FirstMonth,LastMonth,YoYCurrent,YoYPrior,YoYChange,AnnualizedCrimeRatePer100k,TotalHarm,HarmScorePer100k,RatingScore,RatingBand
N08000101,ABBEY,3355,360,3678.94400681286,0.8593073593073594,66,True,360,10.285714285714286,-0.6954793840039746,-17.500000000000007,0.03531666019612018,35,2023-01,2025-11,5,5,0.0,3678.94400681286,522,5334.468809878646,89.9,High
N08000102,ALDERGROVE,4684,162,1185.7996828107846,0.42207792207792205,268,False,162,4.628571428571429,-1.7791061770566468,-75.75757575757575,-0.02230610433755056,35,2023-01,2025-11,0,4,-100.0,1185.7996828107846,288,2108.0883249969497,39.9,Stable
N08000103,ANTRIM CENTRE,4093,610,5109.76929252033,0.9393939393939394,29,True,610,17.428571428571427,-3.2575942666340905,-47.05882352941176,0.003627153280075718,35,2023-01,2025-11,11,22,-50.0,5109.76929252033,829,6944.260235244844,91.7,High
N08000104,BALLYCLARE EAST,4142,358,2963.3717320824994,0.7943722943722944,96,False,358,10.228571428571428,-0.8852406244970217,-19.298245614035075,-0.016230538569846097,35,2023-01,2025-11,7,4,75.0,2963.3717320824994,461,3815.961923156515,69.7,Watch
N08000105,BALLYCLARE WEST,4044,60,508.69012293344633,0.07142857142857142,430,False,60,1.7142857142857142,-0.9066930431915594,-78.57142857142857,-0.011290371737221092,35,2023-01,2025-11,1,1,0.0,508.69012293344633,78,661.2971598134803,22.7,Stable
N08000106,BALLYDUFF,3020,108,1226.1116367076634,0.43722943722943725,261,False,108,3.085714285714286,-1.9867549668874172,-75.0,-0.030608269797985404,35,2023-01,2025-11,3,7,-57.14285714285714,1226.1116367076634,215,2440.870387890256,37.4,Stable
N08000107,BALLYHENRY,2711,66,834.6946303419929,0.24242424242424243,351,False,66,1.8857142857142857,-1.5984261650067622,-81.24999999999999,-0.018495040952566915,35,2023-01,2025-11,1,1,0.0,834.6946303419929,138,1745.2705907150764,29.6,Stable
N08000108,BALLYNURE,3610,75,712.3070834982192,0.19480519480519481,373,False,75,2.142857142857143,-0.5540166204986148,-54.54545454545453,-0.009776763891152025,35,2023-01,2025-11,1,2,-50.0,712.3070834982192,88,835.7736446379105,32.3,Stable
N08000109,BALLYROBERT,3810,82,737.9077615298088,0.20346320346320346,369,False,82,2.342857142857143,-0.437445319335083,-38.46153846153846,0.0015439246564767685,35,2023-01,2025-11,4,2,100.0,737.9077615298088,82,737.9077615298088,39.3,Stable
N08000110,BURNTHILL,3715,124,1144.3953085945009,0.3961038961038961,280,False,124,3.5428571428571427,-0.9869896814715117,-61.11111111111111,-0.007012226155603556,35,2023-01,2025-11,2,1,100.0,1144.3953085945009,259,2390.309555854644,48.2,Stable
N08000111,CARNMONEY,2607,63,828.5385500575373,0.24025974025974026,352,False,63,1.8,-0.12786088735455836,-11.111111111111121,-0.0007521228667915188,35,2023-01,2025-11,1,0,,828.5385500575373,90,1183.6265000821963,40.6,Stable
N08000112,CARNMONEY HILL,3305,136,1410.8493624378646,0.5021645021645021,231,False,136,3.8857142857142857,0.7060010085728694,175.00000000000003,0.03144374239862358,35,2023-01,2025-11,4,4,0.0,1410.8493624378646,145,1504.2143937756648,64.8,Watch
N08000114,COLLINBRIDGE,2927,176,2061.5940260627654,0.6753246753246753,151,False,176,5.0285714285714285,-1.3665869490946363,-41.379310344827594,-0.02268074978539417,35,2023-01,2025-11,2,6,-66.66666666666666,2061.5940260627654,293,3432.085509297672,57.5,Watch
N08000115,CRANFIELD,3175,82,885.4893138357704,0.25757575757575757,344,False,82,2.342857142857143,-1.0498687664041995,-50.0,-0.013939434041333068,35,2023-01,2025-11,3,0,,885.4893138357704,145,1565.804274465692,33.5,Stable
N08000116,CRUMLIN,3705,204,1887.7964141122034,0.6385281385281385,168,False,204,5.828571428571428,-1.3495276653171389,-55.55555555555556,-0.04120406597186781,35,2023-01,2025-11,3,6,-50.0,1887.7964141122034,244,2257.9525737420477,49.8,Stable
N08000117,DOAGH,3471,100,987.776268675145,0.30303030303030304,323,False,100,2.857142857142857,-0.4801690194948621,-45.454545454545446,0.009361278363261177,35,2023-01,2025-11,3,2,50.0,987.776268675145,109,1076.6761328559082,48.5,Stable
N08000118,FAIRVIEW,3115,60,660.398991057097,0.16233766233766234,388,False,60,1.7142857142857142,-0.21401819154628143,-33.33333333333333,-0.02005296500622721,35,2023-01,2025-11,1,0,,660.398991057097,78,858.5186883742261,23.1,Stable
N08000119,FOUNTAIN HILL,3465,136,1345.7019171304885,0.474025974025974,244,False,136,3.8857142857142857,-1.2506012506012507,-76.47058823529413,-0.032174485955998554,35,2023-01,2025-11,1,5,-80.0,1345.7019171304885,208,2058.1323438466297,39.5,Stable
N08000120,GLEBE,3042,66,743.8715131022822,0.20995670995670995,366,False,66,1.8857142857142857,0.43830813061582274,44.44444444444442,0.0009208154004534203,35,2023-01,2025-11,4,3,33.33333333333333,743.8715131022822,84,946.7455621301774,39.1,Stable
N08000121,GLENGORMLEY,3421,340,3407.5249509333107,0.8463203463203464,72,True,340,9.714285714285714,-2.2410601188736234,-39.6551724137931,-0.048227417245764126,35,2023-01,2025-11,7,5,40.0,3407.5249509333107,385,3858.5209003215436,62.9,Watch
N08000122,GREYSTONE,3072,162,1808.0357142857144,0.6103896103896104,181,False,162,4.628571428571429,-0.6510416666666665,-24.999999999999993,0.015592174369747906,35,2023-01,2025-11,9,2,350.0,1808.0357142857144,243,2712.0535714285716,71.4,Elevated
N08000124,JORDANSTOWN,3244,38,401.62057424696144,0.030303030303030304,449,False,38,1.0857142857142856,0.10275380189066996,50.0,-0.003626604772611875,35,2023-01,2025-11,0,0,,401.62057424696144,56,591.861898890259,24.6,Stable
N08000125,MALLUSK,6279,278,1517.9851204695926,0.5346320346320347,216,False,278,7.942857142857143,-1.2740882306099697,-63.15789473684211,0.010260514462195154,35,2023-01,2025-11,2,7,-71.42857142857143,1517.9851204695926,368,2009.419152276295,64.8,Watch
N08000126,MONKSTOWN,3726,225,2070.3933747412007,0.6818181818181818,148,False,225,6.428571428571429,-2.504920379316514,-87.49999999999999,-0.05217331162201864,35,2023-01,2025-11,1,6,-83.33333333333334,2070.3933747412007,369,3395.445134575569,50.6,Stable
N08000127,MOSSLEY,3708,261,2413.3148404993067,0.7359307359307359,123,False,261,7.457142857142857,-2.3372887450557354,-74.28571428571429,-0.08460773737758318,35,2023-01,2025-11,1,4,-75.0,2413.3148404993067,364,3365.695792880259,52.8,Stable
N08000128,O'NEILL,3328,346,3564.5604395604396,0.854978354978355,68,True,346,9.885714285714286,-1.9030448717948736,-33.92857142857145,-0.03417232277526395,35,2023-01,2025-11,12,7,71.42857142857143,3564.5604395604396,526,5418.956043956044,65.8,Watch
N08000129,PARKGATE,3259,80,841.625389032569,0.24458874458874458,350,False,80,2.2857142857142856,-0.7159660427534008,-50.0,-0.020284272039592134,35,2023-01,2025-11,3,0,,841.625389032569,134,1409.7225266295534,28.7,Stable
N08000130,RANDALSTOWN,3734,211,1937.4091361236513,0.6428571428571429,166,False,211,6.0285714285714285,-1.160507052312087,-46.42857142857142,-0.011627575507975017,35,2023-01,2025-11,6,3,100.0,1937.4091361236513,328,3011.7070931211265,62.1,Watch
N08000131,RATHCOOLE,3377,258,2619.400143830111,0.7575757575757576,113,False,258,7.371428571428571,-3.6521567466192875,-80.43478260869566,-0.07979502135470705,35,2023-01,2025-11,3,4,-25.0,2619.400143830111,375,3807.267650915859,54.5,Stable
N08000132,ROSTULLA,3921,122,1066.7832550005464,0.34415584415584416,304,False,122,3.4857142857142858,-0.17002465357476837,-25.000000000000007,0.0057865533359480045,35,2023-01,2025-11,2,0,,1066.7832550005464,161,1407.8041315990818,50.6,Stable
N08000133,SHILVODAN,3896,73,642.4171311234967,0.15367965367965367,392,False,73,2.085714285714286,-0.3422313483915127,-50.0,-0.004889019262735903,35,2023-01,2025-11,1,3,-66.66666666666666,642.4171311234967,145,1276.034027574069,32.3,Stable
N08000134,SPRINGFARM,5543,1070,6618.386124068968,0.9696969696969697,15,True,1070,30.571428571428573,-1.2628540501533463,-23.076923076923077,-0.002021375030257411,35,2023-01,2025-11,13,18,-27.77777777777778,6618.386124068968,3234,20003.60815442901,91.2,High
N08000135,STEEPLE,3794,298,2692.9738685141956,0.7683982683982684,108,False,298,8.514285714285714,-3.5143208574942886,-72.72727272727272,-0.0830590538798545,35,2023-01,2025-11,1,3,-66.66666666666666,2692.9738685141956,527,4762.406807741547,55.2,Watch
N08000136,STILES,3987,197,1694.077179404493,0.5909090909090909,190,False,197,5.628571428571429,-0.8360504974500458,-41.666666666666664,0.003231791838882518,35,2023-01,2025-11,2,4,-50.0,1694.077179404493,259,2227.238525206923,67.1,Watch
N08000137,TEMPLEPATRICK,3521,115,1119.8117417941332,0.3787878787878788,288,False,115,3.2857142857142856,-1.6093912714191045,-70.83333333333334,-0.022116202345749437,35,2023-01,2025-11,2,2,0.0,1119.8117417941332,168,1635.8988923601248,37.3,Stable
N08000138,TOOME,3936,60,522.6480836236933,0.08225108225108226,425,False,60,1.7142857142857142,-0.508130081300813,-85.71428571428572,-0.004056500649040098,35,2023-01,2025-11,0,2,-100.0,522.6480836236933,78,679.4425087108015,27.8,Stable
N08000139,VALLEY,3717,437,4030.9004957915367,0.8744588744588745,59,True,437,12.485714285714286,-2.5109855618330204,-40.00000000000001,-0.009796762396107233,35,2023-01,2025-11,9,5,80.0,4030.9004957915367,651,6004.842615012107,79.8,Elevated
N08000140,WHITEHOUSE,3221,288,3065.5963099303676,0.8138528138528138,87,True,288,8.228571428571428,-1.5523129462899719,-44.11764705882353,-0.02817643667215412,35,2023-01,2025-11,5,8,-37.5,3065.5963099303676,463,4928.371845478334,64.7,Watch
N08000201,AGHAGALLON,5047,142,964.6466076028191,0.2922077922077922,328,False,142,4.057142857142857,-0.5283666864804174,-42.10526315789473,-0.0017760224755644332,35,2023-01,2025-11,2,0,,964.6466076028191,160,1086.9257550454302,43.9,Stable
N08000202,BALLYBAY,5458,315,1978.7467936973248,0.6493506493506493,163,False,315,9.0,-0.1832172957127155,-15.789473684210542,-0.004516280678632742,35,2023-01,2025-11,5,16,-68.75,1978.7467936973248,378,2374.4961524367905,67.1,Watch
N08000203,BANBRIDGE EAST,4479,201,1538.608745574586,0.5411255411255411,213,False,201,5.742857142857143,-1.4884274763712133,-66.66666666666666,-0.02751714662198885,35,2023-01,2025-11,2,2,0.0,1538.608745574586,241,1844.7995407138076,45.8,Stable
N08000204,BANBRIDGE NORTH,4272,202,1621.1878009630816,0.5714285714285714,199,False,202,5.771428571428571,-1.3264669163545568,-50.0,-0.010294379924254339,35,2023-01,2025-11,9,3,200.0,1621.1878009630816,283,2271.2680577849114,58.4,Watch
N08000205,BANBRIDGE SOUTH,5043,683,4643.494518568879,0.9177489177489178,39,True,683,19.514285714285716,-1.7846519928613929,-31.76470588235295,-0.016885596197630325,35,2023-01,2025-11,16,15,6.666666666666667,4643.494518568879,863,5867.255885102406,78.0,Elevated
N08000206,BANBRIDGE WEST,5431,551,3478.4438540652864,0.8506493506493507,70,True,551,15.742857142857142,-1.1661449702326157,-29.68750000000001,-0.0005673416484988607,35,2023-01,2025-11,16,15,6.666666666666667,3478.4438540652864,744,4696.846147775996,83.4,Elevated
N08000207,BLACKWATERTOWN,5502,151,940.95653528587,0.2813852813852814,333,False,151,4.314285714285714,-1.6357688113413307,-87.09677419354838,-0.02647369380322102,35,2023-01,2025-11,0,3,-100.0,940.95653528587,223,1389.6245521109206,28.2,Stable
N08000208,BLEARY,4981,90,598.8470473513637,0.1341991341991342,401,False,87,2.4857142857142858,-0.4015257980325237,-60.00000000000001,-0.0056236106167020065,35,2023-01,2025-11,0,2,-100.0,598.8470473513637,159,1094.4446037800785,30.6,Stable
N08000209,BROWNLOW,6626,634,3280.582984778578,0.829004329004329,80,True,634,18.114285714285714,-1.9116611329107553,-46.913580246913575,-0.046755798606795546,35,2023-01,2025-11,8,9,-11.11111111111111,3280.582984778578,952,4926.048898279504,62.0,Watch
N08000210,CATHEDRAL,5119,441,2953.7018949013477,0.7922077922077922,97,False,441,12.6,-1.5628052353975384,-38.095238095238095,-0.020520026725282824,35,2023-01,2025-11,11,14,-21.428571428571427,2953.7018949013477,576,3857.8963525242093,66.9,Watch
N08000211,CORCRAIN,5455,532,3343.7213565536204,0.8376623376623377,76,True,532,15.2,-0.9165902841429872,-20.833333333333314,-0.014737333980338274,35,2023-01,2025-11,23,14,64.28571428571429,3343.7213565536204,689,4330.496268168129,73.8,Elevated
N08000212,CRAIGAVON CENTRE,6750,658,3342.2222222222226,0.8354978354978355,77,True,658,18.8,-1.9259259259259252,-36.448598130841106,-0.017844174706919808,35,2023-01,2025-11,13,23,-43.47826086956522,3342.2222222222226,837,4251.428571428572,71.6,Elevated
N08000213,DEMESNE,5705,263,1580.568423688494,0.5584415584415584,205,False,263,7.514285714285714,0.05842827928717487,4.545454545454535,0.0004909939435897145,35,2023-01,2025-11,5,8,-37.5,1580.568423688494,285,1712.7832728183298,63.2,Watch
N08000214,DERRYTRASNA,4981,129,887.9456219347807,0.2597402597402597,343,False,129,3.6857142857142855,-0.4015257980325234,-35.29411764705881,-0.003880291325524377,35,2023-01,2025-11,1,3,-66.66666666666666,887.9456219347807,196,1349.126681389279,40.5,Stable
N08000215,DONAGHCLONEY,4935,167,1160.2257924446374,0.41125541125541126,273,False,167,4.771428571428571,-1.0131712259371835,-53.57142857142857,-0.02372580237768866,35,2023-01,2025-11,2,1,100.0,1160.2257924446374,234,1625.705601389492,38.4,Stable
N08000216,DROMORE,4843,162,1146.8688239284977,0.39826839826839827,279,False,162,4.628571428571429,-1.3077293688485099,-76.0,-0.02122674384641322,35,2023-01,2025-11,4,4,0.0,1146.8688239284977,207,1465.4434972419692,39.0,Stable
N08000217,GILFORD,4997,301,2065.2391434860915,0.6774891774891775,150,False,301,8.6,0.20012007204322568,11.999999999999982,-0.019843839076555167,35,2023-01,2025-11,9,9,0.0,2065.2391434860915,364,2497.49849909946,59.2,Watch
N08000218,GRANSHA,5155,89,591.9357073576278,0.12337662337662338,406,False,89,2.5428571428571427,-0.6466214031684447,-58.823529411764696,-0.014127862590234918,35,2023-01,2025-11,3,2,50.0,591.9357073576278,124,824.719412498268,24.0,Stable
N08000219,HAMILTONSBAWN,4969,103,710.692004714947,0.19047619047619047,375,False,103,2.942857142857143,-0.20124773596297052,-27.27272727272728,-0.010090572755566306,35,2023-01,2025-11,2,1,100.0,710.692004714947,130,896.9899088635252,31.8,Stable
N08000220,KEADY,5243,154,1007.0570284188443,0.3225108225108225,314,False,154,4.4,-0.6993451586241972,-36.666666666666664,-0.01538666200792733,35,2023-01,2025-11,6,6,0.0,1007.0570284188443,185,1209.7763003732869,37.1,Stable
N08000221,KERNAN,5894,509,2978.331475107858,0.7987012987012987,94,False,512,14.628571428571428,-2.431851600497681,-70.49180327868852,-0.023619899266119734,35,2023-01,2025-11,7,16,-56.25,2978.331475107858,669,3891.6089000921033,65.6,Watch
N08000223,KNOCKNASHANE,4556,194,1459.927254483883,0.512987012987013,226,False,194,5.542857142857143,-2.194907813871817,-75.0,-0.041315911790528306,35,2023-01,2025-11,1,4,-75.0,1459.927254483883,333,2505.9576069233663,40.7,Stable
N08000224,LOUGH ROAD,5601,345,2111.867778712985,0.6883116883116883,145,False,345,9.857142857142858,-1.547342736416116,-41.269841269841265,-0.017103788489150326,35,2023-01,2025-11,11,10,10.0,2111.867778712985,493,3017.8284490014535,61.8,Watch
N08000225,LOUGHBRICKLAND,5711,160,960.5523175826099,0.2878787878787879,330,False,160,4.571428571428571,-0.7004027315706532,-46.15384615384615,-0.022218658081337925,35,2023-01,2025-11,5,6,-16.666666666666664,960.5523175826099,232,1392.8008604947845,30.7,Stable
N08000226,LOUGHGALL,5484,95,593.9356048765239,0.1277056277056277,404,False,95,2.7142857142857144,5.551115123125783e-17,1.1415868250708174e-14,-0.012922747508923329,35,2023-01,2025-11,1,2,-50.0,593.9356048765239,153,956.5489215379806,25.1,Stable
N08000227,MAGHERALIN,5368,216,1379.6040025548225,0.48484848484848486,239,False,216,6.171428571428572,0.062096373571783436,5.555555555555558,0.009131819642909322,35,2023-01,2025-11,3,3,0.0,1379.6040025548225,225,1437.0875026612732,61.1,Watch
N08000228,MAHON,5172,218,1445.1441829632086,0.5086580086580087,228,False,218,6.228571428571429,-1.095643207012116,-51.5151515151515,-0.020201429372986617,35,2023-01,2025-11,4,1,300.0,1445.1441829632086,326,2161.0871726881005,47.2,Stable
N08000229,MARKETHILL,5632,259,1576.7045454545457,0.5562770562770563,206,False,259,7.4,0.41429924242424265,41.17647058823532,0.014871005220269929,35,2023-01,2025-11,9,6,50.0,1576.7045454545457,340,2069.8051948051943,67.5,Watch
N08000230,MOURNEVIEW,5495,536,3344.339009489146,0.8398268398268398,75,True,536,15.314285714285715,-2.1838034576888083,-43.90243902439025,-0.029311087492321725,35,2023-01,2025-11,4,20,-80.0,3344.339009489146,756,4717.015468607826,66.1,Watch
N08000231,NAVAN,5299,100,647.0223492303129,0.15584415584415584,391,False,100,2.857142857142857,0.25161980247845506,33.33333333333333,0.005286130304169222,35,2023-01,2025-11,4,1,300.0,647.0223492303129,136,879.9503949532257,37.2,Stable
N08000232,PARKLAKE,5648,671,4073.249696479158,0.8809523809523809,56,True,671,19.17142857142857,-1.0033050047214345,-21.794871794871778,0.011406829020560094,35,2023-01,2025-11,14,24,-41.66666666666667,4073.249696479158,796,4832.051800890328,89.7,High
N08000233,QUILLY,4497,57,434.57543123987426,0.04112554112554113,444,False,57,1.6285714285714286,-0.66711140760507,-75.0,-0.009218719731610673,35,2023-01,2025-11,2,2,0.0,434.57543123987426,66,503.1926045935385,22.0,Stable
N08000234,RATHFRILAND,5009,293,2005.5328979265892,0.6623376623376623,157,False,293,8.371428571428572,-0.3327344113928261,-14.705882352941172,0.0022368699925568174,35,2023-01,2025-11,10,2,400.0,2005.5328979265892,405,2772.152981775661,71.8,Elevated
N08000235,RICHHILL,4837,100,708.8218789686641,0.18831168831168832,376,False,100,2.857142857142857,-0.34456619116532283,-31.25,0.002142680516490239,35,2023-01,2025-11,4,4,0.0,708.8218789686641,122,864.7626923417704,38.5,Stable
N08000236,SEAGAHAN,5603,171,1046.3782157517655,0.3354978354978355,308,False,171,4.885714285714286,-1.546790409899459,-76.47058823529413,-0.030795827165419076,35,2023-01,2025-11,3,4,-25.0,1046.3782157517655,220,1346.2175875168914,30.2,Stable
N08000237,SHANKILL,6446,1199,6377.376889322282,0.9653679653679653,17,True,1199,34.25714285714286,-4.292067431999173,-49.11242603550296,-0.04319444190955933,35,2023-01,2025-11,27,45,-40.0,6377.376889322282,1513,8047.515624307433,72.0,Elevated
N08000238,TANDRAGEE,5171,279,1849.877061634942,0.6277056277056277,173,False,279,7.9714285714285715,-1.1603171533552505,-48.64864864864865,-0.003087678699404715,35,2023-01,2025-11,7,6,16.666666666666664,1849.877061634942,459,3043.3461336574856,66.7,Watch
N08000239,THE BIRCHES,6098,158,888.3474675537648,0.2619047619047619,342,False,158,4.514285714285714,-0.7652782333005357,-43.75,-0.013229299591269778,35,2023-01,2025-11,3,1,200.0,888.3474675537648,212,1191.9598931734058,34.3,Stable
N08000240,THE MALL,5512,736,4578.063445987975,0.9155844155844156,40,True,736,21.02857142857143,-2.2375423318819547,-40.217391304347835,-0.06194785606550302,35,2023-01,2025-11,11,15,-26.666666666666668,4578.063445987975,893,5554.634045200083,66.3,Watch
N08000241,WARINGSTOWN,5400,287,1822.222222222222,0.6125541125541125,180,False,287,8.2,-1.7283950617283954,-80.0,-0.024950721029152426,35,2023-01,2025-11,2,4,-50.0,1822.222222222222,359,2279.3650793650795,51.9,Stable
N08000301,ANDERSONSTOWN,4648,237,1748.2173592328495,0.5995670995670995,186,False,237,6.771428571428571,-1.9363166953528401,-57.44680851063829,-0.015247062680493882,35,2023-01,2025-11,8,4,100.0,1748.2173592328495,349,2574.3791492500613,56.6,Watch
N08000302,ARDOYNE,5490,707,4415.3005464480875,0.9069264069264069,44,True,707,20.2,-0.42501517911353925,-8.333333333333323,-0.03790951717663385,35,2023-01,2025-11,24,12,100.0,4415.3005464480875,916,5720.530835284933,68.9,Watch
N08000303,BALLYGOMARTIN,5952,176,1013.8248847926267,0.3246753246753247,313,False,176,5.0285714285714285,-1.1200716845878134,-66.66666666666666,-0.008047573868256974,35,2023-01,2025-11,3,2,50.0,1013.8248847926267,297,1710.8294930875575,42.5,Stable
N08000304,BALLYMACARRETT,5905,924,5364.944961896697,0.9458874458874459,26,True,924,26.4,1.5805814281682187,32.941176470588225,0.08453169582820427,35,2023-01,2025-11,26,24,8.333333333333332,5364.944961896697,1076,6247.490020563687,96.2,High
N08000305,BALLYMURPHY,5131,323,2158.3094356432885,0.6948051948051948,142,False,323,9.228571428571428,-1.8839732345871498,-65.9090909090909,-0.03013483701802685,35,2023-01,2025-11,6,7,-14.285714285714285,2158.3094356432885,475,3173.984464181307,55.6,Watch
N08000306,BALLYSILLAN,5289,422,2735.5967911838584,0.7813852813852814,102,False,422,12.057142857142857,-1.9537404676372343,-53.44827586206896,-0.06572490974079173,35,2023-01,2025-11,11,14,-21.428571428571427,2735.5967911838584,498,3228.263511870999,56.6,Watch
N08000307,BEECHMOUNT,5394,582,3699.348482440807,0.8614718614718615,65,True,582,16.62857142857143,-4.758373501421333,-75.49019607843137,-0.040401774354532266,35,2023-01,2025-11,4,24,-83.33333333333334,3699.348482440807,878,5580.804068012077,65.4,Watch
N08000308,BEERSBRIDGE,6610,1145,5939.053382321158,0.9567099567099567,21,True,1145,32.714285714285715,-0.8572869389813418,-12.878787878787884,-0.008094009161909856,35,2023-01,2025-11,20,23,-13.043478260869565,5939.053382321158,1506,7811.54095526259,86.7,High
N08000309,BELLEVUE,5427,376,2375.424464976704,0.7316017316017316,125,False,376,10.742857142857142,-1.0441619065167984,-33.99999999999999,-0.0074324920681373445,35,2023-01,2025-11,5,9,-44.44444444444444,2375.424464976704,520,3285.161494116718,71.5,Elevated
N08000310,BELMONT,4695,136,993.1538110451847,0.30735930735930733,321,False,136,3.8857142857142857,-0.5679801206957759,-42.10526315789475,0.0008352648833761444,35,2023-01,2025-11,6,4,50.0,993.1538110451847,190,1387.4942948425376,45.7,Stable
N08000311,BELVOIR,5359,323,2066.4836190120755,0.6796536796536796,149,False,323,9.228571428571428,-3.29663494433041,-82.8125,-0.06089392278650589,35,2023-01,2025-11,4,8,-50.0,2066.4836190120755,395,2527.123930370805,49.8,Stable
N08000312,BLACKSTAFF,7547,1422,6460.088209127563,0.9675324675324676,16,True,1422,40.628571428571426,-3.44507751424407,-39.99999999999999,-0.034703161773520834,35,2023-01,2025-11,35,17,105.88235294117648,6460.088209127563,1824,8286.35787162354,73.6,Elevated
N08000313,BLOOMFIELD,5894,905,5264.433564399632,0.9437229437229437,27,True,905,25.857142857142858,-0.8483203257550045,-17.241379310344815,0.028847643570492375,35,2023-01,2025-11,22,20,10.0,5264.433564399632,981,5706.529642735954,95.6,High
N08000315,CENTRAL,15446,8758,19440.261926342468,1.0,1,True,8758,250.22857142857143,-12.408822133022577,-44.36728395061729,-0.170921664017154,35,2023-01,2025-11,223,220,1.3636363636363635,19440.261926342468,11146,24740.9407891086,70.2,Elevated
N08000316,CHICHESTER PARK,5409,686,4348.308374930672,0.8961038961038961,49,True,686,19.6,-3.8207925063166335,-56.88073394495413,-0.07545262512474023,35,2023-01,2025-11,12,4,200.0,4348.308374930672,1021,6471.753426828302,64.3,Watch
N08000317,CLIFTONVILLE,5657,365,2212.1770751786657,0.7056277056277056,137,False,365,10.428571428571429,-2.003417594720405,-66.66666666666666,-0.0412468328324789,35,2023-01,2025-11,3,9,-66.66666666666666,2212.1770751786657,508,3078.865627919897,54.4,Stable
N08000318,CLONARD,5999,955,5458.052532564952,0.9502164502164502,24,True,955,27.285714285714285,-3.8339723287214547,-56.55737704918033,-0.05187605964205992,35,2023-01,2025-11,17,26,-34.61538461538461,5458.052532564952,1235,7058.319243683471,69.6,Watch
N08000319,COLLIN GLEN,5656,476,2885.431400282885,0.7857142857142857,100,False,476,13.6,0.11786892975011765,6.666666666666653,0.010895447287826012,35,2023-01,2025-11,13,11,18.181818181818183,2885.431400282885,566,3430.9961608405733,82.8,Elevated
N08000320,CONNSWATER,5929,689,3984.290292268029,0.8722943722943723,60,True,689,19.685714285714287,-3.0359251138471923,-50.9433962264151,-0.022866289372892024,35,2023-01,2025-11,19,15,26.666666666666668,3984.290292268029,909,5256.4874828325665,71.1,Elevated
N08000321,CREGAGH,4587,285,2130.243856862562,0.6904761904761905,144,False,285,8.142857142857142,-0.5086839619213719,-23.333333333333332,-0.007877578762047656,35,2023-01,2025-11,8,5,60.0,2130.243856862562,379,2832.8506026347754,68.5,Watch
N08000322,DUNCAIRN,8338,1708,6747.764109241682,0.9718614718614719,14,True,1641,46.885714285714286,-3.1182537778843837,-37.681159420289845,-0.01575588258810361,35,2023-01,2025-11,34,34,0.0,6747.764109241682,2110,8676.284138025563,82.4,Elevated
N08000323,DUNMURRY,5207,371,2442.865373535625,0.7424242424242424,120,False,371,10.6,-1.7284424812752066,-60.0,-0.029748792161381557,35,2023-01,2025-11,4,5,-20.0,2442.865373535625,447,2943.290625257209,59.2,Watch
N08000324,FALLS,5179,913,6044.189446390643,0.9588744588744589,20,True,913,26.085714285714285,-7.594773765849263,-73.75,-0.11525753379165908,35,2023-01,2025-11,15,16,-6.25,6044.189446390643,1230,8142.774391084877,67.9,Watch
N08000325,FALLS PARK,4742,855,6181.840091582815,0.9632034632034632,18,True,855,24.428571428571427,-3.5849852382960776,-59.30232558139535,-0.03313851900945954,35,2023-01,2025-11,16,27,-40.74074074074074,6181.840091582815,990,7157.9201060432615,73.6,Elevated
N08000326,FINAGHY,4525,144,1091.0812943962114,0.36147186147186144,296,False,144,4.114285714285714,-0.7366482504604054,-43.478260869565226,-0.006128418218115968,35,2023-01,2025-11,0,2,-100.0,1091.0812943962114,211,1598.737174427782,46.2,Stable
N08000327,FORTH RIVER,4921,311,2166.806978837054,0.696969696969697,141,False,311,8.885714285714286,-1.9643703854230168,-49.15254237288135,-0.035576108110384946,35,2023-01,2025-11,5,4,25.0,2166.806978837054,599,4173.367782390339,54.5,Stable
N08000328,FORTWILLIAM,4717,408,2965.5652805960203,0.7965367965367965,95,False,408,11.657142857142857,-0.7066638400113066,-18.181818181818183,0.018349506433907068,35,2023-01,2025-11,13,2,550.0,2965.5652805960203,547,3975.8926678579,84.6,Elevated
N08000332,INNISFAYLE,5315,258,1664.2924338126595,0.5844155844155844,193,False,258,7.371428571428571,-0.06271558482282846,-4.761904761904761,0.010803945284604911,35,2023-01,2025-11,6,8,-25.0,1664.2924338126595,321,2070.689423464588,68.6,Watch
N08000333,KNOCK,5011,168,1149.471163440431,0.4025974025974026,277,False,168,4.8,-0.06652032195835833,-5.55555555555556,-0.00838491453256617,35,2023-01,2025-11,4,5,-20.0,1149.471163440431,195,1334.2076004219289,47.7,Stable
N08000334,LADYBROOK,4817,280,1992.9416649366826,0.6515151515151515,162,False,280,8.0,0.7611929970244271,42.3076923076923,0.034076325153270776,35,2023-01,2025-11,10,4,150.0,1992.9416649366826,316,2249.1770218571132,75.3,Elevated
N08000335,LAGMORE,8344,343,1409.3959731543625,0.5,232,False,343,9.8,-0.8788750399488654,-44.0,-0.017825922315234805,35,2023-01,2025-11,8,7,14.285714285714285,1409.3959731543625,467,1918.9152170935488,48.2,Stable
N08000336,LEGONIEL,6135,438,2447.782046804052,0.7445887445887446,119,False,438,12.514285714285714,-2.8253192067373005,-78.7878787878788,-0.06620415077196323,35,2023-01,2025-11,3,9,-66.66666666666666,2447.782046804052,656,3666.0845267202235,54.0,Stable
N08000337,MALONE,4811,175,1247.141966327167,0.44372294372294374,258,False,175,5.0,-0.20785699438786098,-13.636363636363628,0.0054729852864030554,35,2023-01,2025-11,9,8,12.5,1247.141966327167,224,1596.3417168987737,57.5,Watch
N08000338,MEROK,4438,281,2170.8620356660017,0.6991341991341992,140,False,281,8.028571428571428,-2.1781583295778875,-72.5,-0.042414442117541,35,2023-01,2025-11,3,6,-50.0,2170.8620356660017,335,2588.0383699221015,53.5,Stable
N08000339,MUSGRAVE,4836,190,1347.040056717476,0.47835497835497837,242,False,190,5.428571428571429,-0.9649848359525782,-60.86956521739132,-0.01685537738668667,35,2023-01,2025-11,5,11,-54.54545454545454,1347.040056717476,243,1722.7933356965614,47.3,Stable
N08000340,NEW LODGE,4881,1203,8920.888576696812,0.9891774891774892,6,True,1270,36.285714285714285,-2.117052516560813,-21.232876712328757,0.001032988487343394,35,2023-01,2025-11,25,32,-21.875,8920.888576696812,1616,11351.303889718149,93.7,High
N08000341,ORANGEFIELD,4756,277,1996.8761263967322,0.6536796536796536,161,False,277,7.914285714285715,-0.9812167087188111,-34.14634146341463,-0.029094901206908323,35,2023-01,2025-11,12,6,100.0,1996.8761263967322,312,2249.1889943529977,53.2,Stable
N08000342,ORMEAU,6532,747,3920.9168051788993,0.8679653679653679,62,True,747,21.34285714285714,-2.4494794856093085,-48.9795918367347,-0.05017316173254357,35,2023-01,2025-11,13,16,-18.75,3920.9168051788993,926,4860.467150730469,64.1,Watch
N08000344,RAVENHILL,4823,263,1869.6128669174493,0.6320346320346321,171,False,263,7.514285714285714,-1.4513788098693758,-50.0,-0.02369598056929594,35,2023-01,2025-11,6,2,200.0,1869.6128669174493,338,2402.7724297266072,53.9,Stable
N08000345,ROSETTA,5793,340,2012.2808315454608,0.6666666666666666,155,False,340,9.714285714285714,-0.460325680418896,-23.529411764705866,0.01943812221936937,35,2023-01,2025-11,5,4,25.0,2012.2808315454608,461,2728.416068654287,75.6,Elevated
N08000346,SANDOWN,4470,194,1488.0153403643335,0.5238095238095238,221,False,194,5.542857142857143,0.14914243102162572,16.666666666666675,-0.002569260366338919,35,2023-01,2025-11,3,7,-57.14285714285714,1488.0153403643335,212,1626.0786193672097,59.8,Watch
N08000348,SHANKILL,6445,709,3787.65377368946,0.8636363636363636,64,True,712,20.34285714285714,-0.3103180760279285,-7.692307692307689,0.02785908777785747,35,2023-01,2025-11,22,21,4.761904761904762,3787.65377368946,878,4670.730355757508,89.9,High
N08000349,SHAW'S ROAD,5480,354,2214.8070907194997,0.7077922077922078,136,False,354,10.114285714285714,-3.2846715328467155,-69.23076923076923,-0.053006604101494596,35,2023-01,2025-11,5,6,-16.666666666666664,2214.8070907194997,660,4129.301355578727,52.3,Stable
N08000352,STRANMILLIS,8978,267,1019.63529898482,0.33116883116883117,310,False,267,7.628571428571429,-1.1138338159946535,-62.5,-0.009359948033568525,35,2023-01,2025-11,10,8,25.0,1019.63529898482,366,1397.7023199567197,42.1,Stable
N08000353,SYDENHAM,5589,493,3024.307951844183,0.8051948051948052,91,True,493,14.085714285714285,-3.041689032027196,-65.38461538461539,-0.04124748843892541,35,2023-01,2025-11,11,9,22.22222222222222,3024.307951844183,659,4042.6347672724487,61.3,Watch
N08000354,TURF LODGE,4569,196,1470.781352593565,0.5151515151515151,225,False,196,5.6,-0.6565988181221278,-34.615384615384635,-0.024645445834275925,35,2023-01,2025-11,12,2,500.0,1470.781352593565,281,2108.620204483632,45.2,Stable
N08000355,TWINBROOK,4917,591,4120.97969144949,0.8852813852813853,54,True,591,16.885714285714286,-2.576096535828079,-47.49999999999999,-0.05184095195938859,35,2023-01,2025-11,12,12,0.0,4120.97969144949,859,5989.714983003574,65.2,Watch
N08000356,UPPER MALONE,4974,177,1220.058590384284,0.43506493506493504,262,False,177,5.057142857142857,-0.7371665996515212,-52.38095238095239,-0.005575209577196369,35,2023-01,2025-11,3,6,-50.0,1220.058590384284,253,1743.9255557470276,51.7,Stable
N08000357,WATER WORKS,6910,992,4922.059127558404,0.9329004329004329,32,True,992,28.34285714285714,-5.547515677761698,-66.47398843930637,-0.09870807946912476,35,2023-01,2025-11,14,17,-17.647058823529413,4922.059127558404,1512,7502.170767004343,66.3,Watch
N08000358,WINDSOR,11302,1437,4359.2790150921455,0.9004329004329005,47,True,1437,41.05714285714286,-2.005544741343715,-35.97883597883598,-0.011475126238780812,35,2023-01,2025-11,37,37,0.0,4359.2790150921455,1767,5360.366054048588,80.4,Elevated
N08000359,WOODSTOCK,6431,880,4691.560965857343,0.922077922077922,37,True,880,25.142857142857142,-1.9177940185559526,-37.75510204081632,-0.04159648620760697,35,2023-01,2025-11,16,19,-15.789473684210526,4691.560965857343,1073,5720.5055867783285,69.3,Watch
N08000360,WOODVALE,5170,662,4370.268029842498,0.9025974025974026,46,True,659,18.82857142857143,-1.6118633139909733,-28.089887640449433,0.014303593777936684,35,2023-01,2025-11,17,15,13.333333333333334,4370.268029842498,1018,6751.036197844708,91.6,High
N08000401,AGHADOWEY,3453,60,595.7552438873029,0.12987012987012986,403,False,60,1.7142857142857142,-0.2896032435563279,-42.85714285714286,0.0010545776376000688,35,2023-01,2025-11,3,2,50.0,595.7552438873029,100,992.9254064788383,33.6,Stable
N08000402,ALTAHULLION,3191,87,934.7719031203832,0.2748917748917749,336,False,87,2.4857142857142858,0.10446046171524104,11.11111111111114,0.010446046171524078,35,2023-01,2025-11,3,2,50.0,934.7719031203832,109,1171.151005058871,46.8,Stable
N08000403,ATLANTIC,4536,201,1519.2743764172335,0.5367965367965368,215,False,201,5.742857142857143,-1.3962375073486184,-76.0,-0.032729141039131694,35,2023-01,2025-11,4,2,100.0,1519.2743764172335,255,1927.437641723356,43.8,Stable
N08000404,BALLYCASTLE,3397,301,3037.9746835443034,0.8073593073593074,90,True,301,8.6,-2.747522323618879,-57.14285714285714,-0.06761609559926415,35,2023-01,2025-11,5,3,66.66666666666666,3037.9746835443034,381,3845.4098153833215,58.3,Watch
N08000405,BALLYKELLY,3103,148,1635.2838267114776,0.5757575757575758,197,False,148,4.228571428571429,-1.1816521645719196,-61.11111111111111,-0.01245744833544115,35,2023-01,2025-11,2,3,-33.33333333333333,1635.2838267114776,188,2077.2524285253903,56.8,Watch
N08000406,BALLYMONEY EAST,3111,221,2435.5971896955502,0.7380952380952381,122,False,221,6.314285714285714,-1.821493624772313,-49.99999999999999,-0.03556549588655779,35,2023-01,2025-11,4,8,-50.0,2435.5971896955502,333,3669.9269871883184,57.4,Watch
N08000407,BALLYMONEY NORTH,3401,271,2731.9695887764105,0.7792207792207793,103,False,271,7.742857142857143,-1.7641870038224055,-54.545454545454554,-0.03607441212297912,35,2023-01,2025-11,2,10,-80.0,2731.9695887764105,325,3276.3472928130386,60.2,Watch
N08000408,BALLYMONEY SOUTH,3386,56,567.0407560543415,0.11255411255411256,411,False,56,1.6,-0.2953337271116361,-33.33333333333333,-0.01323624547279041,35,2023-01,2025-11,0,0,,567.0407560543415,101,1022.6985064551515,23.8,Stable
N08000409,CASTLEROCK,3391,164,1658.170788220921,0.5822510822510822,194,False,164,4.685714285714286,-0.6880959402339525,-41.17647058823529,0.02098155688108328,35,2023-01,2025-11,4,1,300.0,1658.170788220921,182,1840.1651430256566,70.0,Elevated
N08000410,CHURCHLAND,3643,389,3661.032900670562,0.8571428571428571,67,True,389,11.114285714285714,-1.9214932747735385,-40.38461538461539,0.019760855206754687,35,2023-01,2025-11,6,13,-53.84615384615385,3661.032900670562,497,4677.463628877299,89.0,High
N08000411,CLOGH MILLS,3645,113,1062.9041740152852,0.341991341991342,305,False,113,3.2285714285714286,-1.0973936899862824,-66.66666666666666,-0.029970836071053934,35,2023-01,2025-11,0,1,-100.0,1062.9041740152852,140,1316.872427983539,31.0,Stable
N08000412,COOLESSAN,2920,371,4356.164383561643,0.8982683982683982,48,True,371,10.6,-3.881278538812785,-61.81818181818181,-0.11607382679099028,35,2023-01,2025-11,7,6,16.666666666666664,4356.164383561643,614,7209.393346379648,63.6,Watch
N08000413,DERVOCK,3449,114,1133.2477322619393,0.38961038961038963,283,False,114,3.257142857142857,-0.483231854643858,-35.71428571428571,-0.015106071422480239,35,2023-01,2025-11,1,2,-50.0,1133.2477322619393,163,1620.3454417429482,42.1,Stable
N08000414,DRUMSURN,3663,42,393.1203931203931,0.02813852813852814,450,False,42,1.2,-0.18200018200018203,-33.333333333333336,-0.002752943929414514,35,2023-01,2025-11,1,1,0.0,393.1203931203931,60,561.6005616005616,25.1,Stable
N08000415,DUNDOOAN,3910,533,4673.730361709901,0.9199134199134199,38,True,533,15.228571428571428,0.0,0.0,0.010387786828286272,35,2023-01,2025-11,9,7,28.57142857142857,4673.730361709901,668,5857.508220679575,91.9,High
N08000416,DUNGIVEN,3297,47,488.7560119589237,0.06493506493506493,433,False,47,1.3428571428571427,-0.10110201193003743,-16.666666666666668,-0.0028886289122867764,35,2023-01,2025-11,1,3,-66.66666666666666,488.7560119589237,173,1799.0380865722084,27.5,Stable
N08000417,DUNLOY,3625,61,576.9458128078818,0.11904761904761904,408,False,61,1.7428571428571429,-0.6436781609195401,-77.77777777777779,-0.008036317975466048,35,2023-01,2025-11,0,0,,576.9458128078818,173,1636.256157635468,28.2,Stable
N08000418,FEENY,3611,101,958.9745618546505,0.2857142857142857,331,False,101,2.8857142857142857,-1.0154158589495061,-61.11111111111111,-0.026064150390147735,35,2023-01,2025-11,0,2,-100.0,958.9745618546505,150,1424.219646318788,28.7,Stable
N08000419,GARVAGH,3514,112,1092.771770062607,0.36363636363636365,295,False,112,3.2,-0.9485866059571239,-58.82352941176471,0.01331209774746551,35,2023-01,2025-11,1,3,-66.66666666666666,1092.771770062607,175,1707.455890722823,53.7,Stable
N08000420,GIANT'S CAUSEWAY,3382,106,1074.5966038692236,0.3484848484848485,302,False,106,3.0285714285714285,-1.0841711019120837,-64.70588235294117,-0.00786831586567211,35,2023-01,2025-11,2,4,-50.0,1074.5966038692236,151,1530.7932753231394,44.6,Stable
N08000421,GREYSTEEL,4642,149,1100.510863544039,0.37012987012987014,292,False,149,4.257142857142857,-0.6462731581214993,-50.0,-0.007904928451346077,35,2023-01,2025-11,2,4,-50.0,1100.510863544039,230,1698.7751584907985,46.0,Stable
N08000422,GREYSTONE,3486,101,993.3611999016474,0.30952380952380953,320,False,101,2.8857142857142857,-0.956205775482884,-58.82352941176471,-0.010767359152496336,35,2023-01,2025-11,5,3,66.66666666666666,993.3611999016474,137,1347.4305384804525,39.5,Stable
N08000423,HOPEFIELD,3588,151,1442.9049211657907,0.5064935064935064,229,False,151,4.314285714285714,-0.8361204013377925,-60.0,-0.016706794200400332,35,2023-01,2025-11,2,3,-33.33333333333333,1442.9049211657907,205,1958.9106545628283,49.4,Stable
N08000424,KILREA,3751,225,2056.5944319610007,0.6731601731601732,152,False,225,6.428571428571429,-3.0214165111525815,-80.95238095238095,-0.04786772080199714,35,2023-01,2025-11,2,4,-50.0,2056.5944319610007,319,2915.793883535819,50.9,Stable
N08000425,KINBANE,4041,216,1832.6439707286036,0.6190476190476191,177,False,216,6.171428571428572,-2.062195826115648,-65.78947368421052,-0.037985993704584,35,2023-01,2025-11,2,6,-66.66666666666666,1832.6439707286036,283,2401.102980167568,48.7,Stable
N08000426,LOUGHGUILE and STRANOCUM,3678,67,624.563038918667,0.14935064935064934,394,False,67,1.9142857142857144,0.6344027551205365,175.0,0.007235085442551133,35,2023-01,2025-11,3,2,50.0,624.563038918667,112,1044.045676998369,37.4,Stable
N08000427,LURIGETHAN,2764,56,694.645441389291,0.18181818181818182,379,False,56,1.6,-0.8441871683550412,-77.77777777777779,-0.003952376898661051,35,2023-01,2025-11,0,1,-100.0,694.645441389291,78,967.5418647922266,35.0,Stable
N08000428,MACOSQUIN,3431,154,1538.9099387933547,0.5432900432900433,212,False,154,4.4,-0.6800738365879726,-26.923076923076927,-0.011756378447619212,35,2023-01,2025-11,8,4,100.0,1538.9099387933547,203,2028.5631011366947,55.0,Watch
N08000429,MAGILLIGAN,3481,92,906.1435548077318,0.2683982683982684,339,False,92,2.6285714285714286,-0.9575792396820836,-76.92307692307692,-0.017864083294909443,35,2023-01,2025-11,1,1,0.0,906.1435548077318,128,1260.7214675585833,31.8,Stable
N08000430,MOUNTSANDEL,3808,1015,9138.655462184874,0.9913419913419913,5,True,1015,29.0,-5.1645658263305325,-48.760330578512395,-0.04979933149730481,35,2023-01,2025-11,15,43,-65.11627906976744,9138.655462184874,1252,11272.50900360144,72.8,Elevated
N08000431,PORTRUSH and DUNLUCE,2759,248,3081.861958266453,0.8181818181818182,85,True,248,7.085714285714285,-1.3289839313761023,-50.0,0.02781830383476332,35,2023-01,2025-11,2,1,100.0,3081.861958266453,333,4138.145290736809,86.7,High
N08000432,PORTSTEWART,2915,288,3387.405047782406,0.8441558441558441,73,True,288,8.228571428571428,-2.172670097198399,-48.717948717948715,-0.06515127491820052,35,2023-01,2025-11,9,3,200.0,3387.405047782406,405,4763.538348444009,61.1,Watch
N08000433,QUARRY,4457,297,2284.688611814481,0.7164502164502164,132,False,297,8.485714285714286,-0.3739436093037174,-15.625000000000014,0.009301454483521028,35,2023-01,2025-11,6,10,-40.0,2284.688611814481,378,2907.785505945704,77.4,Elevated
N08000434,RASHARKIN,3906,81,710.9940750493746,0.19264069264069264,374,False,81,2.3142857142857145,-1.109404335210787,-86.66666666666667,-0.015776920087031222,35,2023-01,2025-11,1,0,,710.9940750493746,130,1141.101601931095,27.8,Stable
N08000435,ROESIDE,2654,477,6162.127247281731,0.961038961038961,19,True,477,13.628571428571428,-4.270283848279327,-46.57534246575342,-0.05213841376791855,35,2023-01,2025-11,17,12,41.66666666666667,6162.127247281731,670,8655.398858865325,70.3,Elevated
N08000436,ROUTE,3448,68,676.1683791846204,0.17965367965367965,380,False,68,1.9428571428571428,-0.580046403712297,-54.54545454545454,0.0025996477477301786,35,2023-01,2025-11,2,1,100.0,676.1683791846204,86,855.1541266158437,38.1,Stable
N08000438,UNIVERSITY,3654,319,2993.1972789115644,0.8008658008658008,93,True,319,9.114285714285714,-3.6489691662105446,-64.51612903225805,-0.0775789242900225,35,2023-01,2025-11,5,7,-28.57142857142857,2993.1972789115644,436,4091.0157166314807,57.6,Watch
N08000439,WATERSIDE,4305,341,2715.778994524639,0.7748917748917749,105,False,341,9.742857142857142,-2.7100271002710024,-62.5,-0.03617707245499825,35,2023-01,2025-11,4,8,-50.0,2715.778994524639,512,4077.6505724240915,59.8,Watch
N08000440,WINDY HALL,3754,118,1077.7075880965065,0.35064935064935066,301,False,118,3.3714285714285714,-1.1543242763274728,-59.09090909090909,-0.017908068928157307,35,2023-01,2025-11,3,0,,1077.7075880965065,158,1443.0321942309156,37.5,Stable
N08000501,ARTIGARVAN,3639,63,593.5696619950536,0.12554112554112554,405,False,63,1.8,-0.9160025648071815,-83.33333333333334,-0.018012151274359706,35,2023-01,2025-11,1,0,,593.5696619950536,108,1017.5479919915206,21.6,Stable
N08000502,BALLYCOLMAN,3530,138,1340.34803723189,0.4696969696969697,246,False,138,3.942857142857143,-1.3220018885741267,-70.0,-0.014124630021980453,35,2023-01,2025-11,2,1,100.0,1340.34803723189,183,1777.4180493727238,48.3,Stable
N08000503,BALLYMAGROARTY,3984,218,1876.0757314974185,0.6363636363636364,169,False,218,6.228571428571429,-1.5060240963855422,-51.42857142857144,-0.010757314974182457,35,2023-01,2025-11,6,7,-14.285714285714285,1876.0757314974185,380,3270.2237521514626,62.5,Watch
N08000504,BRANDYWELL,3185,153,1636.2413097106974,0.577922077922078,196,False,152,4.3428571428571425,-2.4071166928309786,-79.31034482758619,-0.021810922171066213,35,2023-01,2025-11,4,2,100.0,1636.2413097106974,278,2992.599237497197,51.4,Stable
N08000505,CARN HILL,2851,182,2188.705717292178,0.7034632034632035,138,False,182,5.2,-1.2860984449900623,-40.74074074074075,-0.039201931210926994,35,2023-01,2025-11,5,4,25.0,2188.705717292178,200,2405.1711179034924,54.5,Stable
N08000506,CASTLEDERG,3443,163,1623.1691631052654,0.5735930735930735,198,False,163,4.6571428571428575,-0.9681479330041627,-41.66666666666666,-0.020746027135803473,35,2023-01,2025-11,6,5,20.0,1623.1691631052654,266,2648.85274469939,51.5,Stable
N08000507,CAW,4334,294,2325.796031379788,0.7207792207792207,130,False,294,8.4,-1.3844023996308263,-46.15384615384617,-0.012279946588695464,35,2023-01,2025-11,1,1,0.0,2325.796031379788,429,3393.7635968092823,67.2,Watch
N08000508,CITY WALLS,3242,1669,17650.480303163833,0.9978354978354979,2,True,1669,47.68571428571428,-7.711289327575569,-35.88516746411482,-0.19466145495829412,35,2023-01,2025-11,51,42,21.428571428571427,17650.480303163833,2202,23287.212479069356,69.9,Watch
N08000509,CLAUDY,3500,111,1087.3469387755104,0.35714285714285715,298,False,111,3.1714285714285713,-1.238095238095238,-76.47058823529412,-0.02424969987995198,35,2023-01,2025-11,2,1,100.0,1087.3469387755104,192,1880.816326530612,34.4,Stable
N08000510,CLONDERMOT,3848,205,1826.5518265518265,0.6147186147186147,179,False,205,5.857142857142857,-0.5197505197505199,-28.571428571428577,0.001310295427942489,35,2023-01,2025-11,5,3,66.66666666666666,1826.5518265518265,259,2307.6923076923076,67.9,Watch
N08000511,CREGGAN,3476,95,937.0376458984053,0.27705627705627706,335,False,95,2.7142857142857144,-1.1507479861910244,-54.545454545454554,-0.012490611894930555,35,2023-01,2025-11,4,2,100.0,937.0376458984053,203,2002.301495972382,35.8,Stable
N08000512,CREGGAN SOUTH,3849,183,1639.0156998107118,0.5800865800865801,195,False,184,5.257142857142857,-2.3382696804364764,-74.99999999999999,-0.04439291954765796,35,2023-01,2025-11,1,4,-75.0,1639.0156998107118,296,2636.6774301302753,44.8,Stable
N08000514,DRUMAHOE,4497,203,1547.6984656437623,0.5497835497835498,209,False,203,5.8,-1.482469794677933,-74.07407407407408,0.0020555253455618464,35,2023-01,2025-11,0,6,-100.0,1547.6984656437623,284,2165.2530258267416,63.7,Watch
N08000515,DUNNAMANAGH,3513,59,575.8204221056484,0.11688311688311688,409,False,59,1.6857142857142857,-0.6641996394344815,-77.77777777777777,-0.011641434256594752,35,2023-01,2025-11,1,1,0.0,575.8204221056484,95,927.1684762718066,25.3,Stable
N08000516,EBRINGTON,4021,516,4399.7584111983515,0.9047619047619048,45,True,516,14.742857142857142,-5.305479565613862,-73.56321839080461,-0.11006640905553959,35,2023-01,2025-11,10,13,-23.076923076923077,4399.7584111983515,754,6429.104345045654,64.2,Watch
N08000517,EGLINTON,3910,137,1201.3153087321884,0.4264069264069264,266,False,137,3.914285714285714,-0.7672634271099744,-50.0,-0.019772614928324272,35,2023-01,2025-11,1,1,0.0,1201.3153087321884,191,1674.8264523200585,41.7,Stable
N08000518,ENAGH,4393,421,3285.746804981952,0.8311688311688312,79,True,421,12.028571428571428,-1.9728355717429236,-45.61403508771929,-0.0160683440232455,35,2023-01,2025-11,8,6,33.33333333333333,3285.746804981952,497,3878.898247211472,72.4,Elevated
N08000519,FINN,4321,36,285.64816345422685,0.012987012987012988,457,False,36,1.0285714285714285,-0.0771426367353236,-24.999999999999993,-0.005510188338237399,35,2023-01,2025-11,0,0,,285.64816345422685,45,357.06020431778364,22.2,Stable
N08000520,FOYLE SPRINGS,3043,87,980.2356696868691,0.29653679653679654,326,False,87,2.4857142857142858,-0.43816409245262355,-33.33333333333333,0.004142307596715973,35,2023-01,2025-11,3,2,50.0,980.2356696868691,114,1284.4467395896907,46.8,Stable
N08000521,GALLIAGH,3749,255,2332.0504515489843,0.7229437229437229,129,False,255,7.285714285714286,-3.8232417533564504,-62.31884057971014,-0.0697104662083558,35,2023-01,2025-11,10,6,66.66666666666666,2332.0504515489843,416,3804.443089585795,52.4,Stable
N08000522,GLENDERG,3200,62,664.2857142857142,0.1645021645021645,387,False,62,1.7714285714285714,-1.0416666666666667,-62.5,-0.022846638655462173,35,2023-01,2025-11,4,0,,664.2857142857142,143,1532.142857142857,21.6,Stable
N08000523,GLENELLY VALLEY,3403,51,513.8323328155828,0.07792207792207792,427,False,51,1.457142857142857,-0.8815750808110491,-81.81818181818181,-0.009301399078585305,35,2023-01,2025-11,0,1,-100.0,513.8323328155828,87,876.5375089207001,24.4,Stable
N08000524,KILFENNAN,4735,562,4069.3920651682,0.8766233766233766,58,True,562,16.057142857142857,-2.041534670890532,-52.727272727272734,-0.06465944350284988,35,2023-01,2025-11,6,11,-45.45454545454545,4069.3920651682,643,4655.905868155076,63.4,Watch
N08000525,LISNAGELVIN,3166,283,3064.705351502572,0.8116883116883117,88,True,283,8.085714285714285,-2.421562434196673,-53.48837209302325,-0.030435421167835416,35,2023-01,2025-11,3,6,-50.0,3064.705351502572,359,3887.735763920224,63.6,Watch
N08000526,MADAM'S BANK,2865,273,3267.0157068062827,0.8268398268398268,81,True,273,7.8,-0.46538685282140735,-12.499999999999988,0.006746153958965779,35,2023-01,2025-11,10,12,-16.666666666666664,3267.0157068062827,327,3913.2385938668667,84.7,Elevated
N08000527,NEW BUILDINGS,3831,88,787.5601297684303,0.23160173160173161,356,False,88,2.5142857142857142,-0.17401896806751949,-20.00000000000001,-0.009432120538113448,35,2023-01,2025-11,3,1,200.0,787.5601297684303,115,1029.1978968564717,35.0,Stable
N08000528,NEWTOWNSTEWART,3102,122,1348.438795247306,0.4805194805194805,241,False,122,3.4857142857142858,-1.289490651192779,-54.545454545454554,-0.021852712716292192,35,2023-01,2025-11,6,1,500.0,1348.438795247306,185,2044.7637468914065,44.5,Stable
N08000529,NORTHLAND,4844,1069,7566.356022177657,0.9826839826839827,9,True,1069,30.542857142857144,-8.808147536471239,-68.81720430107528,-0.14179082037439242,35,2023-01,2025-11,15,19,-21.052631578947366,7566.356022177657,1464,10362.156423262946,69.0,Watch
N08000530,PARK,3531,81,786.5032164097586,0.22943722943722944,357,False,81,2.3142857142857145,-1.227225526290947,-92.85714285714286,-0.03871273799805959,35,2023-01,2025-11,0,1,-100.0,786.5032164097586,121,1174.8998664886515,21.4,Stable
N08000531,SHANTALLOW,3667,125,1168.724921111068,0.4155844155844156,271,False,125,3.5714285714285716,-1.3635124079629128,-68.1818181818182,-0.028263282405953917,35,2023-01,2025-11,3,4,-25.0,1168.724921111068,278,2599.2442245510147,36.8,Stable
N08000533,SHERIFF'S MOUNTAIN,3337,48,493.171796737874,0.06926406926406926,431,False,48,1.3714285714285714,-0.4994506043352313,-50.0,0.0028540034533441807,35,2023-01,2025-11,1,2,-50.0,493.171796737874,75,770.5809324029283,30.5,Stable
N08000534,SION MILLS,3732,161,1479.0996784565914,0.5194805194805194,223,False,161,4.6,-0.0893176134333693,-5.55555555555557,-0.010507954521572825,35,2023-01,2025-11,6,6,0.0,1479.0996784565914,188,1727.1474506201193,54.5,Stable
N08000536,SLIEVEKIRK,3576,75,719.0795781399809,0.19913419913419914,371,False,75,2.142857142857143,-1.3049962714392245,-87.5,-0.031802430144317224,35,2023-01,2025-11,1,1,0.0,719.0795781399809,111,1064.2377756471717,20.4,Stable
N08000538,STRABANE NORTH,4006,481,4116.682119677626,0.8831168831168831,55,True,481,13.742857142857142,-1.7473789316025958,-36.206896551724135,-0.05454003868147357,35,2023-01,2025-11,11,13,-15.384615384615385,4116.682119677626,589,5041.009913700877,64.5,Watch
N08000540,VICTORIA,4468,354,2716.4599053587413,0.7770562770562771,104,False,354,10.114285714285714,-1.9397194867203817,-55.3191489361702,-0.04833625482422154,35,2023-01,2025-11,7,4,75.0,2716.4599053587413,489,3752.398004859956,58.0,Watch
N08000602,BELCOO and GARRISON,2644,21,272.3146747352496,0.008658008658008658,459,False,21,0.6,-0.12607160867372674,-25.00000000000001,-0.0030723333206202266,35,2023-01,2025-11,1,3,-66.66666666666666,272.3146747352496,30,389.02096390749944,23.5,Stable
N08000605,BOHO CLEENISH and LETTERBREEN,3466,58,573.736707608606,0.11471861471861472,410,False,58,1.6571428571428573,-0.7693787266782073,-66.66666666666666,-0.012445832343323941,35,2023-01,2025-11,1,3,-66.66666666666666,573.736707608606,80,791.3609760118704,24.6,Stable
N08000609,COOLNAGARD,3410,199,2000.8378718056135,0.6601731601731602,158,False,199,5.685714285714286,0.39100684261974594,19.04761904761905,0.007228697930785234,35,2023-01,2025-11,13,2,550.0,2000.8378718056135,226,2272.308336824466,73.1,Elevated
N08000611,DERRYGONNELLY,2898,92,1088.43537414966,0.3593073593073593,297,False,92,2.6285714285714286,-2.5304807913503566,-95.65217391304348,-0.04861848120890866,35,2023-01,2025-11,1,2,-50.0,1088.43537414966,146,1727.2996154983737,28.7,Stable
N08000612,DERRYLIN,2794,37,454.03415482155646,0.049783549783549784,440,False,37,1.0571428571428572,0.1193032689095681,19.999999999999996,0.0034086648259876633,35,2023-01,2025-11,2,2,0.0,454.03415482155646,46,564.4748951835566,29.3,Stable
N08000621,FLORENCE COURT and KINAWLEY,2883,34,404.3407165155344,0.032467532467532464,448,False,34,0.9714285714285714,-0.693721817551162,-75.0,-0.01914050392963289,35,2023-01,2025-11,1,1,0.0,404.3407165155344,43,511.37208265199945,14.6,Stable
N08000623,GORTRUSH,3217,293,3122.6963897153514,0.8203463203463204,84,True,293,8.371428571428572,-0.8289296445964149,-18.181818181818183,-0.01950422693168035,35,2023-01,2025-11,14,7,100.0,3122.6963897153514,401,4273.724410497802,69.4,Watch
N08000625,KILLYCLOGHER,3051,137,1539.5420705155218,0.5454545454545454,211,False,137,3.914285714285714,-1.0925379656943077,-66.66666666666666,-0.018912842095212375,35,2023-01,2025-11,3,4,-25.0,1539.5420705155218,245,2753.195673549656,50.6,Stable
N08000629,MAGUIRESBRIDGE,3299,69,717.100420040705,0.19696969696969696,372,False,69,1.9714285714285715,-0.6062443164595331,-54.54545454545454,-0.008490816757136305,35,2023-01,2025-11,5,4,25.0,717.100420040705,114,1184.7746070237736,33.1,Stable
N08000634,ROSSLEA,2331,59,867.8065820922964,0.2532467532467532,346,False,59,1.6857142857142857,0.14300014300014297,19.999999999999993,0.010935305052952106,35,2023-01,2025-11,3,1,200.0,867.8065820922964,63,926.6409266409268,45.6,Stable
N08000635,ROSSORRY,2543,183,2467.277119262963,0.7467532467532467,118,False,183,5.228571428571429,-1.4418665618036441,-55.00000000000001,-0.04350934239208855,35,2023-01,2025-11,2,8,-75.0,2467.277119262963,192,2588.6186169316325,56.6,Watch
N08000637,STRULE,2971,408,4708.371399721113,0.9264069264069265,35,True,408,11.657142857142857,0.44878267698866914,8.69565217391306,-0.00801397637479766,35,2023-01,2025-11,19,10,90.0,4708.371399721113,624,7201.038611338175,84.8,Elevated
N08000701,BALLINDERRY,3921,128,1119.248005246475,0.37662337662337664,289,False,128,3.657142857142857,-0.34004930714953685,-28.57142857142858,-0.019288511119826636,35,2023-01,2025-11,1,1,0.0,1119.248005246475,168,1469.0130068859983,38.4,Stable
N08000704,BALLYMACBRENNAN,3081,31,344.9714842119905,0.021645021645021644,453,False,31,0.8857142857142857,0.0,0.0,-0.004818545399334676,35,2023-01,2025-11,0,1,-100.0,344.9714842119905,49,545.2775073028237,23.1,Stable
N08000705,BALLYMACOSS,5975,320,1836.2223550508068,0.6233766233766234,175,False,320,9.142857142857142,-0.8368200836820082,-55.55555555555555,-0.012704663455340265,35,2023-01,2025-11,9,6,50.0,1836.2223550508068,356,2042.7973699940226,60.0,Watch
N08000706,BEECHILL,3384,116,1175.2786220871328,0.41774891774891776,270,False,116,3.3142857142857145,-1.3790386130811667,-58.33333333333335,-0.018045043076332177,35,2023-01,2025-11,2,3,-33.33333333333333,1175.2786220871328,178,1803.4447821681863,42.0,Stable
N08000707,BLARIS,3415,243,2439.6569755281325,0.7402597402597403,121,False,243,6.942857142857143,-1.5617374328940947,-48.484848484848484,-0.027642096370026792,35,2023-01,2025-11,3,4,-25.0,2439.6569755281325,297,2981.802970089939,59.7,Watch
N08000708,CAIRNSHILL,3513,42,409.90606319385137,0.03896103896103896,445,False,42,1.2,-0.09488566277635446,-19.999999999999993,-0.003428641596120369,35,2023-01,2025-11,1,1,0.0,409.90606319385137,78,761.2541173600098,25.3,Stable
N08000709,CARROWREAGH,6124,146,817.3929271251284,0.23376623376623376,355,False,146,4.171428571428572,-0.27215327672545164,-33.33333333333332,-0.004162344232271608,35,2023-01,2025-11,3,4,-25.0,817.3929271251284,200,1119.7163385275728,38.2,Stable
N08000710,CARRYDUFF EAST,3823,122,1094.129516834199,0.3658008658008658,294,False,122,3.4857142857142858,0.0,0.0,-0.010477641226514138,35,2023-01,2025-11,5,3,66.66666666666666,1094.129516834199,162,1452.860505960166,43.9,Stable
N08000711,CARRYDUFF WEST,3351,121,1238.0099757002174,0.4393939393939394,260,False,121,3.4571428571428573,0.19894558838157772,25.000000000000018,0.0008359058335360376,35,2023-01,2025-11,2,3,-33.33333333333333,1238.0099757002174,121,1238.0099757002174,55.0,Watch
N08000712,DERRYAGHY,4627,299,2215.5670134922348,0.70995670995671,135,False,299,8.542857142857143,0.3602045962106475,19.99999999999999,0.020522581195867168,35,2023-01,2025-11,11,7,57.14285714285714,2215.5670134922348,366,2712.0318626694248,78.9,Elevated
N08000713,DROMARA,3460,74,723.3691164327004,0.2012987012987013,370,False,73,2.085714285714286,0.09633911368015424,12.500000000000014,-0.008176681077055093,35,2023-01,2025-11,3,2,50.0,723.3691164327004,109,1080.0990916597852,33.8,Stable
N08000714,DRUMBO,3039,99,1116.9087575800309,0.37445887445887444,290,False,99,2.8285714285714287,-1.2065372381265766,-100.0,-0.010415485707280592,35,2023-01,2025-11,0,4,-100.0,1116.9087575800309,126,1421.5202369200395,44.5,Stable
N08000715,DUNDONALD,3105,305,3367.8398895790197,0.841991341991342,74,True,305,8.714285714285714,-1.0735373054213633,-27.027027027027025,-0.022643517954685884,35,2023-01,2025-11,8,12,-33.33333333333333,3367.8398895790197,413,4560.386473429952,69.2,Watch
N08000717,GALWALLY,3040,108,1218.045112781955,0.4329004329004329,263,False,108,3.085714285714286,-1.0964912280701755,-58.82352941176471,-0.017230576441102756,35,2023-01,2025-11,1,1,0.0,1218.045112781955,153,1725.563909774436,43.8,Stable
N08000718,GLENAVY,4079,121,1017.056001120723,0.3268398268398268,312,False,121,3.4571428571428573,-0.5720356296477895,-35.0,-0.0039829611668153395,35,2023-01,2025-11,2,4,-50.0,1017.056001120723,224,1882.8144152978673,45.1,Stable
N08000719,GRAHAM'S BRIDGE,3312,255,2639.7515527950313,0.7597402597402597,112,False,255,7.285714285714286,-3.421900161030596,-66.66666666666666,-0.0331533579615421,35,2023-01,2025-11,4,8,-50.0,2639.7515527950313,286,2960.662525879917,59.3,Watch
N08000720,HARMONY HILL,3022,107,1213.9548076013991,0.42857142857142855,265,False,107,3.057142857142857,-3.4193690712552396,-93.93939393939394,-0.04940427527728497,35,2023-01,2025-11,1,4,-75.0,1213.9548076013991,206,2337.146638933535,33.4,Stable
N08000721,HILDEN,3902,1164,10227.72204730175,0.9935064935064936,4,True,1164,33.25714285714286,-5.211002904493421,-43.26241134751773,-0.13223126257166107,35,2023-01,2025-11,27,24,12.5,10227.72204730175,1474,12951.599912132971,70.0,Elevated
N08000722,HILLHALL,4065,167,1408.539799683711,0.49783549783549785,233,False,167,4.771428571428571,-1.066010660106601,-56.52173913043478,-0.031559979465340844,35,2023-01,2025-11,4,2,100.0,1408.539799683711,239,2015.8144438587242,41.4,Stable
N08000723,HILLSBOROUGH,3312,129,1345.7556935817804,0.47619047619047616,243,False,130,3.7142857142857144,-0.8051529790660226,-50.0,-0.027063965682891492,35,2023-01,2025-11,2,8,-75.0,1345.7556935817804,179,1853.0020703933747,41.4,Stable
N08000725,KNOCKMORE,4658,273,2009.446114212108,0.6645021645021645,156,False,273,7.8,-1.21654501216545,-48.57142857142857,-0.014913651162483001,35,2023-01,2025-11,6,6,0.0,2009.446114212108,408,3003.128258602711,61.6,Watch
N08000726,LAGAN,3477,45,443.7322815234809,0.047619047619047616,441,False,45,1.2857142857142858,-0.4793404275716615,-62.500000000000014,-0.01288982662377577,35,2023-01,2025-11,1,1,0.0,443.7322815234809,54,532.478737828177,19.6,Stable
N08000727,LAGAN VALLEY,3397,348,3512.342823499727,0.8528138528138528,69,True,348,9.942857142857143,-1.8643901481699543,-37.25490196078432,-0.05755613991254432,35,2023-01,2025-11,18,3,500.0,3512.342823499727,424,4279.406198746794,62.2,Watch
N08000728,LAMBEG,3817,323,2901.3061866087796,0.7878787878787878,99,False,323,9.228571428571428,-1.8339009693476553,-46.666666666666664,-0.047773890798132185,35,2023-01,2025-11,4,6,-33.33333333333333,2901.3061866087796,390,3503.1251169579705,59.0,Watch
N08000729,LISNAGARVEY,2939,206,2403.1497593933796,0.7337662337662337,124,False,206,5.885714285714286,-1.9280934558239768,-54.83870967741936,-0.060139741503951,35,2023-01,2025-11,3,4,-25.0,2403.1497593933796,296,3453.069557186604,53.7,Stable
N08000730,MAGHABERRY,4782,153,1096.970783294497,0.36796536796536794,293,False,153,4.371428571428571,-1.1152934615920813,-63.99999999999999,-0.0030459695379615663,35,2023-01,2025-11,5,5,0.0,1096.970783294497,198,1419.6092489693492,48.7,Stable
N08000731,MAGHERALAVE,4255,184,1482.6254826254826,0.5216450216450217,222,False,184,5.257142857142857,-1.5667841754798277,-71.42857142857143,-0.05806317826778182,35,2023-01,2025-11,1,4,-75.0,1482.6254826254826,238,1917.743830787309,39.0,Stable
N08000732,MAZE,3228,84,892.1933085501857,0.2662337662337662,340,False,84,2.4,-0.30978934324659246,-33.33333333333334,-0.014144443403135731,35,2023-01,2025-11,1,4,-75.0,892.1933085501857,111,1178.9697291556029,33.9,Stable
N08000733,MOIRA,3747,73,667.9629417819971,0.17316017316017315,383,False,73,2.085714285714286,-0.5337603416066186,-54.54545454545454,-0.013680412116808283,35,2023-01,2025-11,1,3,-66.66666666666666,667.9629417819971,118,1079.720919592817,27.8,Stable
N08000735,NEWTOWNBREDA,2843,105,1266.2680267323249,0.44805194805194803,256,False,105,3.0,-0.9379763160980188,-44.44444444444445,-0.02138034249929306,35,2023-01,2025-11,0,2,-100.0,1266.2680267323249,150,1808.9543239033217,42.5,Stable
N08000736,OLD WARREN,4122,502,4175.504262840508,0.8896103896103896,52,True,502,14.342857142857143,-5.984150088953582,-79.56989247311827,-0.13414390501469875,35,2023-01,2025-11,3,8,-62.5,4175.504262840508,713,5930.546891245581,62.7,Watch
N08000737,RAVERNET,3096,48,531.5614617940199,0.09090909090909091,421,False,48,1.3714285714285714,0.32299741602067183,75.0,0.019361749867905814,35,2023-01,2025-11,2,3,-33.33333333333333,531.5614617940199,48,531.5614617940199,35.3,Stable
N08000738,STONYFORD,3149,164,1785.6008710248152,0.6060606060606061,183,False,164,4.685714285714286,-0.529268550862708,-27.77777777777779,0.012275472272109861,35,2023-01,2025-11,5,1,400.0,1785.6008710248152,173,1883.5911627273965,70.6,Elevated
N08000739,WALLACE PARK,3862,182,1615.7431382703264,0.5692640692640693,200,False,182,5.2,-1.467288106335232,-68.0,-0.02705380443218199,35,2023-01,2025-11,2,3,-33.33333333333333,1615.7431382703264,267,2370.3484500998743,48.0,Stable
N08000801,ACADEMY,2567,36,480.82809282653454,0.06060606060606061,435,False,36,1.0285714285714285,-0.6492663290481755,-71.42857142857142,-0.011348520709413487,35,2023-01,2025-11,0,1,-100.0,480.82809282653454,90,1202.0702320663368,21.8,Stable
N08000803,ARDEEVIN,3715,100,922.8994424149203,0.2727272727272727,337,False,100,2.857142857142857,-0.0897263346792283,-9.090909090909086,-0.0052780196870134246,35,2023-01,2025-11,3,0,,922.8994424149203,118,1089.0213420496057,40.5,Stable
N08000804,BALLEE and HARRYVILLE,3588,444,4242.713807931199,0.8939393939393939,50,True,444,12.685714285714285,-6.50315867707172,-77.77777777777779,-0.09750834559018695,35,2023-01,2025-11,7,8,-12.5,4242.713807931199,715,6832.298136645962,63.6,Watch
N08000805,BALLYCARRY and GLYNN,3747,115,1052.2703877387626,0.3398268398268398,306,False,115,3.2857142857142856,-0.5337603416066186,-54.54545454545454,-0.01525029547447481,35,2023-01,2025-11,1,0,,1052.2703877387626,142,1299.3251744252543,38.4,Stable
N08000806,BALLYKEEL,3026,443,5019.356057029553,0.9372294372294372,30,True,443,12.657142857142857,-6.609385327164574,-65.21739130434783,-0.10469488522441357,35,2023-01,2025-11,11,2,450.0,5019.356057029553,662,7500.708148427911,66.5,Watch
N08000807,BONEYBEFORE,2864,96,1149.241819632881,0.4004329004329004,278,False,96,2.742857142857143,-1.5130353817504654,-86.66666666666667,-0.0287545185672034,35,2023-01,2025-11,0,2,-100.0,1149.241819632881,141,1687.9489225857942,35.6,Stable
N08000808,BRAIDWATER,3214,151,1610.8098497644237,0.5670995670995671,201,False,151,4.314285714285714,-1.1408421489317575,-37.93103448275863,-0.009499755098056652,35,2023-01,2025-11,3,0,,1610.8098497644237,258,2752.2446439683526,58.5,Watch
N08000809,BROUGHSHANE,3726,126,1159.4202898550725,0.4090909090909091,274,False,126,3.6,-1.0735373054213633,-52.17391304347826,-0.01360716052389823,35,2023-01,2025-11,2,7,-71.42857142857143,1159.4202898550725,162,1490.6832298136646,44.4,Stable
N08000810,BURLEIGH HILL,2594,46,607.9964753827514,0.1406926406926407,398,False,46,1.3142857142857143,-1.0280133641737341,-80.0,-0.01554978197909849,35,2023-01,2025-11,1,3,-66.66666666666666,607.9964753827514,73,964.8639718030622,24.3,Stable
N08000811,CAIRNCASTLE,3237,58,614.325433602542,0.14502164502164502,396,False,58,1.6571428571428573,-1.7505921120378949,-89.4736842105263,-0.019556787806256266,35,2023-01,2025-11,1,0,,614.325433602542,103,1090.957235535549,22.0,Stable
N08000812,CARNLOUGH and GLENARM,3137,141,1541.0537820483628,0.5476190476190477,210,False,141,4.0285714285714285,-0.8500690681117843,-50.000000000000014,-0.016340613389123546,35,2023-01,2025-11,4,5,-20.0,1541.0537820483628,159,1737.7840520970901,52.4,Stable
N08000813,CASTLE,3913,779,6825.599649519916,0.9761904761904762,12,True,779,22.257142857142856,-2.9815146094215867,-31.531531531531538,-0.04466903040285883,35,2023-01,2025-11,13,19,-31.57894736842105,6825.599649519916,941,8245.043992552297,72.4,Elevated
N08000814,CASTLE DEMESNE,4446,1606,12384.808174281858,0.9956709956709957,3,True,1606,45.885714285714286,-6.897585844954267,-47.422680412371136,-0.12512427373108476,35,2023-01,2025-11,32,38,-15.789473684210526,12384.808174281858,1939,14952.766531713898,70.3,Elevated
N08000815,CRAIGYHILL,3920,308,2693.8775510204086,0.7705627705627706,107,False,308,8.8,-2.040816326530612,-68.57142857142856,-0.09210827188018063,35,2023-01,2025-11,3,6,-50.0,2693.8775510204086,371,3244.8979591836737,55.2,Watch
N08000816,CULLYBACKEY,2869,224,2676.8909027535733,0.7640692640692641,110,False,224,6.4,-3.1369815266643437,-67.5,-0.04217790287952057,35,2023-01,2025-11,1,6,-83.33333333333334,2676.8909027535733,323,3859.9810785241243,58.1,Watch
N08000817,CURRAN and INVER,3384,723,7325.2279635258365,0.9783549783549783,11,True,723,20.65714285714286,-8.668242710795901,-69.84126984126983,-0.17598055770771664,35,2023-01,2025-11,9,15,-40.0,7325.2279635258365,1024,10374.873353596759,68.6,Watch
N08000818,FAIR GREEN,4262,598,4810.618757122746,0.9285714285714286,34,True,598,17.085714285714285,-0.7821054278116684,-12.987012987012978,-0.033453080903877254,35,2023-01,2025-11,17,15,13.333333333333334,4810.618757122746,699,5623.11456727224,71.0,Elevated
N08000819,GALGORM,3254,74,779.6997102467293,0.22510822510822512,359,False,74,2.1142857142857143,-0.6146281499692686,-54.545454545454554,-0.016097403927766537,35,2023-01,2025-11,3,0,,779.6997102467293,110,1159.0130827991923,29.9,Stable
N08000820,GARDENMORE,3290,201,2094.659140251845,0.683982683982684,147,False,201,5.742857142857143,-1.7223910840932117,-56.666666666666664,-0.02928831106910847,35,2023-01,2025-11,2,3,-33.33333333333333,2094.659140251845,255,2657.40338688667,55.3,Watch
N08000821,GLENRAVEL,3595,58,553.1492151798132,0.10173160173160173,416,False,58,1.6571428571428573,-0.37088548910523894,-50.000000000000014,1.78120297626835e-18,35,2023-01,2025-11,0,0,,553.1492151798132,80,762.9644347307768,31.2,Stable
N08000822,GLENWHIRRY,3160,57,618.4448462929477,0.1471861471861472,395,False,57,1.6285714285714286,0.21097046413502119,33.33333333333335,-8.864305215756615e-05,35,2023-01,2025-11,2,0,,618.4448462929477,120,1301.9891500904157,34.3,Stable
N08000823,GORTALEE,3693,141,1309.0402692352325,0.461038961038961,250,False,141,4.0285714285714285,-1.0831302464121308,-52.17391304347825,-0.021541245796991956,35,2023-01,2025-11,1,3,-66.66666666666666,1309.0402692352325,177,1643.2633166995474,43.3,Stable
N08000824,GRANGE,3720,59,543.778801843318,0.09523809523809523,419,False,59,1.6857142857142857,-0.3584229390681004,-66.66666666666666,-0.002861359597602484,35,2023-01,2025-11,1,2,-50.0,543.778801843318,59,543.778801843318,29.7,Stable
N08000825,GREENISLAND,3446,116,1154.1331564546888,0.4069264069264069,275,False,116,3.3142857142857145,-0.7738440704198103,-44.44444444444444,-0.007153180482872201,35,2023-01,2025-11,2,3,-33.33333333333333,1154.1331564546888,152,1512.3124119061438,48.9,Stable
N08000826,ISLANDMAGEE,3048,105,1181.1023622047244,0.4199134199134199,269,False,105,3.0,-0.32808398950131235,-23.076923076923077,-0.009741429380151002,35,2023-01,2025-11,2,1,100.0,1181.1023622047244,118,1327.334083239595,48.1,Stable
N08000827,KELLS,3453,146,1449.6710934591042,0.5108225108225108,227,False,146,4.171428571428572,0.38613765807510436,17.391304347826118,0.0012168203510770296,35,2023-01,2025-11,10,3,233.33333333333334,1449.6710934591042,209,2075.214099540772,60.4,Watch
N08000828,KILROOT,4254,144,1160.588353818255,0.4134199134199134,272,False,144,4.114285714285714,-0.861933866165178,-57.89473684210527,-0.018898015247471787,35,2023-01,2025-11,3,3,0.0,1160.588353818255,171,1378.1986701591782,41.4,Stable
N08000829,KILWAUGHTER,4791,156,1116.3789247696573,0.3722943722943723,291,False,156,4.457142857142857,-0.4174493842621583,-31.578947368421055,-0.009237675450058958,35,2023-01,2025-11,2,6,-66.66666666666666,1116.3789247696573,205,1467.03640754987,45.2,Stable
N08000830,KIRKINRIOLA,3228,53,562.931492299522,0.1038961038961039,415,False,53,1.5142857142857142,0.2065262288310616,66.66666666666669,0.014838649214332566,35,2023-01,2025-11,2,2,0.0,562.931492299522,57,605.4168879447691,35.8,Stable
N08000831,LOVE LANE,3033,153,1729.5464179737176,0.5974025974025974,187,False,153,4.371428571428571,-1.4287284316957904,-51.99999999999999,-0.0010159025694023015,35,2023-01,2025-11,2,7,-71.42857142857143,1729.5464179737176,198,2238.236540907164,65.4,Watch
N08000832,MAINE,3044,50,563.1687629059509,0.10606060606060606,414,False,50,1.4285714285714286,0.0,0.0,-0.007913809413384279,35,2023-01,2025-11,1,1,0.0,563.1687629059509,68,765.909517552093,27.4,Stable
N08000833,PARK,2921,98,1150.2909962341662,0.40476190476190477,276,False,98,2.8,-1.255277872874586,-57.89473684210525,-0.019466876103402666,35,2023-01,2025-11,1,1,0.0,1150.2909962341662,116,1361.568934317993,40.3,Stable
N08000834,PORTGLENONE,3351,152,1555.1860851771326,0.551948051948052,208,False,152,4.3428571428571425,-1.3926191186710435,-50.0,-0.01855710950450009,35,2023-01,2025-11,4,1,300.0,1555.1860851771326,206,2107.686404911114,51.2,Stable
N08000835,SLEMISH,3207,25,267.2724842977415,0.006493506493506494,460,False,25,0.7142857142857143,-0.5196964972456086,-100.0,-0.008210331216989449,35,2023-01,2025-11,0,2,-100.0,267.2724842977415,52,555.9267673393024,20.0,Stable
N08000836,SUNNYLANDS,4097,219,1832.6998849332265,0.6212121212121212,176,False,219,6.257142857142857,-1.0576844845822146,-44.827586206896555,-0.02222026228113893,35,2023-01,2025-11,5,5,0.0,1832.6998849332265,264,2209.2820530701906,53.9,Stable
N08000837,THE MAIDENS,3438,157,1565.6943405634504,0.5541125541125541,207,False,157,4.485714285714286,-0.9695559433779328,-41.666666666666664,-0.02656094433119378,35,2023-01,2025-11,0,4,-100.0,1565.6943405634504,220,2193.9665918723513,47.2,Stable
N08000838,VICTORIA,4394,172,1342.089862799922,0.47186147186147187,245,False,172,4.914285714285715,-1.062054316492186,-63.636363636363626,-0.012431007906121021,35,2023-01,2025-11,1,6,-83.33333333333334,1342.089862799922,226,1763.4436569347815,49.7,Stable
N08000839,WHITEHEAD SOUTH,3345,185,1896.2203715566945,0.6406926406926406,167,False,185,5.285714285714286,-0.9965122072745394,-38.46153846153847,0.002679696691830713,35,2023-01,2025-11,12,5,140.0,1896.2203715566945,266,2726.4573991031384,70.4,Elevated
N08000840,WOODBURN,3428,128,1280.2133688948159,0.45454545454545453,253,False,128,3.657142857142857,-0.8751458576429405,-50.0,-0.013972917054803254,35,2023-01,2025-11,1,0,,1280.2133688948159,195,1950.325054175696,47.3,Stable
N08000901,ARDBOE,3818,84,754.321634363541,0.21861471861471862,362,False,84,2.4,-0.960363191898027,-78.57142857142857,-0.022156583953644306,35,2023-01,2025-11,2,1,100.0,754.321634363541,169,1517.623288183791,26.0,Stable
N08000902,AUGHER and CLOGHER,3460,153,1516.1023947151114,0.5324675324675324,217,False,153,4.371428571428571,-0.9633911368015411,-47.619047619047606,0.0012953158141869668,35,2023-01,2025-11,1,4,-75.0,1516.1023947151114,162,1605.2848885218827,62.1,Watch
N08000903,AUGHNACLOY,3696,134,1243.0426716141003,0.44155844155844154,259,False,134,3.8285714285714287,-1.8939393939393936,-72.41379310344827,-0.026677337601707332,35,2023-01,2025-11,1,0,,1243.0426716141003,170,1576.994434137291,39.2,Stable
N08000904,BALLYGAWLEY,3940,98,852.7918781725886,0.24891774891774893,348,False,98,2.8,-2.1150592216582065,-78.125,-0.027655732343698884,35,2023-01,2025-11,3,3,0.0,852.7918781725886,197,1714.2857142857144,25.2,Stable
N08000905,BALLYMAGUIGAN,4144,99,819.084390512962,0.23593073593073594,354,False,99,2.8285714285714287,0.6435006435006434,133.33333333333331,0.00905767712490402,35,2023-01,2025-11,5,6,-16.666666666666664,819.084390512962,117,968.0088251516823,43.7,Stable
N08000906,BALLYSAGGART,5062,611,4138.398148670768,0.8874458874458875,53,True,611,17.457142857142856,-1.5804030027657054,-38.0952380952381,-0.0630279768960132,35,2023-01,2025-11,2,10,-80.0,4138.398148670768,746,5052.774171699497,64.3,Watch
N08000907,BELLAGHY,3879,59,521.4893381946746,0.08008658008658008,426,False,59,1.6857142857142857,0.0,0.0,0.002021948248234593,35,2023-01,2025-11,1,2,-50.0,521.4893381946746,86,760.1370014363055,30.8,Stable
N08000908,CALEDON,3963,116,1003.5687249918892,0.3181818181818182,316,False,116,3.3142857142857145,0.16822272689040285,13.33333333333333,0.014136363604235532,35,2023-01,2025-11,7,5,40.0,1003.5687249918892,160,1384.2327241267437,50.6,Stable
N08000909,CASTLECAULFIELD,3759,73,665.8305780412725,0.16883116883116883,385,False,73,2.085714285714286,-1.6848452602642547,-86.36363636363636,-0.024367288814967317,35,2023-01,2025-11,2,6,-66.66666666666666,665.8305780412725,109,994.185383650667,21.2,Stable
N08000910,CASTLEDAWSON,3792,177,1600.361663652803,0.5627705627705628,203,False,177,5.057142857142857,-0.4395218002812935,-21.739130434782588,-0.011449727570353011,35,2023-01,2025-11,10,2,400.0,1600.361663652803,240,2169.9819168173594,56.9,Watch
N08000911,COAGH,3371,73,742.4672627876427,0.20562770562770563,368,False,73,2.085714285714286,0.09888262632255518,25.00000000000001,0.003323785758741345,35,2023-01,2025-11,2,5,-60.0,742.4672627876427,95,966.22452006611,40.2,Stable
N08000913,COALISLAND SOUTH,4842,287,2032.2180916976456,0.6688311688311688,154,False,287,8.2,-0.8261049153242463,-35.294117647058826,0.011627947337547169,35,2023-01,2025-11,8,11,-27.27272727272727,2032.2180916976456,332,2350.8585590369976,74.9,Elevated
N08000914,COOKSTOWN EAST,3790,337,3048.6241990199774,0.8095238095238095,89,True,337,9.628571428571428,-0.3518029903254183,-11.76470588235296,-0.00022172457373449383,35,2023-01,2025-11,8,10,-20.0,3048.6241990199774,418,3781.3795702977764,80.6,Elevated
N08000915,COOKSTOWN SOUTH,3524,30,291.87611480460515,0.015151515151515152,456,False,30,0.8571428571428571,-0.1891789632992811,-50.0,-7.94869593694438e-05,35,2023-01,2025-11,0,0,,291.87611480460515,48,467.0017836873682,25.1,Stable
N08000916,COOKSTOWN WEST,3688,299,2779.6715215370314,0.7835497835497836,101,False,299,8.542857142857143,-1.6268980477223425,-60.0,-0.04435613724882578,35,2023-01,2025-11,5,4,25.0,2779.6715215370314,384,3569.879144716455,59.1,Watch
N08000917,COOLSHINNY,4048,48,406.549971767363,0.03463203463203463,447,False,48,1.3714285714285714,-0.49407114624505927,-85.71428571428572,-0.013701132626963822,35,2023-01,2025-11,0,0,,406.549971767363,66,559.0062111801242,18.0,Stable
N08000918,DONAGHMORE,3839,57,509.0611394336323,0.0735930735930736,429,False,57,1.6285714285714286,-0.08682816705739349,-12.50000000000001,-0.0009485430014673227,35,2023-01,2025-11,2,2,0.0,509.0611394336323,102,910.9515126707104,28.8,Stable
N08000919,DRAPERSTOWN,3266,201,2110.0516140320183,0.6861471861471862,146,False,201,5.742857142857143,-0.7144315166360482,-30.434782608695656,-0.02684478567912162,35,2023-01,2025-11,1,5,-80.0,2110.0516140320183,246,2582.451229113813,56.3,Watch
N08000920,FIVEMILETOWN,3174,129,1393.4647583040776,0.49134199134199136,236,False,129,3.6857142857142855,-0.31505986137366115,-27.27272727272728,-0.004147846914443153,35,2023-01,2025-11,2,2,0.0,1393.4647583040776,174,1879.5571158520117,56.3,Watch
N08000921,GLEBE,3845,468,4547.650009288501,0.9134199134199135,41,True,510,14.571428571428571,-1.907238838318161,-31.428571428571416,-0.0485187573078646,35,2023-01,2025-11,14,10,40.0,4547.650009288501,672,5992.197659297789,67.5,Watch
N08000922,KILLYMAN,3619,87,824.2213713338333,0.23809523809523808,353,False,87,2.4857142857142858,-0.736851800681588,-53.333333333333336,-0.006269432337731997,35,2023-01,2025-11,2,2,0.0,824.2213713338333,105,994.7499309201437,37.4,Stable
N08000923,KILLYMEAL,5003,287,1966.8199080551667,0.6471861471861472,164,False,287,8.2,-0.3997601439136518,-23.076923076923077,-0.004423116438260276,35,2023-01,2025-11,5,5,0.0,1966.8199080551667,386,2645.269980868622,67.1,Watch
N08000924,LISSAN,3594,40,381.58836155497255,0.025974025974025976,451,False,40,1.1428571428571428,-0.37098868484511227,-57.14285714285714,-0.005689532351616213,35,2023-01,2025-11,0,2,-100.0,381.58836155497255,76,725.0178869544478,22.9,Stable
N08000925,LOUGHRY,2955,47,545.3226976069615,0.09956709956709957,417,False,47,1.3428571428571427,-0.11280315848843767,-33.33333333333333,0.008626123884409937,35,2023-01,2025-11,1,0,,545.3226976069615,47,545.3226976069615,34.0,Stable
N08000926,LOWER GLENSHANE,3153,42,456.70789724072307,0.05194805194805195,439,False,42,1.2,0.10571942065757478,33.33333333333333,0.00515271125894062,35,2023-01,2025-11,1,2,-50.0,456.70789724072307,60,652.439853201033,29.8,Stable
N08000927,MAGHERA,3469,218,2154.593748713092,0.6926406926406926,143,False,218,6.228571428571429,-1.633515902757759,-47.22222222222222,-0.011304608323583107,35,2023-01,2025-11,2,4,-50.0,2154.593748713092,335,3310.95828357287,66.1,Watch
N08000928,MOY,3950,216,1874.8643761301992,0.6341991341991342,170,False,216,6.171428571428572,0.0,0.0,-0.003616636528028928,35,2023-01,2025-11,8,3,166.66666666666669,1874.8643761301992,256,2222.0614828209764,66.9,Watch
N08000929,MOYGASHEL,3606,145,1378.6546232469695,0.48268398268398266,240,False,145,4.142857142857143,-1.2941393973007949,-66.66666666666666,-0.021672562535829647,35,2023-01,2025-11,1,4,-75.0,1378.6546232469695,230,2186.8314713572618,44.8,Stable
N08000930,MULLAGHMORE,4408,235,1827.8454757583613,0.6168831168831169,178,False,235,6.714285714285714,-1.3611615245009072,-60.0,-0.035268190760877845,35,2023-01,2025-11,2,4,-50.0,1827.8454757583613,370,2877.884366087633,49.0,Stable
N08000931,OAKLANDS,3413,46,462.09869825457287,0.05627705627705628,437,False,46,1.3142857142857143,-0.1953315753491553,-28.57142857142858,0.005252613790901649,35,2023-01,2025-11,2,0,,462.09869825457287,50,502.2811937549705,30.2,Stable
N08000932,POMEROY,3879,60,530.3281405369572,0.08874458874458875,422,False,60,1.7142857142857142,-0.8593280054996995,-71.42857142857143,-0.011553989989911919,35,2023-01,2025-11,1,2,-50.0,530.3281405369572,132,1166.7219091813058,23.5,Stable
N08000933,STEWARTSTOWN,3110,59,650.4363803399173,0.15800865800865802,390,False,59,1.6857142857142857,0.21436227224008586,25.000000000000018,-0.0024318409035639908,35,2023-01,2025-11,2,1,100.0,650.4363803399173,122,1344.9701423977951,34.3,Stable
N08000934,SWATRAGH,3458,71,703.9576964388995,0.18398268398268397,378,False,71,2.0285714285714285,0.38557933294775404,66.66666666666667,0.010854544246848534,35,2023-01,2025-11,1,0,,703.9576964388995,80,793.1917706353797,40.6,Stable
N08000935,TAMLAGHT O'CRILLY,3647,70,658.0751302440362,0.16017316017316016,389,False,70,2.0,0.5483959418700302,85.71428571428571,0.010522443142324108,35,2023-01,2025-11,3,2,50.0,658.0751302440362,101,949.5084022092522,38.8,Stable
N08000936,THE LOUP,4260,55,442.6559356136822,0.045454545454545456,442,False,55,1.5714285714285714,-0.46948356807511743,-60.0,-0.01354532423297957,35,2023-01,2025-11,0,0,,442.6559356136822,109,877.2635814889336,19.0,Stable
N08000937,TOBERMORE,3458,55,545.3193423118236,0.09740259740259741,418,False,55,1.5714285714285714,-0.09639483323693843,-12.499999999999991,-0.009072454892888332,35,2023-01,2025-11,2,2,0.0,545.3193423118236,55,545.3193423118236,26.0,Stable
N08000938,TOWN PARKS EAST,3557,347,2939.877103498132,0.79004329004329,98,False,305,8.714285714285714,-0.8434073657576611,-23.076923076923077,-0.02748358269369034,35,2023-01,2025-11,6,4,50.0,2939.877103498132,449,4327.884654002169,63.3,Watch
N08000939,VALLEY,3443,53,527.7789303348409,0.08658008658008658,423,False,53,1.5142857142857142,-0.19362958660083268,-28.57142857142858,0.0011389975682401924,35,2023-01,2025-11,3,1,200.0,527.7789303348409,62,617.401767561512,30.7,Stable
N08000940,WASHING BAY,3738,50,458.61041045631737,0.05411255411255411,438,False,50,1.4285714285714286,-0.6242197253433207,-87.49999999999999,-0.013488541484009332,35,2023-01,2025-11,1,0,,458.61041045631737,68,623.7101582205916,19.6,Stable
N08001001,ABBEY,4082,559,4695.177434030937,0.9242424242424242,36,True,559,15.971428571428572,-1.878164298546464,-30.666666666666664,-0.021203973995281577,35,2023-01,2025-11,18,11,63.63636363636363,4695.177434030937,730,6131.44816966473,75.9,Elevated
N08001002,ANNALONG,4347,154,1214.6307798481714,0.43073593073593075,264,False,154,4.4,-0.5367686527106816,-33.33333333333333,-0.010761148259625907,35,2023-01,2025-11,0,0,,1214.6307798481714,208,1640.5402740806467,48.1,Stable
N08001003,BALLYBOT,5351,1326,8496.142243105427,0.9848484848484849,8,True,1326,37.885714285714286,-6.167071575406465,-51.83246073298429,-0.07260613084703145,35,2023-01,2025-11,25,28,-10.714285714285714,8496.142243105427,1679,10757.93576634541,70.6,Elevated
N08001004,BALLYDUGAN,3771,108,981.9297647459939,0.2987012987012987,325,False,108,3.085714285714286,-1.0607265977194378,-60.0,-0.025923920350426004,35,2023-01,2025-11,2,2,0.0,981.9297647459939,180,1636.54960790999,29.7,Stable
N08001005,BALLYNAHINCH,4681,607,4445.936460463271,0.9090909090909091,43,True,607,17.34285714285714,-1.8514562415438287,-33.33333333333332,-0.025731292303291707,35,2023-01,2025-11,10,15,-33.33333333333333,4445.936460463271,760,5566.576128421888,72.5,Elevated
N08001006,BALLYWARD,4499,100,762.0741117073635,0.22077922077922077,361,False,100,2.857142857142857,0.37045269319107965,55.55555555555558,0.0053544422881399685,35,2023-01,2025-11,3,1,200.0,762.0741117073635,127,967.8341218683518,41.8,Stable
N08001008,BINNIAN,4303,126,1003.9507320474088,0.3203463203463203,315,False,126,3.6,-0.5422573398404213,-58.33333333333333,-0.017706362117238257,35,2023-01,2025-11,1,7,-85.71428571428571,1003.9507320474088,153,1219.0830317718535,35.7,Stable
N08001009,BURREN,4317,109,865.6805321155566,0.2510822510822511,347,False,109,3.1142857142857143,-1.1102230246251565e-16,-1.1982081993267e-14,0.011030587820024921,35,2023-01,2025-11,1,3,-66.66666666666666,865.6805321155566,154,1223.0715774843643,45.6,Stable
N08001010,CAMLOUGH,4147,124,1025.1817148368873,0.3333333333333333,309,False,124,3.5428571428571427,0.08037939072421807,6.249999999999982,0.004322925215420158,35,2023-01,2025-11,4,4,0.0,1025.1817148368873,267,2207.4477246891042,49.4,Stable
N08001011,CASTLEWELLAN,4479,254,1944.311549134054,0.645021645021645,165,False,254,7.257142857142857,-1.711691597826896,-65.71428571428571,-0.04390235665599125,35,2023-01,2025-11,2,9,-77.77777777777779,1944.311549134054,344,2633.240838197302,49.4,Stable
N08001012,CATHEDRAL,4217,717,5829.465767810562,0.9545454545454546,22,True,717,20.485714285714284,-6.244565646984428,-69.91150442477877,-0.13510739842534117,35,2023-01,2025-11,5,15,-66.66666666666666,5829.465767810562,1018,8276.703140350282,67.1,Watch
N08001013,CROSSGAR and KILLYLEAGH,4404,38,295.83495523550016,0.017316017316017316,455,False,38,1.0857142857142856,-0.3784438389343021,-62.5,-0.012275573262910969,35,2023-01,2025-11,0,0,,295.83495523550016,73,568.3145192681978,18.0,Stable
N08001014,CROSSMAGLEN,3973,111,957.8943583474164,0.28354978354978355,332,False,111,3.1714285714285713,-1.0067958721369241,-60.0,-0.02693249461878886,35,2023-01,2025-11,1,1,0.0,957.8943583474164,128,1104.5988997159398,28.0,Stable
N08001015,DAMOLLY,4389,642,5015.13524069915,0.935064935064935,31,True,642,18.34285714285714,-1.4430014430014428,-26.76056338028169,-0.019274057310324444,35,2023-01,2025-11,11,16,-31.25,5015.13524069915,772,6030.6610682550545,77.6,Elevated
N08001016,DERRYBOY,4045,62,525.5165106833833,0.08441558441558442,424,False,62,1.7714285714285714,-0.4120313143798927,-41.66666666666665,-0.00623240643599838,35,2023-01,2025-11,2,1,100.0,525.5165106833833,84,711.9901112484548,26.7,Stable
N08001017,DERRYLECKAGH,4906,83,580.0477549356473,0.12121212121212122,407,False,83,2.3714285714285714,-0.5435521130588393,-47.05882352941176,-0.001998353356833965,35,2023-01,2025-11,4,4,0.0,580.0477549356473,150,1048.279075184905,31.9,Stable
N08001018,DONARD,3757,743,6789.6117723107345,0.974025974025974,13,True,744,21.257142857142856,-1.3308490817141339,-18.292682926829272,-0.00924511406905057,35,2023-01,2025-11,13,6,116.66666666666667,6789.6117723107345,802,7318.909464238184,87.2,High
N08001019,DRUMALANE,5018,383,2616.8650002846894,0.7554112554112554,114,False,383,10.942857142857143,-2.723528630264382,-66.12903225806453,-0.015797470841664676,35,2023-01,2025-11,2,8,-75.0,2616.8650002846894,473,3231.7941126231285,67.2,Watch
N08001020,DRUMANESS,4142,91,753.2592950265573,0.21645021645021645,363,False,91,2.6,-0.08047642040882041,-6.666666666666683,0.005951197475610238,35,2023-01,2025-11,5,3,66.66666666666666,753.2592950265573,140,1158.860453887011,41.8,Stable
N08001021,DUNDRUM,4501,326,2483.2576887675755,0.7489177489177489,117,False,326,9.314285714285715,-0.8886914019106864,-41.37931034482759,-0.013131224496019273,35,2023-01,2025-11,3,10,-70.0,2483.2576887675755,384,2925.064271431745,68.5,Watch
N08001022,FATHOM,4444,140,1080.1080108010801,0.3528138528138528,300,False,140,4.0,-1.5001500150015001,-62.5,-0.017396697652958572,35,2023-01,2025-11,3,2,50.0,1080.1080108010801,252,1944.194419441944,38.0,Stable
N08001023,FORKHILL,4174,77,632.4868231911836,0.15151515151515152,393,False,77,2.2,-0.4791566842357451,-75.0,-0.005838463799511179,35,2023-01,2025-11,2,1,100.0,632.4868231911836,104,854.2679170374428,31.6,Stable
N08001024,HILLTOWN,5134,144,961.6561856530691,0.29004329004329005,329,False,144,4.114285714285714,-0.38955979742890545,-35.29411764705883,-0.0008184029357750102,35,2023-01,2025-11,4,5,-20.0,961.6561856530691,198,1322.27725527297,44.0,Stable
N08001025,KILKEEL,3931,454,3959.73398262892,0.8701298701298701,61,True,454,12.971428571428572,-0.5087763927753755,-13.953488372093029,-0.005771833027283635,35,2023-01,2025-11,8,20,-60.0,3959.73398262892,571,4980.194061852671,81.9,Elevated
N08001026,KILMORE,3974,115,992.1633474728594,0.3051948051948052,322,False,115,3.2857142857142856,0.08387854386847848,11.111111111111116,0.0040881979364468446,35,2023-01,2025-11,3,3,0.0,992.1633474728594,133,1147.458480120785,47.3,Stable
N08001028,LECALE,4387,226,1766.2574489563322,0.6038961038961039,184,False,226,6.457142857142857,-0.83580275055087,-45.833333333333336,-0.007725907778201316,35,2023-01,2025-11,4,2,100.0,1766.2574489563322,311,2430.5578169266337,62.5,Watch
N08001029,LISNACREE,4731,184,1333.4541172207628,0.4653679653679654,248,False,184,5.257142857142857,-0.9159444796730783,-56.52173913043479,-0.03167616655624413,35,2023-01,2025-11,2,1,100.0,1333.4541172207628,238,1724.7939124920733,39.1,Stable
N08001030,MAYOBRIDGE,5314,76,490.34894349158554,0.0670995670995671,432,False,76,2.1714285714285713,-0.3763643206624012,-42.85714285714286,-0.004216967178290216,35,2023-01,2025-11,1,3,-66.66666666666666,490.34894349158554,134,864.5626108930588,26.5,Stable
N08001031,MULLAGHBANE,4441,39,301.0904879853315,0.01948051948051948,454,False,39,1.1142857142857143,-0.37529085040906707,-62.5,-0.008767298858295844,35,2023-01,2025-11,2,2,0.0,301.0904879853315,111,856.9498504197898,20.6,Stable
N08001032,MURLOUGH,4837,489,3459.0507693670816,0.8484848484848485,71,True,488,13.942857142857143,-1.5850044793604852,-43.39622641509434,-0.026291269040177572,35,2023-01,2025-11,9,11,-18.181818181818183,3459.0507693670816,591,4189.1373047048055,68.0,Watch
N08001033,NEWTOWNHAMILTON,4417,190,1474.8213072867816,0.5173160173160173,224,False,190,5.428571428571429,0.45279601539506464,60.00000000000003,0.007863684300978713,35,2023-01,2025-11,4,11,-63.63636363636363,1474.8213072867816,239,1855.1699602186359,63.2,Watch
N08001034,QUOILE,4172,81,665.6622380495822,0.16666666666666666,386,False,81,2.3142857142857145,-2.220446049250313e-16,-3.087900305824102e-14,-0.004095597970731915,35,2023-01,2025-11,4,0,,665.6622380495822,126,1035.4745925215723,33.7,Stable
N08001035,ROSTREVOR,4343,162,1278.9052991677904,0.4523809523809524,254,False,162,4.628571428571429,-0.076751861232635,-5.882352941176479,0.010964551604662129,35,2023-01,2025-11,2,2,0.0,1278.9052991677904,180,1421.005887964212,59.6,Watch
N08001036,SAINTFIELD,4118,136,1132.311108027475,0.3874458874458874,284,False,136,3.8857142857142857,-0.8094544277157196,-62.5,-0.019250050675928453,35,2023-01,2025-11,1,6,-83.33333333333334,1132.311108027475,190,1581.9052244501493,39.3,Stable
N08001037,ST. PATRICK'S,4664,434,3190.3945111492285,0.8225108225108225,83,True,434,12.4,-1.2149799885648949,-27.41935483870969,-0.014413998875708057,35,2023-01,2025-11,4,12,-66.66666666666666,3190.3945111492285,632,4645.920117618231,72.8,Elevated
N08001038,STRANGFORD,4460,100,768.7379884689301,0.22294372294372294,360,False,100,2.857142857142857,-0.2989536621823618,-40.0,-0.010488500332868578,35,2023-01,2025-11,2,2,0.0,768.7379884689301,181,1391.4157591287637,33.8,Stable
N08001039,TOLLYMORE,4303,118,940.2078284253511,0.2792207792207792,334,False,118,3.3714285714285714,-1.5493066852583468,-86.95652173913044,-0.022198049566096483,35,2023-01,2025-11,1,0,,940.2078284253511,208,1657.3154941735002,30.1,Stable
N08001040,WARRENPOINT,4614,548,4072.078766487089,0.8787878787878788,57,True,548,15.657142857142857,-1.5171218032076283,-30.88235294117646,-0.01724140024453644,35,2023-01,2025-11,10,8,25.0,4072.078766487089,701,5208.9912688092145,75.0,Elevated
N08001041,WHITECROSS,4065,72,607.2746441750131,0.13636363636363635,400,False,72,2.057142857142857,-0.7380073800738007,-75.0,-0.011921127614637483,35,2023-01,2025-11,2,2,0.0,607.2746441750131,99,835.0026357406431,26.4,Stable
N08001101,BALLYCROCHAN,3118,23,252.90937414093284,0.004329004329004329,461,False,23,0.6571428571428571,0.0,0.0,0.0015272305201747157,35,2023-01,2025-11,0,1,-100.0,252.90937414093284,32,351.8739118482544,25.3,Stable
N08001102,BALLYGOWAN,4368,177,1389.324960753532,0.487012987012987,238,False,177,5.057142857142857,0.5341880341880345,30.43478260869567,0.019943874985891796,35,2023-01,2025-11,11,9,22.22222222222222,1389.324960753532,213,1671.8995290423863,63.2,Watch
N08001103,BALLYGRAINEY,6301,433,2356.0886027161223,0.7272727272727273,127,False,433,12.371428571428572,-2.7508861027350155,-67.53246753246754,-0.05254601443815104,35,2023-01,2025-11,9,12,-25.0,2356.0886027161223,599,3259.346588976806,53.8,Stable
N08001104,BALLYHOLME,3891,195,1718.2509086903844,0.5952380952380952,188,False,195,5.571428571428571,-0.6853422427824897,-42.10526315789475,-0.05140066820868669,35,2023-01,2025-11,1,3,-66.66666666666666,1718.2509086903844,231,2035.4664610639936,44.9,Stable
N08001105,BALLYMAGEE,4119,80,665.9036520653417,0.170995670995671,384,False,80,2.2857142857142856,-0.0809257910496074,-11.111111111111098,-0.00401228711926626,35,2023-01,2025-11,4,2,100.0,665.9036520653417,116,965.5602954947456,34.1,Stable
N08001106,BALLYWALTER,4647,216,1593.6548925574104,0.5606060606060606,204,False,216,6.171428571428572,-1.3628864500394515,-65.51724137931033,-0.030862355701910624,35,2023-01,2025-11,3,5,-40.0,1593.6548925574104,243,1792.8617541270867,45.9,Stable
N08001107,BLOOMFIELD,4188,287,2349.5702005730654,0.7251082251082251,128,False,287,8.2,-1.5122572429162686,-54.285714285714285,-0.029964230200198512,35,2023-01,2025-11,4,4,0.0,2349.5702005730654,332,2717.969709373721,57.8,Watch
N08001108,BROADWAY,3421,125,1252.7665260784233,0.4458874458874459,257,False,125,3.5714285714285716,-2.33849751534639,-88.88888888888889,-0.041840764367717255,35,2023-01,2025-11,1,9,-88.88888888888889,1252.7665260784233,197,1974.3600450995948,35.9,Stable
N08001109,BRYANSBURN,3759,100,912.0966822483183,0.27056277056277056,338,False,100,2.857142857142857,-0.9754367296266737,-78.57142857142857,-0.01184831474489237,35,2023-01,2025-11,1,1,0.0,912.0966822483183,131,1194.8466537452969,35.9,Stable
N08001110,CARROWDORE,4260,189,1521.1267605633807,0.538961038961039,214,False,189,5.4,-0.1564945226917056,-10.526315789473673,-0.02465775042411331,35,2023-01,2025-11,6,2,200.0,1521.1267605633807,252,2028.1690140845074,46.8,Stable
N08001111,CASTLE,4029,601,5114.349537283268,0.9415584415584416,28,True,601,17.17142857142857,-3.8884752213121536,-55.294117647058826,-0.09441354104312354,35,2023-01,2025-11,13,8,62.5,5114.349537283268,772,6569.513881501969,67.1,Watch
N08001112,CLANDEBOYE,4189,656,5369.1641373665725,0.948051948051948,25,True,656,18.742857142857144,-0.07957348611442683,-2.777777777777783,0.05657073046454195,35,2023-01,2025-11,5,15,-66.66666666666666,5369.1641373665725,755,6179.449578828906,96.2,High
N08001113,COMBER NORTH,3790,154,1393.1398416886545,0.48917748917748916,237,False,154,4.4,-0.35180299032541784,-36.36363636363637,0.015594628352660343,35,2023-01,2025-11,2,5,-60.0,1393.1398416886545,167,1510.7425555974369,62.9,Watch
N08001114,COMBER SOUTH,3786,94,851.2565089427213,0.24675324675324675,349,False,94,2.6857142857142855,-1.6728297235428777,-82.6086956521739,-0.028928634316906877,35,2023-01,2025-11,2,2,0.0,851.2565089427213,134,1213.493321258773,24.8,Stable
N08001115,COMBER WEST,3807,125,1125.7458065968706,0.38095238095238093,287,False,125,3.5714285714285716,-0.9631380789773225,-84.61538461538461,-0.018173804851596524,35,2023-01,2025-11,1,2,-50.0,1125.7458065968706,170,1531.0142969717435,39.4,Stable
N08001116,CONWAY SQUARE,4317,1071,8505.906879777625,0.987012987012987,7,True,1071,30.6,-1.9303528685043636,-21.367521367521373,-0.09505771268433243,35,2023-01,2025-11,24,28,-14.285714285714285,8505.906879777625,1388,11023.528243820114,70.2,Elevated
N08001117,CRONSTOWN,4479,74,566.4529710075591,0.11038961038961038,412,False,74,2.1142857142857143,0.37210686909280344,62.5,-0.005065656537229757,35,2023-01,2025-11,2,0,,566.4529710075591,74,566.4529710075591,29.2,Stable
N08001118,CULTRA,4007,87,744.4115654747051,0.21212121212121213,365,False,87,2.4857142857142858,-0.7486897928624907,-60.00000000000001,-0.01523943742707962,35,2023-01,2025-11,1,2,-50.0,744.4115654747051,123,1052.4439373952725,29.6,Stable
N08001119,DONAGHADEE,3972,204,1760.897712559344,0.6017316017316018,185,False,204,5.828571428571428,2.0140986908358514,120.00000000000004,0.06191801997737664,35,2023-01,2025-11,7,4,75.0,1760.897712559344,240,2071.644367716875,72.1,Elevated
N08001120,GLEN,4521,132,1001.0427528675702,0.31601731601731603,317,False,132,3.7714285714285714,-0.5161100051611001,-38.88888888888889,-0.0031598571744557006,35,2023-01,2025-11,3,2,50.0,1001.0427528675702,141,1069.295667835814,44.8,Stable
N08001121,GREGSTOWN,3183,151,1669.583950451057,0.5865800865800865,192,False,155,4.428571428571429,-0.9425070688030159,-47.368421052631575,-0.02587274306518084,35,2023-01,2025-11,4,7,-42.857142857142854,1669.583950451057,195,2100.4443247610075,49.9,Stable
N08001122,GROOMSPORT,3630,113,1067.2963400236129,0.3463203463203463,303,False,113,3.2285714285714286,-0.45913682277318646,-29.41176470588236,-0.022300931391840473,35,2023-01,2025-11,4,2,100.0,1067.2963400236129,158,1492.3258559622195,34.6,Stable
N08001123,HARBOUR,4752,675,4870.129870129869,0.9307359307359307,33,True,675,19.285714285714285,-0.631313131313131,-13.846153846153841,0.02122060945590357,35,2023-01,2025-11,11,20,-45.0,4870.129870129869,837,6038.96103896104,94.4,High
N08001124,HELEN'S BAY,3901,210,1845.680594719303,0.6255411255411255,174,False,210,6.0,-1.1962744595402888,-66.66666666666666,-0.01701782994664154,35,2023-01,2025-11,1,4,-75.0,1845.680594719303,255,2241.1835793020105,57.5,Watch
N08001125,HOLYWOOD,4065,394,3323.1418028466,0.8333333333333334,78,True,394,11.257142857142858,-5.904059040590405,-86.74698795180721,-0.1266533673740099,35,2023-01,2025-11,3,8,-62.5,3323.1418028466,583,4917.23774380601,58.9,Watch
N08001126,KILCOOLEY,4425,334,2587.8934624697335,0.7510822510822511,116,False,334,9.542857142857143,-2.033898305084746,-61.36363636363637,-0.029878618113912243,35,2023-01,2025-11,7,6,16.666666666666664,2587.8934624697335,468,3626.1501210653755,59.7,Watch
N08001127,KILLINCHY,3737,56,513.7811078405139,0.07575757575757576,428,False,56,1.6,-0.08919810900008923,-20.000000000000007,-0.0036728633117683734,35,2023-01,2025-11,2,1,100.0,513.7811078405139,74,678.925035360679,27.7,Stable
N08001128,KIRCUBBIN,4396,182,1419.4722474977254,0.5043290043290043,230,False,182,5.2,-1.1373976342129206,-78.94736842105262,-0.023512589749275503,35,2023-01,2025-11,1,4,-75.0,1419.4722474977254,218,1700.2469777720005,45.1,Stable
N08001129,LOUGHRIES,4170,121,994.8612538540597,0.3116883116883117,319,False,121,3.4571428571428573,-0.3996802557953638,-41.66666666666667,-0.011285089575398493,35,2023-01,2025-11,3,4,-25.0,994.8612538540597,130,1068.8591983556012,39.5,Stable
N08001130,LOUGHVIEW,4662,272,2000.367714653429,0.658008658008658,159,False,272,7.771428571428571,-2.5025025025025025,-71.42857142857143,-0.05713997310635966,35,2023-01,2025-11,4,7,-42.857142857142854,2000.367714653429,362,2662.2540908255196,48.7,Stable
N08001131,MOVILLA,4244,130,1017.9076343072575,0.329004329004329,311,False,126,3.6,-0.8639648130694312,-61.11111111111111,-0.023826684302373145,35,2023-01,2025-11,3,2,50.0,1017.9076343072575,198,1599.5691396256902,32.6,Stable
N08001132,PORTAFERRY,3544,45,435.34343760077405,0.04329004329004329,443,False,45,1.2857142857142858,-0.18811136192626032,-40.0,0.005611725502842215,35,2023-01,2025-11,0,0,,435.34343760077405,81,783.6181876813931,29.5,Stable
N08001133,PORTAVOGIE,3865,148,1312.8811679911294,0.46320346320346323,249,False,148,4.228571428571429,-0.5174644243208281,-42.85714285714286,0.01333521765756756,35,2023-01,2025-11,5,4,25.0,1312.8811679911294,193,1712.0680096100537,60.7,Watch
N08001134,RATHGAEL,3684,246,2289.4369474174036,0.7186147186147186,131,False,246,7.0285714285714285,-2.9858849077090124,-66.0,-0.04539274993384975,35,2023-01,2025-11,6,8,-25.0,2289.4369474174036,478,4448.580735225686,54.3,Stable
N08001135,RATHMORE,3699,137,1269.8412698412696,0.45021645021645024,255,False,137,3.914285714285714,-0.36045778138235574,-23.52941176470589,-0.0012873492192227,35,2023-01,2025-11,3,4,-25.0,1269.8412698412696,191,1770.3626462750553,55.0,Watch
N08001136,SCRABO,4257,120,966.4753850800363,0.2943722943722944,327,False,120,3.4285714285714284,-0.39151201941899605,-29.411764705882344,0.0013818071273611638,35,2023-01,2025-11,3,5,-40.0,966.4753850800363,133,1071.1768851303734,45.5,Stable
N08001137,SILVERBIRCH,3729,77,707.9646017699116,0.18614718614718614,377,False,77,2.2,-0.26816840976133016,-25.000000000000007,-0.006835665346857436,35,2023-01,2025-11,0,2,-100.0,707.9646017699116,113,1038.961038961039,33.7,Stable
N08001138,SILVERSTREAM,3960,231,1999.9999999999998,0.6558441558441559,160,False,231,6.6,-1.430976430976431,-53.125,-0.014925161983985502,35,2023-01,2025-11,6,6,0.0,1999.9999999999998,267,2311.6883116883114,60.9,Watch
N08001139,WARREN,4309,132,1050.2934058283327,0.33766233766233766,307,False,132,3.7714285714285714,-1.2377195018179,-59.259259259259245,-0.010335997940601164,35,2023-01,2025-11,4,2,100.0,1050.2934058283327,186,1479.9588900308324,42.0,Stable
N08001140,WEST WINDS,4467,401,3077.8086923150727,0.816017316017316,86,True,401,11.457142857142857,-2.1640176106260727,-65.9090909090909,-0.006897766942012988,35,2023-01,2025-11,6,9,-33.33333333333333,3077.8086923150727,522,4006.5240333877005,77.7,Elevated
N08000703,BALLYMACASH,3137,156,1704.9956737556354,0.5930735930735931,189,False,156,4.457142857142857,-0.4250345340558921,-26.66666666666667,-0.020358797009399868,35,2023-01,2025-11,3,6,-50.0,1704.9956737556354,219,2393.5516189261807,53.0,Stable
N08000740,WHITE MOUNTAIN,6138,232,1295.9083926825863,0.45670995670995673,252,False,232,6.628571428571429,-0.9232106006299557,-51.51515151515152,-0.022133323841103718,35,2023-01,2025-11,4,3,33.33333333333333,1295.9083926825863,317,1770.702415863706,42.7,Stable
N08000716,ENLER,3205,210,2246.4898595943837,0.7142857142857143,133,False,210,6.0,-0.31201248049922015,-12.500000000000005,0.025432950091112887,35,2023-01,2025-11,8,6,33.33333333333333,2246.4898595943837,255,2727.8805437931805,79.4,Elevated
N08000702,BALLYHANWOOD,3028,158,1789.0167956218156,0.6082251082251082,182,False,158,4.514285714285714,-2.3117569352708056,-58.333333333333336,-0.030157373385285367,35,2023-01,2025-11,5,0,,1789.0167956218156,270,3057.180600113229,49.5,Stable
N08000724,KNOCKBRACKEN,3534,69,669.4154741692943,0.17532467532467533,382,False,69,1.9714285714285715,-0.9432182607055273,-62.5,-0.011492995613638765,35,2023-01,2025-11,3,1,200.0,669.4154741692943,105,1018.6757215619696,29.6,Stable
N08000734,MONEYREAGH,3125,103,1130.057142857143,0.3852813852813853,285,False,103,2.942857142857143,-2.5600000000000005,-88.8888888888889,-0.022857142857142833,35,2023-01,2025-11,2,0,,1130.057142857143,188,2062.6285714285714,37.0,Stable
N08001027,KNOCKNASHINNA,4679,412,3018.9600952584497,0.803030303030303,92,True,412,11.771428571428572,-3.562014675500463,-63.29113924050633,-0.04753343953524983,35,2023-01,2025-11,7,4,75.0,3018.9600952584497,699,5121.973559673923,60.1,Watch
N08000535,SKEOGE,6385,727,3903.792370511243,0.8658008658008658,63,True,727,20.771428571428572,-3.8632210910989304,-63.24786324786326,-0.039834257900497674,35,2023-01,2025-11,14,9,55.55555555555556,3903.792370511243,1072,5756.348584852892,65.8,Watch
N08000537,SPRINGTOWN,2883,188,2235.766314850602,0.7121212121212122,134,False,188,5.371428571428571,-1.040582726326743,-42.85714285714286,-0.011173390618821243,35,2023-01,2025-11,4,7,-42.857142857142854,2235.766314850602,345,4102.869035231158,67.6,Watch
N08000532,SHANTALLOW EAST,4266,124,996.5842877235282,0.31385281385281383,318,False,124,3.5428571428571427,-0.6250976715111738,-47.05882352941177,-0.008207690014589975,35,2023-01,2025-11,3,3,0.0,996.5842877235282,222,1784.207353827607,41.6,Stable
N08000513,CULMORE,4324,85,673.979119862561,0.1774891774891775,381,False,85,2.4285714285714284,-0.4625346901017575,-37.49999999999999,-0.011595757637004852,35,2023-01,2025-11,2,1,100.0,673.979119862561,103,816.7041099511034,29.6,Stable
N08000539,STRABANE WEST,3105,215,2374.0510697032437,0.7294372294372294,126,False,215,6.142857142857143,-3.3279656468062253,-75.60975609756096,-0.0518726008922087,35,2023-01,2025-11,2,4,-50.0,2374.0510697032437,354,3908.9026915113873,54.2,Stable
N08000802,AHOGHILL,3607,158,1501.8416570953304,0.5281385281385281,219,False,158,4.514285714285714,-1.3861935126143607,-60.0,-0.02453989635776684,35,2023-01,2025-11,1,2,-50.0,1501.8416570953304,212,2015.1293120519622,46.2,Stable
N08000123,HIGHTOWN,3126,199,2182.61584864272,0.7012987012987013,139,False,199,5.685714285714286,1.2795905310300708,57.14285714285716,0.005914073882912085,35,2023-01,2025-11,2,4,-50.0,2182.61584864272,226,2478.7496572525365,75.7,Elevated
N08000113,CLADY,3834,169,1511.289961994187,0.5303030303030303,218,False,169,4.828571428571428,-2.347417840375587,-77.14285714285715,-0.023306140400865618,35,2023-01,2025-11,0,5,-100.0,1511.289961994187,249,2226.693494299128,47.1,Stable
N08000314,CAVEHILL,4434,146,1128.9387202783685,0.38311688311688313,286,False,146,4.171428571428572,-0.37588332581566697,-29.41176470588236,-0.024448209595069412,35,2023-01,2025-11,3,1,200.0,1128.9387202783685,164,1268.1229460661125,36.1,Stable
N08000343,POLEGLASS,6103,477,2679.712553545095,0.7662337662337663,109,False,477,13.628571428571428,-1.3108307389808296,-39.344262295081975,-0.012897179189552294,35,2023-01,2025-11,9,9,0.0,2679.712553545095,706,3966.199293087708,69.9,Watch
N08000639,TERMON,2699,30,381.09352670301166,0.023809523809523808,452,False,30,0.8571428571428571,0.24700506360380386,199.99999999999997,0.0021794564435629773,35,2023-01,2025-11,0,0,,381.09352670301166,48,609.7496427248186,27.1,Stable
N08000622,GORTIN,3304,110,1141.4735385679696,0.3917748917748918,282,False,110,3.142857142857143,-0.8071025020177561,-47.05882352941176,-0.026536038144071156,35,2023-01,2025-11,4,2,100.0,1141.4735385679696,137,1421.6534071255621,35.9,Stable
N08000619,FAIRY WATER,2826,23,279.04155292690325,0.010822510822510822,458,False,23,0.6571428571428571,-0.3538570417551309,-60.0,-0.0072357322263654185,35,2023-01,2025-11,0,1,-100.0,279.04155292690325,41,497.421898695784,21.1,Stable
N08000603,BELLEEK and BOA,3123,23,252.5044599972554,0.0021645021645021645,462,False,23,0.6571428571428571,0.0,0.0,-0.0034083438050212067,35,2023-01,2025-11,1,1,0.0,252.5044599972554,32,351.3105530396597,22.8,Stable
N08000616,DRUMQUIN,2910,52,612.6656848306334,0.14285714285714285,397,False,52,1.4857142857142858,-0.9163802978235966,-66.66666666666666,-0.01684522606293376,35,2023-01,2025-11,0,3,-100.0,612.6656848306334,79,930.780559646539,23.9,Stable
N08000912,COALISLAND NORTH,3671,116,1083.3949488267112,0.354978354978355,299,False,116,3.3142857142857145,-0.45400889857441207,-31.25,0.001602384347909687,35,2023-01,2025-11,4,5,-20.0,1083.3949488267112,147,1372.9229092890223,50.0,Stable
N08000636,SIXMILECROSS,2828,40,484.94645382905634,0.06277056277056277,434,False,40,1.1428571428571428,-0.5893446487505893,-50.0,-0.012282140579003873,35,2023-01,2025-11,0,1,-100.0,484.94645382905634,58,703.1723580521318,21.1,Stable
N08000631,NEWTOWNSAVILLE,2977,41,472.1915638946207,0.05844155844155844,436,False,41,1.1714285714285715,0.0,0.0,0.0012231967022616932,35,2023-01,2025-11,1,3,-66.66666666666666,472.1915638946207,122,1405.0578242717982,28.8,Stable
N08000620,FINTONA,2553,104,1396.676179284875,0.49567099567099565,234,False,104,2.9714285714285715,-1.6973495234364797,-52.0,-0.03214760248008328,35,2023-01,2025-11,4,3,33.33333333333333,1396.676179284875,180,2417.3241564545915,41.1,Stable
N08000638,TEMPO,2878,51,607.564777126973,0.13852813852813853,399,False,51,1.457142857142857,-0.926569376882094,-80.0,-0.014988622273092693,35,2023-01,2025-11,1,0,,607.564777126973,82,976.8688573414078,24.6,Stable
N08000606,BROOKEBOROUGH,2579,59,784.3571705533707,0.22727272727272727,358,False,59,1.6857142857142857,-1.42173969238723,-78.57142857142857,-0.02346033411425833,35,2023-01,2025-11,0,1,-100.0,784.3571705533707,86,1143.3002825015235,25.8,Stable
N08000628,LISNASKEA,2645,209,2709.154739400486,0.7727272727272727,106,False,209,5.9714285714285715,-2.268431001890359,-48.648648648648646,-0.042572794713348495,35,2023-01,2025-11,1,5,-80.0,2709.154739400486,330,4277.612746421821,58.6,Watch
N08000626,LISBELLAW,3057,102,1143.9786905930182,0.3939393939393939,281,False,102,2.914285714285714,-1.8536691745720202,-89.47368421052632,-0.017134757075875817,35,2023-01,2025-11,1,1,0.0,1143.9786905930182,147,1648.6751717369973,41.1,Stable
N08000613,DONAGH,2527,44,596.9811747413647,0.13203463203463203,402,False,44,1.2571428571428571,-0.5276348766653476,-57.14285714285714,-0.010641375663838938,35,2023-01,2025-11,1,2,-50.0,596.9811747413647,66,895.471762112047,27.3,Stable
N08001007,BESSBROOK,5535,331,2050.3290747193187,0.670995670995671,153,False,331,9.457142857142857,-0.18066847335140013,-6.97674418604651,0.006477749184588009,35,2023-01,2025-11,11,6,83.33333333333334,2050.3290747193187,506,3134.33991482772,73.7,Elevated
N08000329,GARNERVILLE,4788,195,1396.3480128893664,0.4935064935064935,235,False,195,5.571428571428571,-0.9050403787245889,-43.33333333333332,-0.008424422400539153,35,2023-01,2025-11,7,4,75.0,1396.3480128893664,285,2040.816326530612,54.0,Stable
N08000351,STORMONT,5045,191,1298.031997734674,0.4588744588744589,251,False,191,5.457142857142857,-1.4535844070036341,-75.86206896551724,-0.015102175657180613,35,2023-01,2025-11,2,3,-33.33333333333333,1298.031997734674,290,1970.8339232620701,47.0,Stable
N08000347,SHANDON,5377,210,1339.0366375302215,0.4675324675324675,247,False,210,6.0,-0.5579319323042591,-36.00000000000001,-0.02609933688930288,35,2023-01,2025-11,4,5,-20.0,1339.0366375302215,286,1823.640373017349,41.4,Stable
N08000330,GILNAHIRK,5155,113,751.5588194540668,0.21428571428571427,364,False,113,3.2285714285714286,-1.0345942450695118,-76.19047619047619,-0.01738813857259683,35,2023-01,2025-11,2,3,-33.33333333333333,751.5588194540668,185,1230.4281557433837,28.4,Stable
N08000222,KILLYCOMAIN,5247,1144,7475.2920035938905,0.9805194805194806,10,True,1144,32.68571428571428,-4.637570675306525,-43.452380952380956,-0.05867031394223401,35,2023-01,2025-11,38,24,58.333333333333336,7475.2920035938905,1382,9030.466388956955,71.0,Elevated
N08000604,BERAGH,2912,46,541.6012558869702,0.09307359307359307,420,False,46,1.3142857142857143,-0.34340659340659335,-50.0,-0.00615630867731708,35,2023-01,2025-11,2,0,,541.6012558869702,46,541.6012558869702,27.4,Stable
N08000632,OWENKILLEW,2698,70,889.5478131949592,0.26406926406926406,341,False,70,2.0,-0.7412898443291331,-33.33333333333335,-0.012977763381112251,35,2023-01,2025-11,0,4,-100.0,889.5478131949592,182,2312.8243143068944,34.6,Stable
N08000615,DRUMNAKILLY,3184,38,409.18880114860013,0.0367965367965368,446,False,38,1.0857142857142856,-0.9422110552763819,-100.0,-0.018826626127838066,35,2023-01,2025-11,0,0,,409.18880114860013,65,699.9282124910266,15.1,Stable
N08000617,EDERNEY and KESH,2774,150,1853.9499433515298,0.6298701298701299,172,False,150,4.285714285714286,-1.2016342225426582,-52.63157894736843,-0.023830729119333382,35,2023-01,2025-11,4,4,0.0,1853.9499433515298,222,2743.8459161602636,53.6,Stable
N08000614,DROMORE,2784,80,985.2216748768473,0.3008658008658009,324,False,80,2.2857142857142856,0.0,0.0,0.015897163463086394,35,2023-01,2025-11,2,3,-33.33333333333333,985.2216748768473,98,1206.8965517241377,49.8,Stable
N08000350,STEWARTSTOWN,4579,355,2658.097525972608,0.7619047619047619,111,False,355,10.142857142857142,-1.819902453228507,-43.859649122807014,-0.01914720900371504,35,2023-01,2025-11,11,6,83.33333333333334,2658.097525972608,521,3901.0389043147293,65.6,Watch
N08000610,DERGMONEY,2587,337,4466.287481362859,0.9112554112554112,42,True,337,9.628571428571428,-1.6750418760469001,-27.65957446808509,-0.05554599110614477,35,2023-01,2025-11,12,5,140.0,4466.287481362859,427,5659.064553536915,66.5,Watch
N08000607,CAMOWEN,3213,300,3201.280512204882,0.8246753246753247,82,True,300,8.571428571428571,-1.2449424214130085,-30.76923076923074,-0.0254568058160083,35,2023-01,2025-11,8,7,14.285714285714285,3201.280512204882,435,4641.8567426970785,66.7,Watch
N08000640,TRILLICK,2552,42,564.2633228840125,0.10822510822510822,413,False,42,1.2,-0.2612330198537095,-33.33333333333333,0.0008780941843822154,35,2023-01,2025-11,2,0,,564.2633228840125,55,738.9162561576355,31.9,Stable
N08000601,BALLINAMALLARD,2947,129,1500.7998448785688,0.525974025974026,220,False,129,3.6857142857142855,-0.33932813030200215,-25.000000000000007,-0.021101077010376595,35,2023-01,2025-11,1,1,0.0,1500.7998448785688,178,2070.8711037859325,48.1,Stable
N08000630,NEWTOWNBUTLER,2567,89,1188.713896154488,0.42424242424242425,267,False,89,2.5428571428571427,1.0388261264770808,133.33333333333331,0.038955979742890535,35,2023-01,2025-11,1,3,-66.66666666666666,1188.713896154488,106,1415.7716066559074,59.5,Watch
N08000624,IRVINESTOWN,3387,257,2601.543717575604,0.7532467532467533,115,False,257,7.3428571428571425,-3.0508808188170455,-70.45454545454545,-0.0377121619241142,35,2023-01,2025-11,4,9,-55.55555555555556,2601.543717575604,329,3330.3808680248007,58.2,Watch
N08000627,LISNARRICK,3356,157,1603.9502809467053,0.564935064935065,202,False,157,4.485714285714286,-1.3905442987683747,-63.636363636363626,-0.017945199533925604,35,2023-01,2025-11,1,6,-83.33333333333334,1603.9502809467053,184,1879.7888642942278,52.5,Stable
N08000608,CASTLECOOLE,3203,158,1691.2715757548726,0.5887445887445888,191,False,158,4.514285714285714,-1.248829222603809,-57.14285714285714,-0.04127782864628835,35,2023-01,2025-11,2,4,-50.0,1691.2715757548726,203,2172.9628473306275,46.1,Stable
N08000633,PORTORA,3185,521,5608.432383942588,0.9523809523809523,23,True,521,14.885714285714286,-4.500261643118785,-62.318840579710134,-0.11740960120311854,35,2023-01,2025-11,10,7,42.857142857142854,5608.432383942588,677,7287.732675487778,67.3,Watch
N08000618,ERNE,3054,377,4232.3884367106375,0.8917748917748918,51,True,377,10.771428571428572,-3.0561012879284,-59.57446808510639,-0.07089934860650213,35,2023-01,2025-11,6,11,-45.45454545454545,4232.3884367106375,467,5242.77294414819,64.1,Watch
N08000331,HILLFOOT,4582,118,882.9581592567188,0.2554112554112554,345,False,118,3.3714285714285714,0.0,0.0,-0.005501982547711347,35,2023-01,2025-11,3,1,200.0,882.9581592567188,136,1017.6466920246929,39.2,Stable
N08000437,TORR HEAD and RATHLIN,3597,78,743.4767067794592,0.2077922077922078,367,False,78,2.2285714285714286,-0.5560189046427577,-54.54545454545453,-0.02959204254401231,35,2023-01,2025-11,3,2,50.0,743.4767067794592,100,953.1752651018705,21.8,Stable
