WardCode,WARDNAME,Crime type,TotalCrimes,AvgMonthly,TrendChange,TrendPct,TrendSlope,Months,FirstMonth,LastMonth,TrendDirection
N08000101,ABBEY,anti-social-behaviour,316,9.028571428571428,1.2916045702930945,68.42105263157893,0.06261819183709252,35,2023-01,2025-11,positive
N08000101,ABBEY,bicycle-theft,1,0.02857142857142857,0.0,0.0,0.00025047276734836986,35,2023-01,2025-11,positive
N08000101,ABBEY,criminal-damage-arson,5,0.14285714285714285,-0.1987083954297069,-100.0,-0.003590109665326636,35,2023-01,2025-11,negative
N08000101,ABBEY,drugs,4,0.11428571428571428,-0.29806259314456035,-100.0,-0.0031726550530793533,35,2023-01,2025-11,negative
N08000101,ABBEY,other-crime,4,0.11428571428571428,-0.1987083954297069,-100.0,-0.0031726550530793533,35,2023-01,2025-11,negative
N08000101,ABBEY,other-theft,2,0.05714285714285714,-0.09935419771485345,-100.0,-0.00100189106939348,35,2023-01,2025-11,negative
N08000101,ABBEY,possession-of-weapons,3,0.08571428571428572,0.09935419771485345,0.0,0.00175330937143859,35,2023-01,2025-11,positive
N08000101,ABBEY,shoplifting,5,0.14285714285714285,-0.49677098857426727,-100.0,-0.006929746563304904,35,2023-01,2025-11,negative
N08000101,ABBEY,vehicle-crime,2,0.05714285714285714,-0.09935419771485345,-100.0,-0.0025047276734837002,35,2023-01,2025-11,negative
N08000101,ABBEY,violent-crime,18,0.5142857142857142,-0.6954793840039741,-100.0,-0.008933528702091862,35,2023-01,2025-11,negative
N08000102,ALDERGROVE,anti-social-behaviour,137,3.914285714285714,0.0,0.0,0.0019136604257416056,35,2023-01,2025-11,positive
N08000102,ALDERGROVE,criminal-damage-arson,4,0.11428571428571428,-0.2846569883290635,-100.0,-0.003946924628092056,35,2023-01,2025-11,negative
N08000102,ALDERGROVE,drugs,1,0.02857142857142857,-0.07116424708226586,-100.0,-0.0010166321011752264,35,2023-01,2025-11,negative
N08000102,ALDERGROVE,other-crime,1,0.02857142857142857,-0.07116424708226586,-100.0,-0.0010166321011752264,35,2023-01,2025-11,negative
N08000102,ALDERGROVE,other-theft,5,0.14285714285714285,-0.3558212354113293,-100.0,-0.004903754840962857,35,2023-01,2025-11,negative
N08000102,ALDERGROVE,violent-crime,14,0.4,-0.9962994591517221,-100.0,-0.013335821091886793,35,2023-01,2025-11,negative
N08000103,ANTRIM CENTRE,anti-social-behaviour,547,15.628571428571428,-0.40719928332926125,-10.638297872340424,0.04017243349819771,35,2023-01,2025-11,positive
N08000103,ANTRIM CENTRE,bicycle-theft,1,0.02857142857142857,0.0,0.0,0.00020531056302315682,35,2023-01,2025-11,positive
N08000103,ANTRIM CENTRE,burglary,3,0.08571428571428572,-0.08143985666585227,-100.0,-0.0009581159607747326,35,2023-01,2025-11,negative
N08000103,ANTRIM CENTRE,criminal-damage-arson,10,0.2857142857142857,-0.570078996660966,-100.0,-0.006090880036353655,35,2023-01,2025-11,negative
N08000103,ANTRIM CENTRE,drugs,7,0.2,-0.16287971333170453,-100.0,-0.0026690373193010404,35,2023-01,2025-11,negative
N08000103,ANTRIM CENTRE,other-crime,2,0.05714285714285714,-0.08143985666585227,-100.0,-0.0017109213585263074,35,2023-01,2025-11,negative
N08000103,ANTRIM CENTRE,other-theft,2,0.05714285714285714,-0.08143985666585227,-100.0,-0.0008212422520926277,35,2023-01,2025-11,negative
N08000103,ANTRIM CENTRE,possession-of-weapons,2,0.05714285714285714,-0.08143985666585227,-100.0,-0.0010949896694568372,35,2023-01,2025-11,negative
N08000103,ANTRIM CENTRE,public-order,2,0.05714285714285714,-0.16287971333170453,-100.0,-0.0023268530475957787,35,2023-01,2025-11,negative
N08000103,ANTRIM CENTRE,shoplifting,8,0.22857142857142856,-0.6515188533268182,-100.0,-0.009170538481701013,35,2023-01,2025-11,negative
N08000103,ANTRIM CENTRE,vehicle-crime,3,0.08571428571428572,0.0,0.0,0.0004106211260463139,35,2023-01,2025-11,positive
N08000103,ANTRIM CENTRE,violent-crime,23,0.6571428571428571,-0.9772782799902272,-80.0,-0.012318633781389414,35,2023-01,2025-11,negative
N08000104,BALLYCLARE EAST,anti-social-behaviour,335,9.571428571428571,0.6438113632705615,21.052631578947363,0.004801534326912794,35,2023-01,2025-11,positive
N08000104,BALLYCLARE EAST,burglary,1,0.02857142857142857,-0.0804764204088202,-100.0,-0.0011496631486974315,35,2023-01,2025-11,negative
N08000104,BALLYCLARE EAST,criminal-damage-arson,4,0.11428571428571428,-0.1609528408176404,-100.0,-0.0017583083450666605,35,2023-01,2025-11,negative
N08000104,BALLYCLARE EAST,other-theft,1,0.02857142857142857,-0.0804764204088202,-100.0,-0.0011496631486974315,35,2023-01,2025-11,negative
N08000104,BALLYCLARE EAST,possession-of-weapons,1,0.02857142857142857,0.0,0.0,0.0008115269284923044,35,2023-01,2025-11,positive
N08000104,BALLYCLARE EAST,public-order,2,0.05714285714285714,-0.1609528408176404,-100.0,-0.002299326297394863,35,2023-01,2025-11,negative
N08000104,BALLYCLARE EAST,shoplifting,3,0.08571428571428572,-0.24142926122646066,-100.0,-0.0033137349580102437,35,2023-01,2025-11,negative
N08000104,BALLYCLARE EAST,violent-crime,11,0.3142857142857143,-0.804764204088202,-100.0,-0.012172903927384567,35,2023-01,2025-11,negative
N08000105,BALLYCLARE WEST,anti-social-behaviour,57,1.6285714285714286,-0.6594131223211341,-72.72727272727273,-0.007827067523349586,35,2023-01,2025-11,negative
N08000105,BALLYCLARE WEST,other-theft,1,0.02857142857142857,-0.08242664029014177,-100.0,-0.0011082573484388803,35,2023-01,2025-11,negative
N08000105,BALLYCLARE WEST,violent-crime,2,0.05714285714285714,-0.16485328058028353,-100.0,-0.0023550468654326214,35,2023-01,2025-11,negative
N08000106,BALLYDUFF,anti-social-behaviour,86,2.4571428571428573,-0.11037527593818985,-14.285714285714288,-0.00491587363422189,35,2023-01,2025-11,negative
N08000106,BALLYDUFF,burglary,2,0.05714285714285714,-0.2207505518763797,-100.0,-0.0030608269797985418,35,2023-01,2025-11,negative
N08000106,BALLYDUFF,criminal-damage-arson,7,0.2,-0.4415011037527594,-100.0,-0.006678167955924092,35,2023-01,2025-11,negative
N08000106,BALLYDUFF,drugs,2,0.05714285714285714,-0.2207505518763797,-100.0,-0.0031535793125197094,35,2023-01,2025-11,negative
N08000106,BALLYDUFF,violent-crime,11,0.3142857142857143,-0.9933774834437088,-100.0,-0.012799821915521169,35,2023-01,2025-11,negative
N08000107,BALLYHENRY,anti-social-behaviour,55,1.5714285714285714,-0.24591171769334802,-39.99999999999999,0.0006199455067899545,35,2023-01,2025-11,positive
N08000107,BALLYHENRY,criminal-damage-arson,1,0.02857142857142857,-0.12295585884667405,-100.0,-0.0017565122692382,35,2023-01,2025-11,negative
N08000107,BALLYHENRY,drugs,1,0.02857142857142857,-0.12295585884667405,-100.0,-0.0017565122692382,35,2023-01,2025-11,negative
N08000107,BALLYHENRY,vehicle-crime,1,0.02857142857142857,-0.12295585884667405,-100.0,-0.0015498637669748828,35,2023-01,2025-11,negative
N08000107,BALLYHENRY,violent-crime,8,0.22857142857142856,-0.9836468707733924,-100.0,-0.0140520981539056,35,2023-01,2025-11,negative
N08000108,BALLYNURE,anti-social-behaviour,72,2.057142857142857,-0.2770083102493075,-37.5,-0.005819502316161917,35,2023-01,2025-11,negative
N08000108,BALLYNURE,burglary,1,0.02857142857142857,-0.09233610341643583,-100.0,-0.0013190871916633686,35,2023-01,2025-11,negative
N08000108,BALLYNURE,criminal-damage-arson,1,0.02857142857142857,-0.09233610341643583,-100.0,-0.0013190871916633686,35,2023-01,2025-11,negative
N08000108,BALLYNURE,violent-crime,1,0.02857142857142857,-0.09233610341643583,-100.0,-0.0013190871916633686,35,2023-01,2025-11,negative
N08000109,BALLYROBERT,anti-social-behaviour,71,2.0285714285714285,0.43744531933508307,166.66666666666666,0.012939559025710015,35,2023-01,2025-11,positive
N08000109,BALLYROBERT,criminal-damage-arson,1,0.02857142857142857,-0.08748906386701662,-100.0,-0.0012498437695288088,35,2023-01,2025-11,negative
N08000109,BALLYROBERT,drugs,1,0.02857142857142857,0.0,0.0,0.0009557628825808536,35,2023-01,2025-11,positive
N08000109,BALLYROBERT,other-theft,4,0.11428571428571428,-0.34995625546806647,-100.0,-0.004925854856378245,35,2023-01,2025-11,negative
N08000109,BALLYROBERT,shoplifting,5,0.14285714285714285,-0.4374453193350831,-100.0,-0.006175698625907053,35,2023-01,2025-11,negative
N08000110,BURNTHILL,anti-social-behaviour,100,2.857142857142857,-0.08972633467922841,-12.500000000000009,0.0024128089997775713,35,2023-01,2025-11,positive
N08000110,BURNTHILL,criminal-damage-arson,7,0.2,-0.269179004037685,-100.0,-0.001885007031076226,35,2023-01,2025-11,negative
N08000110,BURNTHILL,drugs,1,0.02857142857142857,-0.08972633467922835,-100.0,-0.001281804781131833,35,2023-01,2025-11,negative
N08000110,BURNTHILL,vehicle-crime,1,0.02857142857142857,-0.08972633467922835,-100.0,-0.001281804781131833,35,2023-01,2025-11,negative
N08000110,BURNTHILL,violent-crime,15,0.42857142857142855,-0.44863167339614174,-100.0,-0.004976418562041235,35,2023-01,2025-11,negative
N08000111,CARNMONEY,anti-social-behaviour,57,1.6285714285714286,0.6393044367727911,166.66666666666666,0.009670151144462394,35,2023-01,2025-11,positive
N08000111,CARNMONEY,criminal-damage-arson,1,0.02857142857142857,-0.12786088735455822,-100.0,-0.001826584105065117,35,2023-01,2025-11,negative
N08000111,CARNMONEY,other-crime,1,0.02857142857142857,-0.12786088735455822,-100.0,-0.0017191379812377566,35,2023-01,2025-11,negative
N08000111,CARNMONEY,shoplifting,1,0.02857142857142857,-0.12786088735455822,-100.0,-0.001826584105065117,35,2023-01,2025-11,negative
N08000111,CARNMONEY,violent-crime,3,0.08571428571428572,-0.3835826620636747,-100.0,-0.005049967819885911,35,2023-01,2025-11,negative
N08000112,CARNMONEY HILL,anti-social-behaviour,133,3.8,1.0085728693898135,1000.0000000000002,0.03568144353051356,35,2023-01,2025-11,positive
N08000112,CARNMONEY HILL,other-crime,2,0.05714285714285714,-0.20171457387796266,-100.0,-0.00288163676968518,35,2023-01,2025-11,negative
N08000112,CARNMONEY HILL,violent-crime,1,0.02857142857142857,-0.10085728693898133,-100.0,-0.0013560643622047906,35,2023-01,2025-11,negative
N08000113,CLADY,anti-social-behaviour,145,4.142857142857143,-0.7824726134585288,-52.94117647058824,-0.0016803800289025227,35,2023-01,2025-11,negative
N08000113,CLADY,burglary,2,0.05714285714285714,0.0,0.0,-0.0002922400050265279,35,2023-01,2025-11,negative
N08000113,CLADY,criminal-damage-arson,2,0.05714285714285714,0.0,0.0,-1.9111235718319696e-19,35,2023-01,2025-11,flat
N08000113,CLADY,drugs,3,0.08571428571428572,-0.2608242044861763,-100.0,-0.003360760057805074,35,2023-01,2025-11,negative
N08000113,CLADY,other-crime,5,0.14285714285714285,-0.43470700747696056,-100.0,-0.006210100106813722,35,2023-01,2025-11,negative
N08000113,CLADY,other-theft,4,0.11428571428571428,-0.3477656059815684,-100.0,-0.004748900081681077,35,2023-01,2025-11,negative
N08000113,CLADY,violent-crime,8,0.22857142857142856,-0.5216484089723527,-100.0,-0.007013760120636675,35,2023-01,2025-11,negative
N08000114,COLLINBRIDGE,anti-social-behaviour,156,4.457142857142857,0.3416467372736589,21.42857142857142,0.0010526930280140706,35,2023-01,2025-11,positive
N08000114,COLLINBRIDGE,criminal-damage-arson,6,0.17142857142857143,-0.4555289830315454,-100.0,-0.007560249928464723,35,2023-01,2025-11,negative
N08000114,COLLINBRIDGE,other-theft,1,0.02857142857142857,-0.11388224575788634,-100.0,-0.0016268892251126619,35,2023-01,2025-11,negative
N08000114,COLLINBRIDGE,robbery,1,0.02857142857142857,-0.11388224575788634,-100.0,-0.0016268892251126619,35,2023-01,2025-11,negative
N08000114,COLLINBRIDGE,violent-crime,12,0.34285714285714286,-1.024940211820977,-100.0,-0.012919414434718198,35,2023-01,2025-11,negative
N08000115,CRANFIELD,anti-social-behaviour,72,2.057142857142857,-0.9448818897637794,-60.0,-0.010939808994463935,35,2023-01,2025-11,negative
N08000115,CRANFIELD,criminal-damage-arson,1,0.02857142857142857,-0.10498687664041995,-100.0,-0.0014115882573501846,35,2023-01,2025-11,negative
N08000115,CRANFIELD,drugs,1,0.02857142857142857,-0.10498687664041995,-100.0,-0.0014998125234345703,35,2023-01,2025-11,negative
N08000115,CRANFIELD,other-crime,1,0.02857142857142857,-0.10498687664041995,-100.0,-0.0014998125234345703,35,2023-01,2025-11,negative
N08000115,CRANFIELD,violent-crime,7,0.2,0.2099737532808399,100.0,0.001411588257350185,35,2023-01,2025-11,positive
N08000116,CRUMLIN,anti-social-behaviour,192,5.485714285714286,-0.449842555105713,-29.411764705882355,-0.02744417605098716,35,2023-01,2025-11,negative
N08000116,CRUMLIN,burglary,1,0.02857142857142857,-0.0899685110211426,-100.0,-0.0012852644431591799,35,2023-01,2025-11,negative
N08000116,CRUMLIN,criminal-damage-arson,3,0.08571428571428572,-0.2699055330634278,-100.0,-0.003855793329477539,35,2023-01,2025-11,negative
N08000116,CRUMLIN,drugs,2,0.05714285714285714,-0.0899685110211426,-100.0,-0.001436472024707319,35,2023-01,2025-11,negative
N08000116,CRUMLIN,shoplifting,2,0.05714285714285714,-0.0899685110211426,-100.0,-0.0021925099324480125,35,2023-01,2025-11,negative
N08000116,CRUMLIN,violent-crime,4,0.11428571428571428,-0.3598740440845704,-100.0,-0.004989850191088578,35,2023-01,2025-11,negative
N08000117,DOAGH,anti-social-behaviour,96,2.742857142857143,-0.3841352155958898,-44.44444444444445,0.012024400656257886,35,2023-01,2025-11,positive
N08000117,DOAGH,criminal-damage-arson,1,0.02857142857142857,0.0,0.0,-0.0011298094576349697,35,2023-01,2025-11,negative
N08000117,DOAGH,drugs,1,0.02857142857142857,-0.09603380389897244,-100.0,-0.0013719114842710345,35,2023-01,2025-11,negative
N08000117,DOAGH,shoplifting,1,0.02857142857142857,-0.09603380389897244,-100.0,-0.0013719114842710345,35,2023-01,2025-11,negative
N08000117,DOAGH,violent-crime,1,0.02857142857142857,0.09603380389897244,0.0,0.0012105101331803248,35,2023-01,2025-11,positive
N08000118,FAIRVIEW,anti-social-behaviour,55,1.5714285714285714,0.21401819154628143,100.0,-0.01267922899496877,35,2023-01,2025-11,negative
N08000118,FAIRVIEW,criminal-damage-arson,2,0.05714285714285714,-0.21401819154628143,-100.0,-0.0030574027363754488,35,2023-01,2025-11,negative
N08000118,FAIRVIEW,vehicle-crime,1,0.02857142857142857,0.0,0.0,-0.0012589305385075375,35,2023-01,2025-11,negative
N08000118,FAIRVIEW,violent-crime,2,0.05714285714285714,-0.21401819154628143,-100.0,-0.0030574027363754488,35,2023-01,2025-11,negative
N08000119,FOUNTAIN HILL,anti-social-behaviour,127,3.6285714285714286,-0.38480038480038475,-50.0,-0.01980590215884331,35,2023-01,2025-11,negative
N08000119,FOUNTAIN HILL,criminal-damage-arson,1,0.02857142857142857,-0.09620009620009619,-100.0,-0.0013742870885728026,35,2023-01,2025-11,negative
N08000119,FOUNTAIN HILL,violent-crime,8,0.22857142857142856,-0.7696007696007695,-100.0,-0.01099429670858242,35,2023-01,2025-11,negative
N08000120,GLEBE,anti-social-behaviour,61,1.7428571428571429,0.6574621959237344,100.0,0.0038674246819043264,35,2023-01,2025-11,positive
N08000120,GLEBE,criminal-damage-arson,2,0.05714285714285714,0.0,0.0,-0.00018416308009068172,35,2023-01,2025-11,negative
N08000120,GLEBE,drugs,1,0.02857142857142857,-0.10957703265395574,-100.0,-0.001473304640725456,35,2023-01,2025-11,negative
N08000120,GLEBE,violent-crime,2,0.05714285714285714,-0.10957703265395574,-100.0,-0.0012891415606347734,35,2023-01,2025-11,negative
N08000121,GLENGORMLEY,anti-social-behaviour,326,9.314285714285715,-1.0718113612004294,-23.913043478260885,-0.031032582574099497,35,2023-01,2025-11,negative
N08000121,GLENGORMLEY,criminal-damage-arson,5,0.14285714285714285,-0.4871869823638313,-100.0,-0.006959814033769018,35,2023-01,2025-11,negative
N08000121,GLENGORMLEY,other-theft,4,0.11428571428571428,-0.38974958589106495,-100.0,-0.005240330566602553,35,2023-01,2025-11,negative
N08000121,GLENGORMLEY,violent-crime,5,0.14285714285714285,-0.29231218941829873,-100.0,-0.004994690071293058,35,2023-01,2025-11,negative
N08000122,GREYSTONE,anti-social-behaviour,144,4.114285714285714,1.1935763888888888,157.1428571428571,0.0419438608776844,35,2023-01,2025-11,positive
N08000122,GREYSTONE,criminal-damage-arson,4,0.11428571428571428,-0.43402777777777773,-100.0,-0.006109214519140989,35,2023-01,2025-11,negative
N08000122,GREYSTONE,drugs,1,0.02857142857142857,-0.10850694444444443,-100.0,-0.001550099206349206,35,2023-01,2025-11,negative
N08000122,GREYSTONE,other-crime,2,0.05714285714285714,-0.21701388888888887,-100.0,-0.003100198412698412,35,2023-01,2025-11,negative
N08000122,GREYSTONE,other-theft,1,0.02857142857142857,-0.10850694444444443,-100.0,-0.001550099206349206,35,2023-01,2025-11,negative
N08000122,GREYSTONE,possession-of-weapons,1,0.02857142857142857,-0.10850694444444443,-100.0,-0.001550099206349206,35,2023-01,2025-11,negative
N08000122,GREYSTONE,violent-crime,9,0.2571428571428571,-0.8680555555555555,-100.0,-0.012491975957049485,35,2023-01,2025-11,negative
N08000123,HIGHTOWN,anti-social-behaviour,183,5.228571428571429,2.4525485178076347,255.55555555555554,0.02410433143186899,35,2023-01,2025-11,positive
N08000123,HIGHTOWN,criminal-damage-arson,2,0.05714285714285714,0.0,0.0,-8.96071800441227e-05,35,2023-01,2025-11,negative
N08000123,HIGHTOWN,drugs,5,0.14285714285714285,-0.42653017701002344,-100.0,-0.0064517169631768245,35,2023-01,2025-11,negative
N08000123,HIGHTOWN,other-theft,2,0.05714285714285714,-0.10663254425250586,-100.0,-0.002150572321058941,35,2023-01,2025-11,negative
N08000123,HIGHTOWN,possession-of-weapons,2,0.05714285714285714,-0.21326508850501172,-100.0,-0.003046644121500167,35,2023-01,2025-11,negative
N08000123,HIGHTOWN,robbery,1,0.02857142857142857,-0.10663254425250586,-100.0,-0.0015233220607500835,35,2023-01,2025-11,negative
N08000123,HIGHTOWN,shoplifting,2,0.05714285714285714,-0.21326508850501172,-100.0,-0.002957036941456044,35,2023-01,2025-11,negative
N08000123,HIGHTOWN,violent-crime,2,0.05714285714285714,-0.10663254425250586,-100.0,-0.001971357960970696,35,2023-01,2025-11,negative
N08000124,JORDANSTOWN,anti-social-behaviour,36,1.0285714285714285,0.20550760378133992,200.0,-0.0012088682575372913,35,2023-01,2025-11,negative
N08000124,JORDANSTOWN,violent-crime,2,0.05714285714285714,-0.10275380189066996,-100.0,-0.0024177365150745865,35,2023-01,2025-11,negative
N08000125,MALLUSK,anti-social-behaviour,260,7.428571428571429,-0.42469607686999,-36.36363636363637,0.022662353681717946,35,2023-01,2025-11,positive
N08000125,MALLUSK,criminal-damage-arson,5,0.14285714285714285,-0.21234803843499495,-100.0,-0.0029443215413255588,35,2023-01,2025-11,negative
N08000125,MALLUSK,drugs,1,0.02857142857142857,-0.053087009608748736,-100.0,-0.0007583858515535532,35,2023-01,2025-11,negative
N08000125,MALLUSK,other-crime,1,0.02857142857142857,-0.053087009608748736,-100.0,-0.0007583858515535532,35,2023-01,2025-11,negative
N08000125,MALLUSK,other-theft,1,0.02857142857142857,-0.053087009608748736,-100.0,-0.0006691639866649001,35,2023-01,2025-11,negative
N08000125,MALLUSK,robbery,1,0.02857142857142857,0.0,0.0,-0.0006245530542205735,35,2023-01,2025-11,negative
N08000125,MALLUSK,violent-crime,9,0.2571428571428571,-0.47778308647873863,-100.0,-0.006647028934204674,35,2023-01,2025-11,negative
N08000126,MONKSTOWN,anti-social-behaviour,194,5.542857142857143,-0.7156915369475756,-66.66666666666666,-0.027815742507416273,35,2023-01,2025-11,negative
N08000126,MONKSTOWN,criminal-damage-arson,3,0.08571428571428572,-0.08946144211844696,-100.0,-0.0009773098718821934,35,2023-01,2025-11,negative
N08000126,MONKSTOWN,drugs,3,0.08571428571428572,-0.2683843263553409,-100.0,-0.0038340618050762966,35,2023-01,2025-11,negative
N08000126,MONKSTOWN,other-crime,3,0.08571428571428572,-0.2683843263553409,-100.0,-0.0038340618050762966,35,2023-01,2025-11,negative
N08000126,MONKSTOWN,other-theft,3,0.08571428571428572,-0.2683843263553409,-100.0,-0.003533351075266391,35,2023-01,2025-11,negative
N08000126,MONKSTOWN,possession-of-weapons,1,0.02857142857142857,-0.08946144211844696,-100.0,-0.001278020601692099,35,2023-01,2025-11,negative
N08000126,MONKSTOWN,public-order,1,0.02857142857142857,-0.08946144211844696,-100.0,-0.001278020601692099,35,2023-01,2025-11,negative
N08000126,MONKSTOWN,shoplifting,1,0.02857142857142857,-0.08946144211844696,-100.0,-0.001278020601692099,35,2023-01,2025-11,negative
N08000126,MONKSTOWN,violent-crime,16,0.45714285714285713,-0.6262300948291287,-100.0,-0.008344722752224882,35,2023-01,2025-11,negative
N08000127,MOSSLEY,anti-social-behaviour,241,6.885714285714286,-0.9888529306005036,-55.00000000000001,-0.06383351614648014,35,2023-01,2025-11,negative
N08000127,MOSSLEY,burglary,1,0.02857142857142857,-0.08989572096368213,-100.0,-0.0012086819625369012,35,2023-01,2025-11,negative
N08000127,MOSSLEY,criminal-damage-arson,3,0.08571428571428572,-0.17979144192736426,-100.0,-0.0036260458876107076,35,2023-01,2025-11,negative
N08000127,MOSSLEY,drugs,2,0.05714285714285714,0.0,0.0,0.0012842245851954583,35,2023-01,2025-11,positive
N08000127,MOSSLEY,other-theft,3,0.08571428571428572,-0.2696871628910464,-100.0,-0.003852673755586377,35,2023-01,2025-11,negative
N08000127,MOSSLEY,violent-crime,11,0.3142857142857143,-0.8090614886731391,-100.0,-0.013371044210564481,35,2023-01,2025-11,negative
N08000128,O'NEILL,anti-social-behaviour,319,9.114285714285714,0.7011217948717947,23.333333333333332,0.002104207067442357,35,2023-01,2025-11,positive
N08000128,O'NEILL,criminal-damage-arson,2,0.05714285714285714,-0.20032051282051286,-100.0,-0.002861721611721612,35,2023-01,2025-11,negative
N08000128,O'NEILL,other-theft,4,0.11428571428571428,-0.4006410256410257,-100.0,-0.005639274940745531,35,2023-01,2025-11,negative
N08000128,O'NEILL,shoplifting,1,0.02857142857142857,-0.10016025641025643,-100.0,-0.0012625242404654164,35,2023-01,2025-11,negative
N08000128,O'NEILL,violent-crime,20,0.5714285714285714,-1.9030448717948716,-100.0,-0.02651300904977375,35,2023-01,2025-11,negative
N08000129,PARKGATE,anti-social-behaviour,69,1.9714285714285715,0.30684258975145745,74.99999999999997,-0.004985117704645517,35,2023-01,2025-11,negative
N08000129,PARKGATE,other-crime,1,0.02857142857142857,-0.10228086325048584,-100.0,-0.0014611551892926545,35,2023-01,2025-11,negative
N08000129,PARKGATE,other-theft,4,0.11428571428571428,-0.3068425897514575,-100.0,-0.005242968620403053,35,2023-01,2025-11,negative
N08000129,PARKGATE,violent-crime,6,0.17142857142857143,-0.613685179502915,-100.0,-0.008595030525250909,35,2023-01,2025-11,negative
N08000130,RANDALSTOWN,anti-social-behaviour,191,5.457142857142857,0.08926977325477625,7.142857142857169,0.004125913889926629,35,2023-01,2025-11,positive
N08000130,RANDALSTOWN,criminal-damage-arson,2,0.05714285714285714,-0.08926977325477593,-100.0,-0.00037508308090241987,35,2023-01,2025-11,negative
N08000130,RANDALSTOWN,other-crime,2,0.05714285714285714,-0.17853954650955187,-100.0,-0.002550564950136455,35,2023-01,2025-11,negative
N08000130,RANDALSTOWN,other-theft,2,0.05714285714285714,-0.17853954650955187,-100.0,-0.002475548333955971,35,2023-01,2025-11,negative
N08000130,RANDALSTOWN,public-order,1,0.02857142857142857,-0.08926977325477593,-100.0,-0.0012752824750682276,35,2023-01,2025-11,negative
N08000130,RANDALSTOWN,violent-crime,13,0.37142857142857144,-0.7141581860382075,-100.0,-0.009077010557838562,35,2023-01,2025-11,negative
N08000131,RATHCOOLE,anti-social-behaviour,231,6.6,-1.4806040864672787,-62.5,-0.045786748220164555,35,2023-01,2025-11,negative
N08000131,RATHCOOLE,criminal-damage-arson,6,0.17142857142857143,-0.39482775639127426,-100.0,-0.006469866596327602,35,2023-01,2025-11,negative
N08000131,RATHCOOLE,drugs,4,0.11428571428571428,-0.29612081729345574,-100.0,-0.005391555496939668,35,2023-01,2025-11,negative
N08000131,RATHCOOLE,other-crime,1,0.02857142857142857,-0.09870693909781857,-100.0,-0.0014100991299688362,35,2023-01,2025-11,negative
N08000131,RATHCOOLE,other-theft,2,0.05714285714285714,-0.19741387819563713,-100.0,-0.0028201982599376724,35,2023-01,2025-11,negative
N08000131,RATHCOOLE,vehicle-crime,1,0.02857142857142857,-0.09870693909781857,-100.0,-0.0014100991299688362,35,2023-01,2025-11,negative
N08000131,RATHCOOLE,violent-crime,13,0.37142857142857144,-1.0857763300760044,-100.0,-0.01650645452139991,35,2023-01,2025-11,negative
N08000132,ROSTULLA,anti-social-behaviour,111,3.1714285714285713,0.08501232678738418,20.000000000000004,0.005857992266021446,35,2023-01,2025-11,positive
N08000132,ROSTULLA,burglary,3,0.08571428571428572,0.0,0.0,0.0016430953916889374,35,2023-01,2025-11,positive
N08000132,ROSTULLA,criminal-damage-arson,4,0.11428571428571428,-0.08501232678738417,-100.0,-0.00028575572029372875,35,2023-01,2025-11,negative
N08000132,ROSTULLA,drugs,1,0.02857142857142857,0.0,0.0,0.0005715114405874564,35,2023-01,2025-11,positive
N08000132,ROSTULLA,violent-crime,3,0.08571428571428572,-0.17002465357476834,-100.0,-0.0020002900420560974,35,2023-01,2025-11,negative
N08000133,SHILVODAN,anti-social-behaviour,64,1.8285714285714285,-0.2566735112936345,-60.0,-0.0027320989997641773,35,2023-01,2025-11,negative
N08000133,SHILVODAN,other-theft,1,0.02857142857142857,-0.08555783709787818,-100.0,-0.0012222548156839736,35,2023-01,2025-11,negative
N08000133,SHILVODAN,violent-crime,8,0.22857142857142856,0.0,0.0,-0.0009346654472877441,35,2023-01,2025-11,negative
N08000134,SPRINGFARM,anti-social-behaviour,741,21.17142857142857,0.48108725720127454,14.285714285714276,0.006114659466528851,35,2023-01,2025-11,positive
N08000134,SPRINGFARM,burglary,1,0.02857142857142857,0.0,0.0,0.000606412509077237,35,2023-01,2025-11,positive
N08000134,SPRINGFARM,criminal-damage-arson,53,1.5142857142857142,-0.24054362860063747,-80.0,-0.00015160312726931018,35,2023-01,2025-11,negative
N08000134,SPRINGFARM,drugs,17,0.4857142857142857,-0.1804077214504781,-100.0,-0.002021375030257457,35,2023-01,2025-11,negative
N08000134,SPRINGFARM,other-crime,2,0.05714285714285714,-0.06013590715015935,-100.0,-0.00070748126059011,35,2023-01,2025-11,negative
N08000134,SPRINGFARM,other-theft,6,0.17142857142857143,-0.06013590715015935,-100.0,-0.00010106875151287255,35,2023-01,2025-11,negative
N08000134,SPRINGFARM,possession-of-weapons,5,0.14285714285714285,0.0,0.0,-0.0003032062545386184,35,2023-01,2025-11,negative
N08000134,SPRINGFARM,public-order,3,0.08571428571428572,0.0,0.0,0.001364428145423783,35,2023-01,2025-11,positive
N08000134,SPRINGFARM,theft-from-the-person,1,0.02857142857142857,-0.06013590715015935,-100.0,-0.0008590843878594193,35,2023-01,2025-11,negative
N08000134,SPRINGFARM,vehicle-crime,1,0.02857142857142857,-0.06013590715015935,-100.0,-0.0008590843878594193,35,2023-01,2025-11,negative
N08000134,SPRINGFARM,violent-crime,240,6.857142857142857,-1.0824463287028683,-78.26086956521739,-0.005103971951400087,35,2023-01,2025-11,negative
N08000135,STEEPLE,anti-social-behaviour,263,7.514285714285714,-0.7028641714988575,-34.782608695652165,-0.041640272345100406,35,2023-01,2025-11,negative
N08000135,STEEPLE,bicycle-theft,1,0.02857142857142857,0.0,0.0,-0.0005168118908079834,35,2023-01,2025-11,negative
N08000135,STEEPLE,burglary,1,0.02857142857142857,-0.08785802143735723,-100.0,-0.001181284321846821,35,2023-01,2025-11,negative
N08000135,STEEPLE,criminal-damage-arson,3,0.08571428571428572,-0.2635740643120717,-100.0,-0.003765343775886737,35,2023-01,2025-11,negative
N08000135,STEEPLE,drugs,1,0.02857142857142857,-0.08785802143735723,-100.0,-0.0011074540517313934,35,2023-01,2025-11,negative
N08000135,STEEPLE,other-crime,1,0.02857142857142857,-0.08785802143735723,-100.0,-0.0012551145919622456,35,2023-01,2025-11,negative
N08000135,STEEPLE,other-theft,2,0.05714285714285714,-0.17571604287471446,-100.0,-0.002362568643693639,35,2023-01,2025-11,negative
N08000135,STEEPLE,vehicle-crime,1,0.02857142857142857,-0.08785802143735723,-100.0,-0.0012551145919622456,35,2023-01,2025-11,negative
N08000135,STEEPLE,violent-crime,25,0.7142857142857143,-2.020734493059216,-100.0,-0.029975089666863047,35,2023-01,2025-11,negative
N08000136,STILES,anti-social-behaviour,186,5.314285714285714,-0.08360504974500471,-6.666666666666677,0.013699987143088985,35,2023-01,2025-11,positive
N08000136,STILES,burglary,2,0.05714285714285714,-0.16721009949000917,-100.0,-0.0022482030183530637,35,2023-01,2025-11,negative
N08000136,STILES,criminal-damage-arson,1,0.02857142857142857,-0.08360504974500459,-100.0,-0.0011943578535000652,35,2023-01,2025-11,negative
N08000136,STILES,drugs,1,0.02857142857142857,-0.08360504974500459,-100.0,-0.0011241015091765331,35,2023-01,2025-11,negative
N08000136,STILES,robbery,1,0.02857142857142857,-0.08360504974500459,-100.0,-0.0011943578535000652,35,2023-01,2025-11,negative
N08000136,STILES,vehicle-crime,1,0.02857142857142857,0.0,0.0,1.1898336494793997e-19,35,2023-01,2025-11,flat
N08000136,STILES,violent-crime,5,0.14285714285714285,-0.3344201989800184,-100.0,-0.00470717506967673,35,2023-01,2025-11,negative
N08000137,TEMPLEPATRICK,anti-social-behaviour,95,2.7142857142857144,-0.18934014957871803,-22.22222222222221,-0.0033412967572714913,35,2023-01,2025-11,negative
N08000137,TEMPLEPATRICK,burglary,2,0.05714285714285714,0.0,0.0,0.0007955468469694036,35,2023-01,2025-11,positive
N08000137,TEMPLEPATRICK,criminal-damage-arson,1,0.02857142857142857,-0.09467007478935908,-100.0,-0.001272874955151047,35,2023-01,2025-11,negative
N08000137,TEMPLEPATRICK,drugs,1,0.02857142857142857,-0.09467007478935908,-100.0,-0.0013524296398479863,35,2023-01,2025-11,negative
N08000137,TEMPLEPATRICK,other-theft,4,0.11428571428571428,-0.18934014957871817,-100.0,-0.0024661952256051513,35,2023-01,2025-11,negative
N08000137,TEMPLEPATRICK,possession-of-weapons,1,0.02857142857142857,-0.09467007478935908,-100.0,-0.0011933202704541063,35,2023-01,2025-11,negative
N08000137,TEMPLEPATRICK,shoplifting,5,0.14285714285714285,-0.47335037394679547,-100.0,-0.006682593514542992,35,2023-01,2025-11,negative
N08000137,TEMPLEPATRICK,vehicle-crime,1,0.02857142857142857,-0.09467007478935908,-100.0,-0.0013524296398479863,35,2023-01,2025-11,negative
N08000137,TEMPLEPATRICK,violent-crime,5,0.14285714285714285,-0.37868029915743634,-100.0,-0.005250609189998065,35,2023-01,2025-11,negative
N08000138,TOOME,anti-social-behaviour,55,1.5714285714285714,-0.1693766937669377,-66.66666666666667,0.0008540001366400188,35,2023-01,2025-11,positive
N08000138,TOOME,criminal-damage-arson,1,0.02857142857142857,-0.08468834688346884,-100.0,-0.0012098335269066975,35,2023-01,2025-11,negative
N08000138,TOOME,other-theft,2,0.05714285714285714,-0.08468834688346884,-100.0,-0.0012810002049600325,35,2023-01,2025-11,negative
N08000138,TOOME,violent-crime,2,0.05714285714285714,-0.16937669376693767,-100.0,-0.002419667053813395,35,2023-01,2025-11,negative
N08000139,VALLEY,anti-social-behaviour,353,10.085714285714285,0.9864586135772573,39.28571428571427,0.035871222311900305,35,2023-01,2025-11,positive
N08000139,VALLEY,burglary,4,0.11428571428571428,-0.26903416733925206,-100.0,-0.0032404675617893103,35,2023-01,2025-11,negative
N08000139,VALLEY,criminal-damage-arson,4,0.11428571428571428,-0.17935611155950137,-100.0,-0.0023361510329178744,35,2023-01,2025-11,negative
N08000139,VALLEY,drugs,2,0.05714285714285714,-0.08967805577975069,-100.0,-0.0003014388429571451,35,2023-01,2025-11,negative
N08000139,VALLEY,other-crime,1,0.02857142857142857,0.0,0.0,-0.0003767985536964312,35,2023-01,2025-11,negative
N08000139,VALLEY,other-theft,12,0.34285714285714286,-0.44839027889875344,-100.0,-0.007686690495407199,35,2023-01,2025-11,negative
N08000139,VALLEY,possession-of-weapons,1,0.02857142857142857,0.0,0.0,-0.0007535971073928626,35,2023-01,2025-11,negative
N08000139,VALLEY,robbery,1,0.02857142857142857,0.08967805577975069,0.0,0.0011303956610892942,35,2023-01,2025-11,positive
N08000139,VALLEY,shoplifting,36,1.0285714285714285,-0.9864586135772576,-84.61538461538461,-0.0075359710739286295,35,2023-01,2025-11,negative
N08000139,VALLEY,theft-from-the-person,1,0.02857142857142857,0.0,0.0,0.0006782373966535762,35,2023-01,2025-11,positive
N08000139,VALLEY,vehicle-crime,1,0.02857142857142857,-0.08967805577975069,-100.0,-0.0012811150825678666,35,2023-01,2025-11,negative
N08000139,VALLEY,violent-crime,21,0.6,-1.524526948255762,-100.0,-0.023964388015093038,35,2023-01,2025-11,negative
N08000140,WHITEHOUSE,anti-social-behaviour,262,7.485714285714286,0.3104625892579944,18.75,-0.0017392862143304649,35,2023-01,2025-11,negative
N08000140,WHITEHOUSE,burglary,1,0.02857142857142857,-0.1034875297526648,-100.0,-0.0014783932821809255,35,2023-01,2025-11,negative
N08000140,WHITEHOUSE,criminal-damage-arson,4,0.11428571428571428,-0.3104625892579944,-100.0,-0.0050439300215584515,35,2023-01,2025-11,negative
N08000140,WHITEHOUSE,drugs,1,0.02857142857142857,-0.1034875297526648,-100.0,-0.0014783932821809255,35,2023-01,2025-11,negative
N08000140,WHITEHOUSE,other-theft,1,0.02857142857142857,-0.1034875297526648,-100.0,-0.0014783932821809255,35,2023-01,2025-11,negative
N08000140,WHITEHOUSE,violent-crime,19,0.5428571428571428,-1.2418503570319777,-100.0,-0.016958040589722376,35,2023-01,2025-11,negative
N08000201,AGHAGALLON,anti-social-behaviour,132,3.7714285714285714,0.13209167162010438,22.222222222222225,0.007603596223510206,35,2023-01,2025-11,positive
N08000201,AGHAGALLON,criminal-damage-arson,2,0.05714285714285714,-0.13209167162010435,-100.0,-0.0018315231779258154,35,2023-01,2025-11,negative
N08000201,AGHAGALLON,drugs,3,0.08571428571428572,-0.19813750743015654,-100.0,-0.002830535820430807,35,2023-01,2025-11,negative
N08000201,AGHAGALLON,other-theft,2,0.05714285714285714,-0.13209167162010435,-100.0,-0.0018870238802872043,35,2023-01,2025-11,negative
N08000201,AGHAGALLON,possession-of-weapons,1,0.02857142857142857,-0.06604583581005218,-100.0,-0.0009435119401436021,35,2023-01,2025-11,negative
N08000201,AGHAGALLON,violent-crime,2,0.05714285714285714,-0.13209167162010435,-100.0,-0.0018870238802872043,35,2023-01,2025-11,negative
N08000202,BALLYBAY,anti-social-behaviour,303,8.657142857142857,0.42750702332966883,77.77777777777773,0.0030279609095378523,35,2023-01,2025-11,positive
N08000202,BALLYBAY,criminal-damage-arson,1,0.02857142857142857,-0.061072431904238424,-100.0,-0.0008724633129176916,35,2023-01,2025-11,negative
N08000202,BALLYBAY,drugs,3,0.08571428571428572,-0.12214486380847685,-100.0,-0.0012830342837024875,35,2023-01,2025-11,negative
N08000202,BALLYBAY,other-theft,1,0.02857142857142857,-0.061072431904238424,-100.0,-0.0008724633129176916,35,2023-01,2025-11,negative
N08000202,BALLYBAY,violent-crime,7,0.2,-0.3664345914254306,-100.0,-0.004516280678632759,35,2023-01,2025-11,negative
N08000203,BANBRIDGE EAST,anti-social-behaviour,188,5.371428571428571,-0.6697923643670461,-47.368421052631575,-0.016447749003597866,35,2023-01,2025-11,negative
N08000203,BANBRIDGE EAST,burglary,1,0.02857142857142857,-0.07442137381856069,-100.0,-0.0010631624831222953,35,2023-01,2025-11,negative
N08000203,BANBRIDGE EAST,criminal-damage-arson,3,0.08571428571428572,-0.22326412145568206,-100.0,-0.0031894874493668852,35,2023-01,2025-11,negative
N08000203,BANBRIDGE EAST,drugs,1,0.02857142857142857,-0.07442137381856069,-100.0,-0.0010631624831222953,35,2023-01,2025-11,negative
N08000203,BANBRIDGE EAST,other-theft,3,0.08571428571428572,-0.07442137381856069,-100.0,-0.0004377727871680045,35,2023-01,2025-11,negative
N08000203,BANBRIDGE EAST,shoplifting,1,0.02857142857142857,-0.07442137381856069,-100.0,-0.0010631624831222953,35,2023-01,2025-11,negative
N08000203,BANBRIDGE EAST,violent-crime,4,0.11428571428571428,-0.29768549527424276,-100.0,-0.004252649932489181,35,2023-01,2025-11,negative
N08000204,BANBRIDGE NORTH,anti-social-behaviour,187,5.3428571428571425,-0.46816479400749067,-27.27272727272727,0.002163786863059831,35,2023-01,2025-11,positive
N08000204,BANBRIDGE NORTH,criminal-damage-arson,1,0.02857142857142857,0.0,0.0,-6.556929888060082e-05,35,2023-01,2025-11,negative
N08000204,BANBRIDGE NORTH,drugs,2,0.05714285714285714,-0.0780274656679151,-100.0,-0.0015080938742538207,35,2023-01,2025-11,negative
N08000204,BANBRIDGE NORTH,other-crime,1,0.02857142857142857,-0.0780274656679151,-100.0,-0.0011146780809702156,35,2023-01,2025-11,negative
N08000204,BANBRIDGE NORTH,other-theft,2,0.05714285714285714,0.0,0.0,-6.556929888060082e-05,35,2023-01,2025-11,negative
N08000204,BANBRIDGE NORTH,violent-crime,9,0.2571428571428571,-0.702247191011236,-100.0,-0.009704256234328938,35,2023-01,2025-11,negative
N08000205,BANBRIDGE SOUTH,anti-social-behaviour,643,18.37142857142857,0.5948839976204634,18.749999999999982,0.01571915698660983,35,2023-01,2025-11,positive
N08000205,BANBRIDGE SOUTH,criminal-damage-arson,4,0.11428571428571428,-0.26439288783131737,-100.0,-0.003721496530398795,35,2023-01,2025-11,negative
N08000205,BANBRIDGE SOUTH,other-crime,1,0.02857142857142857,-0.06609822195782934,-100.0,-0.0009442603136832763,35,2023-01,2025-11,negative
N08000205,BANBRIDGE SOUTH,other-theft,7,0.2,-0.396589331746976,-100.0,-0.005054569914422242,35,2023-01,2025-11,negative
N08000205,BANBRIDGE SOUTH,shoplifting,8,0.22857142857142856,-0.5287857756626347,-100.0,-0.007442993060797587,35,2023-01,2025-11,negative
N08000205,BANBRIDGE SOUTH,violent-crime,20,0.5714285714285714,-1.1236697732830987,-94.44444444444443,-0.015441433364938278,35,2023-01,2025-11,negative
N08000206,BANBRIDGE WEST,anti-social-behaviour,519,14.82857142857143,0.7365126127784936,36.363636363636346,0.026871363533445023,35,2023-01,2025-11,positive
N08000206,BANBRIDGE WEST,burglary,1,0.02857142857142857,-0.06137605106487448,-100.0,-0.0008768007294982066,35,2023-01,2025-11,negative
N08000206,BANBRIDGE WEST,criminal-damage-arson,3,0.08571428571428572,-0.18412815319462342,-100.0,-0.0025272491614948315,35,2023-01,2025-11,negative
N08000206,BANBRIDGE WEST,drugs,2,0.05714285714285714,-0.12275210212974896,-100.0,-0.0016504484319966241,35,2023-01,2025-11,negative
N08000206,BANBRIDGE WEST,other-crime,1,0.02857142857142857,-0.06137605106487448,-100.0,-0.0008768007294982066,35,2023-01,2025-11,negative
N08000206,BANBRIDGE WEST,other-theft,2,0.05714285714285714,-0.12275210212974896,-100.0,-0.0017020249454965171,35,2023-01,2025-11,negative
N08000206,BANBRIDGE WEST,shoplifting,1,0.02857142857142857,-0.06137605106487448,-100.0,-0.0008768007294982066,35,2023-01,2025-11,negative
N08000206,BANBRIDGE WEST,vehicle-crime,1,0.02857142857142857,-0.06137605106487448,-100.0,-0.0008768007294982066,35,2023-01,2025-11,negative
N08000206,BANBRIDGE WEST,violent-crime,21,0.6,-1.2275210212974896,-100.0,-0.01805177972496308,35,2023-01,2025-11,negative
N08000207,BLACKWATERTOWN,anti-social-behaviour,140,4.0,-0.9693444807948625,-80.0,-0.017055168123228926,35,2023-01,2025-11,negative
N08000207,BLACKWATERTOWN,drugs,1,0.02857142857142857,-0.060584030049678904,-100.0,-0.0008654861435668411,35,2023-01,2025-11,negative
N08000207,BLACKWATERTOWN,other-crime,1,0.02857142857142857,-0.060584030049678904,-100.0,-0.0008654861435668411,35,2023-01,2025-11,negative
N08000207,BLACKWATERTOWN,vehicle-crime,1,0.02857142857142857,-0.060584030049678904,-100.0,-0.0008654861435668411,35,2023-01,2025-11,negative
N08000207,BLACKWATERTOWN,violent-crime,8,0.22857142857142856,-0.48467224039743123,-100.0,-0.006822067249291575,35,2023-01,2025-11,negative
N08000208,BLEARY,anti-social-behaviour,77,2.2,0.20076289901626176,300.0,0.00371158300702333,35,2023-01,2025-11,positive
N08000208,BLEARY,drugs,1,0.02857142857142857,-0.06692096633875393,-100.0,-0.0009560138048393418,35,2023-01,2025-11,negative
N08000208,BLEARY,other-theft,1,0.02857142857142857,-0.06692096633875393,-100.0,-0.0009560138048393418,35,2023-01,2025-11,negative
N08000208,BLEARY,violent-crime,8,0.22857142857142856,-0.4684467643712775,-100.0,-0.007423166014046655,35,2023-01,2025-11,negative
N08000209,BROWNLOW,anti-social-behaviour,584,16.685714285714287,-0.2012274876748168,-8.510638297872356,-0.021898285423435894,35,2023-01,2025-11,negative
N08000209,BROWNLOW,burglary,3,0.08571428571428572,0.0,0.0,-0.0008877683279771307,35,2023-01,2025-11,negative
N08000209,BROWNLOW,criminal-damage-arson,6,0.17142857142857143,-0.15092061575611226,-100.0,-0.0015218885622465103,35,2023-01,2025-11,negative
N08000209,BROWNLOW,drugs,2,0.05714285714285714,-0.05030687191870409,-100.0,-0.000169098729138501,35,2023-01,2025-11,negative
N08000209,BROWNLOW,other-crime,1,0.02857142857142857,-0.05030687191870409,-100.0,-0.0007186695988386296,35,2023-01,2025-11,negative
N08000209,BROWNLOW,other-theft,3,0.08571428571428572,-0.15092061575611226,-100.0,-0.0021137341142312637,35,2023-01,2025-11,negative
N08000209,BROWNLOW,robbery,2,0.05714285714285714,0.0,0.0,-0.000507296187415503,35,2023-01,2025-11,negative
N08000209,BROWNLOW,vehicle-crime,1,0.02857142857142857,-0.05030687191870409,-100.0,-0.0007186695988386296,35,2023-01,2025-11,negative
N08000209,BROWNLOW,violent-crime,32,0.9142857142857143,-1.2576717979676022,-100.0,-0.0182203880646735,35,2023-01,2025-11,negative
N08000210,CATHEDRAL,anti-social-behaviour,412,11.771428571428572,0.26046753923292343,11.428571428571443,0.0047059261289982045,35,2023-01,2025-11,positive
N08000210,CATHEDRAL,bicycle-theft,1,0.02857142857142857,-0.06511688480823077,-100.0,-0.0008755211402787332,35,2023-01,2025-11,negative
N08000210,CATHEDRAL,criminal-damage-arson,3,0.08571428571428572,-0.19535065442469235,-100.0,-0.0027907236346384604,35,2023-01,2025-11,negative
N08000210,CATHEDRAL,other-crime,1,0.02857142857142857,-0.06511688480823077,-100.0,-0.0008208010690113119,35,2023-01,2025-11,negative
N08000210,CATHEDRAL,other-theft,8,0.22857142857142856,-0.5209350784658462,-100.0,-0.007332489549834387,35,2023-01,2025-11,negative
N08000210,CATHEDRAL,shoplifting,1,0.02857142857142857,-0.06511688480823077,-100.0,-0.0009302412115461537,35,2023-01,2025-11,negative
N08000210,CATHEDRAL,violent-crime,15,0.42857142857142855,-0.9116363873152308,-100.0,-0.012476176248971946,35,2023-01,2025-11,negative
N08000211,CORCRAIN,anti-social-behaviour,501,14.314285714285715,0.9776963030858541,39.024390243902445,0.011707707831070108,35,2023-01,2025-11,positive
N08000211,CORCRAIN,burglary,1,0.02857142857142857,-0.061106018942865874,-100.0,-0.0008729431277552267,35,2023-01,2025-11,negative
N08000211,CORCRAIN,criminal-damage-arson,5,0.14285714285714285,-0.3055300947143294,-100.0,-0.0043647156387761335,35,2023-01,2025-11,negative
N08000211,CORCRAIN,drugs,5,0.14285714285714285,-0.30553009471432935,-100.0,-0.004313366043025826,35,2023-01,2025-11,negative
N08000211,CORCRAIN,other-crime,2,0.05714285714285714,-0.12221203788573175,-100.0,-0.0016431870640098384,35,2023-01,2025-11,negative
N08000211,CORCRAIN,possession-of-weapons,1,0.02857142857142857,-0.061106018942865874,-100.0,-0.0008215935320049194,35,2023-01,2025-11,negative
N08000211,CORCRAIN,robbery,2,0.05714285714285714,-0.12221203788573175,-100.0,-0.0017458862555104534,35,2023-01,2025-11,negative
N08000211,CORCRAIN,violent-crime,15,0.42857142857142855,-0.9165902841429882,-100.0,-0.012683350150325937,35,2023-01,2025-11,negative
N08000212,CRAIGAVON CENTRE,anti-social-behaviour,617,17.62857142857143,-0.09876543209876498,-2.8571428571428443,0.009005083514887473,35,2023-01,2025-11,positive
N08000212,CRAIGAVON CENTRE,bicycle-theft,1,0.02857142857142857,-0.04938271604938271,-100.0,-0.0007054673721340387,35,2023-01,2025-11,negative
N08000212,CRAIGAVON CENTRE,burglary,2,0.05714285714285714,-0.09876543209876543,-100.0,-0.0013694366635543106,35,2023-01,2025-11,negative
N08000212,CRAIGAVON CENTRE,criminal-damage-arson,4,0.11428571428571428,-0.14814814814814814,-100.0,-0.0023653906006847174,35,2023-01,2025-11,negative
N08000212,CRAIGAVON CENTRE,drugs,2,0.05714285714285714,-0.09876543209876543,-100.0,-0.0014109347442680775,35,2023-01,2025-11,negative
N08000212,CRAIGAVON CENTRE,other-crime,2,0.05714285714285714,-0.09876543209876543,-100.0,-0.0014109347442680775,35,2023-01,2025-11,negative
N08000212,CRAIGAVON CENTRE,other-theft,5,0.14285714285714285,-0.09876543209876543,-100.0,-0.002199398277829649,35,2023-01,2025-11,negative
N08000212,CRAIGAVON CENTRE,possession-of-weapons,1,0.02857142857142857,-0.04938271604938271,-100.0,-0.0007054673721340387,35,2023-01,2025-11,negative
N08000212,CRAIGAVON CENTRE,shoplifting,4,0.11428571428571428,-0.19753086419753085,-100.0,-0.0027388733271086194,35,2023-01,2025-11,negative
N08000212,CRAIGAVON CENTRE,vehicle-crime,1,0.02857142857142857,-0.04938271604938271,-100.0,-0.0007054673721340387,35,2023-01,2025-11,negative
N08000212,CRAIGAVON CENTRE,violent-crime,19,0.5428571428571428,-0.9382716049382717,-100.0,-0.013237887747691668,35,2023-01,2025-11,negative
N08000213,DEMESNE,anti-social-behaviour,254,7.257142857142857,0.5258545135845749,64.28571428571428,0.007414008548204559,35,2023-01,2025-11,positive
N08000213,DEMESNE,burglary,1,0.02857142857142857,-0.058428279287175,-100.0,-0.0008346897041024997,35,2023-01,2025-11,negative
N08000213,DEMESNE,drugs,1,0.02857142857142857,-0.058428279287175,-100.0,-0.0008346897041024997,35,2023-01,2025-11,negative
N08000213,DEMESNE,other-theft,4,0.11428571428571428,-0.2337131171487,-100.0,-0.003338758816409999,35,2023-01,2025-11,negative
N08000213,DEMESNE,public-order,1,0.02857142857142857,0.0,0.0,-0.00024549697179485297,35,2023-01,2025-11,negative
N08000213,DEMESNE,violent-crime,2,0.05714285714285714,-0.11685655857435,-100.0,-0.0016693794082049994,35,2023-01,2025-11,negative
N08000214,DERRYTRASNA,anti-social-behaviour,120,3.4285714285714284,0.133841932677508,22.222222222222243,0.00444265238719459,35,2023-01,2025-11,positive
N08000214,DERRYTRASNA,burglary,1,0.02857142857142857,-0.06692096633875393,-100.0,-0.0009560138048393418,35,2023-01,2025-11,negative
N08000214,DERRYTRASNA,criminal-damage-arson,1,0.02857142857142857,-0.06692096633875393,-100.0,-0.0009560138048393418,35,2023-01,2025-11,negative
N08000214,DERRYTRASNA,violent-crime,7,0.2,-0.4015257980325236,-100.0,-0.006410916103040292,35,2023-01,2025-11,negative
N08000215,DONAGHCLONEY,anti-social-behaviour,156,4.457142857142857,-0.40526849037487334,-31.57894736842105,-0.015665840804406875,35,2023-01,2025-11,negative
N08000215,DONAGHCLONEY,burglary,1,0.02857142857142857,-0.06754474839581222,-100.0,-0.0009081646843134418,35,2023-01,2025-11,negative
N08000215,DONAGHCLONEY,criminal-damage-arson,1,0.02857142857142857,-0.06754474839581222,-100.0,-0.0009649249770830314,35,2023-01,2025-11,negative
N08000215,DONAGHCLONEY,drugs,2,0.05714285714285714,-0.06754474839581222,-100.0,-0.0007378838060046714,35,2023-01,2025-11,negative
N08000215,DONAGHCLONEY,violent-crime,7,0.2,-0.4052684903748734,-100.0,-0.00544898810588065,35,2023-01,2025-11,negative
N08000216,DROMORE,anti-social-behaviour,151,4.314285714285714,-0.6882786151834261,-62.499999999999986,-0.012724478600029725,35,2023-01,2025-11,negative
N08000216,DROMORE,criminal-damage-arson,3,0.08571428571428572,-0.20648358455502788,-100.0,-0.002949765493643255,35,2023-01,2025-11,negative
N08000216,DROMORE,drugs,2,0.05714285714285714,-0.06882786151834262,-100.0,-0.00034703123454626525,35,2023-01,2025-11,negative
N08000216,DROMORE,other-crime,1,0.02857142857142857,0.0,0.0,-0.00028919269545522094,35,2023-01,2025-11,negative
N08000216,DROMORE,violent-crime,5,0.14285714285714285,-0.34413930759171313,-100.0,-0.0049162758227387585,35,2023-01,2025-11,negative
N08000217,GILFORD,anti-social-behaviour,291,8.314285714285715,0.6670669068107531,55.55555555555555,-0.013117113965858511,35,2023-01,2025-11,negative
N08000217,GILFORD,criminal-damage-arson,1,0.02857142857142857,-0.0667066906810753,-100.0,-0.0009529527240153612,35,2023-01,2025-11,negative
N08000217,GILFORD,drugs,1,0.02857142857142857,-0.0667066906810753,-100.0,-0.0009529527240153612,35,2023-01,2025-11,negative
N08000217,GILFORD,other-crime,1,0.02857142857142857,-0.0667066906810753,-100.0,-0.0009529527240153612,35,2023-01,2025-11,negative
N08000217,GILFORD,violent-crime,7,0.2,-0.2668267627243012,-100.0,-0.003867866938650585,35,2023-01,2025-11,negative
N08000218,GRANSHA,anti-social-behaviour,80,2.2857142857142856,-0.06466214031684453,-12.500000000000009,-0.005868496768251441,35,2023-01,2025-11,negative
N08000218,GRANSHA,burglary,2,0.05714285714285714,-0.12932428063368898,-100.0,-0.0017931517902990484,35,2023-01,2025-11,negative
N08000218,GRANSHA,criminal-damage-arson,1,0.02857142857142857,-0.06466214031684449,-100.0,-0.0009237448616692069,35,2023-01,2025-11,negative
N08000218,GRANSHA,drugs,1,0.02857142857142857,-0.06466214031684449,-100.0,-0.0009237448616692069,35,2023-01,2025-11,negative
N08000218,GRANSHA,other-theft,2,0.05714285714285714,-0.12932428063368898,-100.0,-0.0018474897233384138,35,2023-01,2025-11,negative
N08000218,GRANSHA,violent-crime,3,0.08571428571428572,-0.19398642095053345,-100.0,-0.002771234585007621,35,2023-01,2025-11,negative
N08000219,HAMILTONSBAWN,anti-social-behaviour,99,2.8285714285714287,0.06708257865432349,14.28571428571429,-0.006257282546747818,35,2023-01,2025-11,negative
N08000219,HAMILTONSBAWN,vehicle-crime,1,0.02857142857142857,-0.06708257865432347,-100.0,-0.0009583225522046208,35,2023-01,2025-11,negative
N08000219,HAMILTONSBAWN,violent-crime,3,0.08571428571428572,-0.20124773596297044,-100.0,-0.0028749676566138626,35,2023-01,2025-11,negative
N08000220,KEADY,anti-social-behaviour,145,4.142857142857143,-0.19073049780659956,-13.636363636363654,-0.008174164191711393,35,2023-01,2025-11,negative
N08000220,KEADY,burglary,1,0.02857142857142857,-0.06357683260219976,-100.0,-0.0009082404657457108,35,2023-01,2025-11,negative
N08000220,KEADY,criminal-damage-arson,3,0.08571428571428572,-0.19073049780659926,-100.0,-0.002617869577737638,35,2023-01,2025-11,negative
N08000220,KEADY,other-theft,1,0.02857142857142857,-0.06357683260219976,-100.0,-0.0009082404657457108,35,2023-01,2025-11,negative
N08000220,KEADY,vehicle-crime,1,0.02857142857142857,0.0,0.0,-5.3425909749747545e-05,35,2023-01,2025-11,negative
N08000220,KEADY,violent-crime,3,0.08571428571428572,-0.19073049780659926,-100.0,-0.002724721397237131,35,2023-01,2025-11,negative
N08000221,KERNAN,anti-social-behaviour,483,13.8,-0.8483203257550049,-45.454545454545446,-0.0020435727735274695,35,2023-01,2025-11,negative
N08000221,KERNAN,burglary,1,0.02857142857142857,-0.05655468838366701,-100.0,-0.0008079241197666715,35,2023-01,2025-11,negative
N08000221,KERNAN,criminal-damage-arson,4,0.11428571428571428,-0.22621875353466803,-100.0,-0.003136646582623547,35,2023-01,2025-11,negative
N08000221,KERNAN,drugs,1,0.02857142857142857,-0.05655468838366701,-100.0,-0.0008079241197666715,35,2023-01,2025-11,negative
N08000221,KERNAN,other-theft,3,0.08571428571428572,-0.16966406515100105,-100.0,-0.002423772359300014,35,2023-01,2025-11,negative
N08000221,KERNAN,public-order,1,0.02857142857142857,-0.05655468838366701,-100.0,-0.0007128742233235333,35,2023-01,2025-11,negative
N08000221,KERNAN,robbery,1,0.02857142857142857,-0.05655468838366701,-100.0,-0.0008079241197666715,35,2023-01,2025-11,negative
N08000221,KERNAN,shoplifting,2,0.05714285714285714,-0.11310937676733401,-100.0,-0.0015207983430902043,35,2023-01,2025-11,negative
N08000221,KERNAN,violent-crime,16,0.45714285714285713,-0.848320325755005,-100.0,-0.011358462624954966,35,2023-01,2025-11,negative
N08000222,KILLYCOMAIN,anti-social-behaviour,1092,31.2,-1.3976240391334747,-18.803418803418822,-0.012492132358946959,35,2023-01,2025-11,negative
N08000222,KILLYCOMAIN,burglary,1,0.02857142857142857,-0.06352836541515787,-100.0,-0.0009075480773593979,35,2023-01,2025-11,negative
N08000222,KILLYCOMAIN,criminal-damage-arson,11,0.3142857142857143,-0.6988120195667366,-100.0,-0.009876258488911096,35,2023-01,2025-11,negative
N08000222,KILLYCOMAIN,drugs,2,0.05714285714285714,-0.12705673083031574,-100.0,-0.001761710973697655,35,2023-01,2025-11,negative
N08000222,KILLYCOMAIN,other-theft,4,0.11428571428571428,-0.2541134616606315,-100.0,-0.0034700367663741682,35,2023-01,2025-11,negative
N08000222,KILLYCOMAIN,shoplifting,8,0.22857142857142856,-0.508226923321263,-100.0,-0.0069400735327483365,35,2023-01,2025-11,negative
N08000222,KILLYCOMAIN,violent-crime,26,0.7428571428571429,-1.5882091353789465,-100.0,-0.02322255374419636,35,2023-01,2025-11,negative
N08000223,KNOCKNASHANE,anti-social-behaviour,174,4.9714285714285715,-0.8047995317529998,-52.38095238095239,-0.020842401930043296,35,2023-01,2025-11,negative
N08000223,KNOCKNASHANE,burglary,1,0.02857142857142857,-0.07316359379572725,-100.0,-0.0010451941970818176,35,2023-01,2025-11,negative
N08000223,KNOCKNASHANE,criminal-damage-arson,3,0.08571428571428572,-0.21949078138718173,-100.0,-0.0031355825912454532,35,2023-01,2025-11,negative
N08000223,KNOCKNASHANE,other-theft,1,0.02857142857142857,-0.07316359379572725,-100.0,-0.0009222301738957212,35,2023-01,2025-11,negative
N08000223,KNOCKNASHANE,robbery,2,0.05714285714285714,-0.1463271875914545,-100.0,-0.002090388394163635,35,2023-01,2025-11,negative
N08000223,KNOCKNASHANE,violent-crime,13,0.37142857142857144,-0.8779631255487269,-100.0,-0.013280114504098385,35,2023-01,2025-11,negative
N08000224,LOUGH ROAD,anti-social-behaviour,309,8.82857142857143,0.5951318216985064,37.03703703703705,0.012952869060496908,35,2023-01,2025-11,positive
N08000224,LOUGH ROAD,burglary,1,0.02857142857142857,-0.059513182169850624,-100.0,-0.0008501883167121514,35,2023-01,2025-11,negative
N08000224,LOUGH ROAD,criminal-damage-arson,7,0.2,-0.41659227518895436,-100.0,-0.00560124067480947,35,2023-01,2025-11,negative
N08000224,LOUGH ROAD,drugs,8,0.22857142857142856,-0.476105457358805,-100.0,-0.006751495456243557,35,2023-01,2025-11,negative
N08000224,LOUGH ROAD,possession-of-weapons,2,0.05714285714285714,-0.11902636433970125,-100.0,-0.0017003766334243028,35,2023-01,2025-11,negative
N08000224,LOUGH ROAD,vehicle-crime,2,0.05714285714285714,-0.11902636433970125,-100.0,-0.0016503655559706482,35,2023-01,2025-11,negative
N08000224,LOUGH ROAD,violent-crime,16,0.45714285714285713,-0.95221091471761,-100.0,-0.013502990912487113,35,2023-01,2025-11,negative
N08000225,LOUGHBRICKLAND,anti-social-behaviour,145,4.142857142857143,-0.058366894297554595,-6.666666666666685,-0.013733386893542218,35,2023-01,2025-11,negative
N08000225,LOUGHBRICKLAND,criminal-damage-arson,1,0.02857142857142857,-0.05836689429755443,-100.0,-0.0008338127756793487,35,2023-01,2025-11,negative
N08000225,LOUGHBRICKLAND,other-theft,2,0.05714285714285714,-0.05836689429755443,-100.0,-0.0004904781033407934,35,2023-01,2025-11,negative
N08000225,LOUGHBRICKLAND,shoplifting,1,0.02857142857142857,-0.05836689429755443,-100.0,-0.0008338127756793487,35,2023-01,2025-11,negative
N08000225,LOUGHBRICKLAND,vehicle-crime,3,0.08571428571428572,-0.11673378859510886,-100.0,-0.0019619124133631732,35,2023-01,2025-11,negative
N08000225,LOUGHBRICKLAND,violent-crime,8,0.22857142857142856,-0.3502013657853266,-100.0,-0.004365255119733061,35,2023-01,2025-11,negative
N08000226,LOUGHGALL,anti-social-behaviour,85,2.4285714285714284,0.30391441769997574,166.66666666666669,-0.008019254383007756,35,2023-01,2025-11,negative
N08000226,LOUGHGALL,burglary,1,0.02857142857142857,0.0,0.0,-0.00015323416018486164,35,2023-01,2025-11,negative
N08000226,LOUGHGALL,other-theft,1,0.02857142857142857,-0.06078288353999514,-100.0,-0.0008172488543192621,35,2023-01,2025-11,negative
N08000226,LOUGHGALL,public-order,1,0.02857142857142857,0.0,0.0,-5.1078053394953736e-05,35,2023-01,2025-11,negative
N08000226,LOUGHGALL,vehicle-crime,1,0.02857142857142857,-0.06078288353999514,-100.0,-0.0008683269077142162,35,2023-01,2025-11,negative
N08000226,LOUGHGALL,violent-crime,6,0.17142857142857143,-0.1823486506199854,-100.0,-0.0030136051503022792,35,2023-01,2025-11,negative
N08000227,MAGHERALIN,anti-social-behaviour,212,6.057142857142857,0.3104818678589172,35.71428571428573,0.012628002020480325,35,2023-01,2025-11,positive
N08000227,MAGHERALIN,drugs,1,0.02857142857142857,-0.06209637357178341,-100.0,-0.0008349092244945669,35,2023-01,2025-11,negative
N08000227,MAGHERALIN,other-theft,1,0.02857142857142857,-0.06209637357178341,-100.0,-0.0008870910510254771,35,2023-01,2025-11,negative
N08000227,MAGHERALIN,vehicle-crime,1,0.02857142857142857,-0.06209637357178341,-100.0,-0.0008870910510254771,35,2023-01,2025-11,negative
N08000227,MAGHERALIN,violent-crime,1,0.02857142857142857,-0.06209637357178341,-100.0,-0.0008870910510254771,35,2023-01,2025-11,negative
N08000228,MAHON,anti-social-behaviour,196,5.6,0.25779840164990986,33.33333333333334,-0.00048743395269938494,35,2023-01,2025-11,negative
N08000228,MAHON,drugs,3,0.08571428571428572,-0.19334880123743234,-100.0,-0.002653807075807894,35,2023-01,2025-11,negative
N08000228,MAHON,other-crime,2,0.05714285714285714,-0.1288992008249549,-100.0,-0.0017872578265645013,35,2023-01,2025-11,negative
N08000228,MAHON,other-theft,2,0.05714285714285714,-0.1288992008249549,-100.0,-0.0017872578265645013,35,2023-01,2025-11,negative
N08000228,MAHON,shoplifting,2,0.05714285714285714,-0.1288992008249549,-100.0,-0.0017872578265645013,35,2023-01,2025-11,negative
N08000228,MAHON,vehicle-crime,1,0.02857142857142857,-0.06444960041247745,-100.0,-0.0009207085773211061,35,2023-01,2025-11,negative
N08000228,MAHON,violent-crime,12,0.34285714285714286,-0.7089456045372519,-100.0,-0.010777706287464713,35,2023-01,2025-11,negative
N08000229,MARKETHILL,anti-social-behaviour,248,7.085714285714285,0.9469696969696972,200.00000000000009,0.02367424242424243,35,2023-01,2025-11,positive
N08000229,MARKETHILL,other-theft,2,0.05714285714285714,-0.11837121212121211,-100.0,-0.0016910173160173158,35,2023-01,2025-11,negative
N08000229,MARKETHILL,violent-crime,9,0.2571428571428571,-0.4142992424242424,-100.0,-0.007112219887955181,35,2023-01,2025-11,negative
N08000230,MOURNEVIEW,anti-social-behaviour,497,14.2,0.12132241431604562,4.545454545454573,0.0038231853250854596,35,2023-01,2025-11,positive
N08000230,MOURNEVIEW,burglary,1,0.02857142857142857,-0.06066120715802245,-100.0,-0.0008665886736860346,35,2023-01,2025-11,negative
N08000230,MOURNEVIEW,criminal-damage-arson,3,0.08571428571428572,-0.18198362147406735,-100.0,-0.002548790216723632,35,2023-01,2025-11,negative
N08000230,MOURNEVIEW,drugs,5,0.14285714285714285,-0.3033060357901122,-100.0,-0.004332943368430175,35,2023-01,2025-11,negative
N08000230,MOURNEVIEW,other-theft,1,0.02857142857142857,-0.06066120715802245,-100.0,-0.0008665886736860346,35,2023-01,2025-11,negative
N08000230,MOURNEVIEW,public-order,3,0.08571428571428572,-0.1213224143160449,-100.0,-0.0022939111950512686,35,2023-01,2025-11,negative
N08000230,MOURNEVIEW,shoplifting,2,0.05714285714285714,-0.1213224143160449,-100.0,-0.0017331773473720693,35,2023-01,2025-11,negative
N08000230,MOURNEVIEW,violent-crime,24,0.6857142857142857,-1.4558689717925388,-100.0,-0.020492273342458,35,2023-01,2025-11,negative
N08000231,NAVAN,anti-social-behaviour,93,2.657142857142857,0.6290495061961376,166.66666666666669,0.010043647577921526,35,2023-01,2025-11,positive
N08000231,NAVAN,bicycle-theft,1,0.02857142857142857,-0.06290495061961376,-100.0,-0.000898642151708768,35,2023-01,2025-11,negative
N08000231,NAVAN,criminal-damage-arson,1,0.02857142857142857,-0.06290495061961376,-100.0,-0.000898642151708768,35,2023-01,2025-11,negative
N08000231,NAVAN,possession-of-weapons,1,0.02857142857142857,-0.06290495061961376,-100.0,-0.0007929195456253832,35,2023-01,2025-11,negative
N08000231,NAVAN,violent-crime,4,0.11428571428571428,-0.1887148518588413,-100.0,-0.002167313424709381,35,2023-01,2025-11,negative
N08000232,PARKLAKE,anti-social-behaviour,640,18.285714285714285,0.6491973559962232,22.00000000000001,0.03526198014616615,35,2023-01,2025-11,positive
N08000232,PARKLAKE,burglary,2,0.05714285714285714,-0.05901794145420208,-100.0,-0.0006447338142055689,35,2023-01,2025-11,negative
N08000232,PARKLAKE,criminal-damage-arson,5,0.14285714285714285,-0.23607176581680833,-100.0,-0.0034220487061680195,35,2023-01,2025-11,negative
N08000232,PARKLAKE,drugs,4,0.11428571428571428,-0.23607176581680833,-100.0,-0.003322858888597932,35,2023-01,2025-11,negative
N08000232,PARKLAKE,other-crime,1,0.02857142857142857,-0.05901794145420208,-100.0,-0.0007439236317756564,35,2023-01,2025-11,negative
N08000232,PARKLAKE,other-theft,3,0.08571428571428572,-0.17705382436260628,-100.0,-0.002529340348037232,35,2023-01,2025-11,negative
N08000232,PARKLAKE,possession-of-weapons,1,0.02857142857142857,-0.05901794145420208,-100.0,-0.0008431134493457439,35,2023-01,2025-11,negative
N08000232,PARKLAKE,shoplifting,2,0.05714285714285714,-0.11803588290840417,-100.0,-0.0015870370811214003,35,2023-01,2025-11,negative
N08000232,PARKLAKE,violent-crime,13,0.37142857142857144,-0.7082152974504249,-100.0,-0.010762095206354495,35,2023-01,2025-11,negative
N08000233,QUILLY,anti-social-behaviour,50,1.4285714285714286,-0.2964939589355866,-57.14285714285714,-0.004111050691123681,35,2023-01,2025-11,negative
N08000233,QUILLY,criminal-damage-arson,1,0.02857142857142857,0.0,0.0,-0.00012457729367041444,35,2023-01,2025-11,negative
N08000233,QUILLY,other-crime,1,0.02857142857142857,-0.07412348973389667,-100.0,-0.0010589069961985235,35,2023-01,2025-11,negative
N08000233,QUILLY,other-theft,3,0.08571428571428572,-0.22237046920169,-100.0,-0.00317672098859557,35,2023-01,2025-11,negative
N08000233,QUILLY,vehicle-crime,1,0.02857142857142857,0.0,0.0,0.0003114432341760363,35,2023-01,2025-11,positive
N08000233,QUILLY,violent-crime,1,0.02857142857142857,-0.07412348973389667,-100.0,-0.0010589069961985235,35,2023-01,2025-11,negative
N08000234,RATHFRILAND,anti-social-behaviour,276,7.885714285714286,0.7985625873427828,70.58823529411762,0.01795088169026843,35,2023-01,2025-11,positive
N08000234,RATHFRILAND,burglary,1,0.02857142857142857,-0.06654688227856524,-100.0,-0.0008947479970227263,35,2023-01,2025-11,negative
N08000234,RATHFRILAND,criminal-damage-arson,1,0.02857142857142857,-0.06654688227856524,-100.0,-0.000950669746836646,35,2023-01,2025-11,negative
N08000234,RATHFRILAND,other-crime,2,0.05714285714285714,-0.13309376455713048,-100.0,-0.0017335742442315322,35,2023-01,2025-11,negative
N08000234,RATHFRILAND,other-theft,1,0.02857142857142857,-0.06654688227856524,-100.0,-0.000950669746836646,35,2023-01,2025-11,negative
N08000234,RATHFRILAND,violent-crime,12,0.34285714285714286,-0.798562587342783,-100.0,-0.011184349962784073,35,2023-01,2025-11,negative
N08000235,RICHHILL,anti-social-behaviour,94,2.6857142857142855,0.06891323823306461,10.000000000000005,0.007991619223666313,35,2023-01,2025-11,positive
N08000235,RICHHILL,burglary,1,0.02857142857142857,-0.06891323823306457,-100.0,-0.000984474831900922,35,2023-01,2025-11,negative
N08000235,RICHHILL,criminal-damage-arson,2,0.05714285714285714,-0.13782647646612914,-100.0,-0.001968949663801844,35,2023-01,2025-11,negative
N08000235,RICHHILL,vehicle-crime,1,0.02857142857142857,-0.06891323823306457,-100.0,-0.000984474831900922,35,2023-01,2025-11,negative
N08000235,RICHHILL,violent-crime,2,0.05714285714285714,-0.13782647646612914,-100.0,-0.0019110393795723783,35,2023-01,2025-11,negative
N08000236,SEAGAHAN,anti-social-behaviour,160,4.571428571428571,-1.0113629603188767,-68.0,-0.02259693811488542,35,2023-01,2025-11,negative
N08000236,SEAGAHAN,burglary,1,0.02857142857142857,-0.059491938842286866,-100.0,-0.000849884840604098,35,2023-01,2025-11,negative
N08000236,SEAGAHAN,criminal-damage-arson,1,0.02857142857142857,0.0,0.0,9.998645183577612e-05,35,2023-01,2025-11,positive
N08000236,SEAGAHAN,drugs,1,0.02857142857142857,0.0,0.0,-0.0006499119369325453,35,2023-01,2025-11,negative
N08000236,SEAGAHAN,other-crime,1,0.02857142857142857,-0.059491938842286866,-100.0,-0.000849884840604098,35,2023-01,2025-11,negative
N08000236,SEAGAHAN,other-theft,1,0.02857142857142857,-0.059491938842286866,-100.0,-0.000849884840604098,35,2023-01,2025-11,negative
N08000236,SEAGAHAN,vehicle-crime,1,0.02857142857142857,-0.059491938842286866,-100.0,-0.000849884840604098,35,2023-01,2025-11,negative
N08000236,SEAGAHAN,violent-crime,5,0.14285714285714285,-0.29745969421143437,-100.0,-0.004249424203020489,35,2023-01,2025-11,negative
N08000237,SHANKILL,anti-social-behaviour,1123,32.08571428571429,-0.5171165580721908,-10.416666666666693,0.01134180013923042,35,2023-01,2025-11,positive
N08000237,SHANKILL,burglary,2,0.05714285714285714,-0.1034233116144379,-100.0,-0.0013905655343117696,35,2023-01,2025-11,negative
N08000237,SHANKILL,criminal-damage-arson,8,0.22857142857142856,-0.36198159065053265,-100.0,-0.005649172483141564,35,2023-01,2025-11,negative
N08000237,SHANKILL,drugs,12,0.34285714285714286,-0.6205398696866274,-100.0,-0.008777944935343045,35,2023-01,2025-11,negative
N08000237,SHANKILL,other-crime,2,0.05714285714285714,-0.1034233116144379,-100.0,-0.0013905655343117696,35,2023-01,2025-11,negative
N08000237,SHANKILL,other-theft,6,0.17142857142857143,-0.3102699348433137,-100.0,-0.004345517294724282,35,2023-01,2025-11,negative
N08000237,SHANKILL,possession-of-weapons,1,0.02857142857142857,-0.05171165580721895,-100.0,-0.0007387379401031276,35,2023-01,2025-11,negative
N08000237,SHANKILL,shoplifting,9,0.2571428571428571,-0.4136932464577516,-100.0,-0.006518275942086421,35,2023-01,2025-11,negative
N08000237,SHANKILL,vehicle-crime,2,0.05714285714285714,-0.1034233116144379,-100.0,-0.0013036551884172834,35,2023-01,2025-11,negative
N08000237,SHANKILL,violent-crime,34,0.9714285714285714,-1.706484641638225,-100.0,-0.02442180719635046,35,2023-01,2025-11,negative
N08000238,TANDRAGEE,anti-social-behaviour,245,7.0,0.19338619222587505,18.75,0.01316326182377805,35,2023-01,2025-11,positive
N08000238,TANDRAGEE,criminal-damage-arson,2,0.05714285714285714,-0.12892412815058338,-100.0,-0.0018417732592940473,35,2023-01,2025-11,negative
N08000238,TANDRAGEE,drugs,1,0.02857142857142857,-0.06446206407529169,-100.0,-0.0009208866296470236,35,2023-01,2025-11,negative
N08000238,TANDRAGEE,other-crime,1,0.02857142857142857,-0.06446206407529169,-100.0,-0.0009208866296470236,35,2023-01,2025-11,negative
N08000238,TANDRAGEE,other-theft,1,0.02857142857142857,-0.06446206407529169,-100.0,-0.0009208866296470236,35,2023-01,2025-11,negative
N08000238,TANDRAGEE,possession-of-weapons,1,0.02857142857142857,0.0,0.0,0.00021667920697577024,35,2023-01,2025-11,positive
N08000238,TANDRAGEE,shoplifting,8,0.22857142857142856,0.0,0.0,0.002600150483709244,35,2023-01,2025-11,positive
N08000238,TANDRAGEE,violent-crime,20,0.5714285714285714,-1.031393025204667,-100.0,-0.01446333706563267,35,2023-01,2025-11,negative
N08000239,THE BIRCHES,anti-social-behaviour,142,4.057142857142857,0.10932546190007653,12.5,-0.000872766292479604,35,2023-01,2025-11,negative
N08000239,THE BIRCHES,criminal-damage-arson,6,0.17142857142857143,-0.3279763857002296,-100.0,-0.004593506802524223,35,2023-01,2025-11,negative
N08000239,THE BIRCHES,other-crime,1,0.02857142857142857,-0.05466273095003826,-100.0,-0.0007808961564291177,35,2023-01,2025-11,negative
N08000239,THE BIRCHES,other-theft,2,0.05714285714285714,-0.10932546190007653,-100.0,-0.0015158572448329937,35,2023-01,2025-11,negative
N08000239,THE BIRCHES,vehicle-crime,1,0.02857142857142857,-0.05466273095003826,-100.0,-0.0007808961564291177,35,2023-01,2025-11,negative
N08000239,THE BIRCHES,violent-crime,6,0.17142857142857143,-0.3279763857002296,-100.0,-0.004685376938574707,35,2023-01,2025-11,negative
N08000240,THE MALL,anti-social-behaviour,698,19.942857142857143,0.0,0.0,-0.030186239953165578,35,2023-01,2025-11,negative
N08000240,THE MALL,burglary,1,0.02857142857142857,-0.06047411707789066,-100.0,-0.0007622787866961005,35,2023-01,2025-11,negative
N08000240,THE MALL,criminal-damage-arson,8,0.22857142857142856,-0.4233188195452346,-100.0,-0.006555597565586464,35,2023-01,2025-11,negative
N08000240,THE MALL,drugs,5,0.14285714285714285,-0.30237058538945333,-100.0,-0.004217942619718424,35,2023-01,2025-11,negative
N08000240,THE MALL,other-crime,1,0.02857142857142857,-0.06047411707789066,-100.0,-0.0008639159582555806,35,2023-01,2025-11,negative
N08000240,THE MALL,other-theft,2,0.05714285714285714,-0.12094823415578132,-100.0,-0.0016770133307314214,35,2023-01,2025-11,negative
N08000240,THE MALL,robbery,1,0.02857142857142857,-0.06047411707789066,-100.0,-0.0008639159582555806,35,2023-01,2025-11,negative
N08000240,THE MALL,shoplifting,3,0.08571428571428572,-0.18142235123367198,-100.0,-0.0025409292889870014,35,2023-01,2025-11,negative
N08000240,THE MALL,vehicle-crime,1,0.02857142857142857,-0.06047411707789066,-100.0,-0.0007622787866961005,35,2023-01,2025-11,negative
N08000240,THE MALL,violent-crime,16,0.45714285714285713,-0.9675858732462504,-100.0,-0.013517743817410848,35,2023-01,2025-11,negative
N08000241,WARINGSTOWN,anti-social-behaviour,274,7.828571428571428,-1.1111111111111112,-72.00000000000001,-0.016702977487291198,35,2023-01,2025-11,negative
N08000241,WARINGSTOWN,criminal-damage-arson,1,0.02857142857142857,-0.06172839506172839,-100.0,-0.0008818342151675483,35,2023-01,2025-11,negative
N08000241,WARINGSTOWN,other-crime,2,0.05714285714285714,-0.12345679012345678,-100.0,-0.0017636684303350967,35,2023-01,2025-11,negative
N08000241,WARINGSTOWN,other-theft,2,0.05714285714285714,-0.06172839506172839,-100.0,-0.0008299616142753393,35,2023-01,2025-11,negative
N08000241,WARINGSTOWN,violent-crime,8,0.22857142857142856,-0.3703703703703704,-100.0,-0.004772279282083203,35,2023-01,2025-11,negative
N08000301,ANDERSONSTOWN,anti-social-behaviour,214,6.114285714285714,-0.5020080321285139,-25.925925925925913,0.003073518564052119,35,2023-01,2025-11,positive
N08000301,ANDERSONSTOWN,bicycle-theft,1,0.02857142857142857,-0.0717154331612163,-100.0,-0.0010245061880173752,35,2023-01,2025-11,negative
N08000301,ANDERSONSTOWN,burglary,1,0.02857142857142857,-0.0717154331612163,-100.0,-0.0010245061880173752,35,2023-01,2025-11,negative
N08000301,ANDERSONSTOWN,criminal-damage-arson,2,0.05714285714285714,-0.1434308663224326,-100.0,-0.0020490123760347504,35,2023-01,2025-11,negative
N08000301,ANDERSONSTOWN,drugs,2,0.05714285714285714,-0.1434308663224326,-100.0,-0.0020490123760347504,35,2023-01,2025-11,negative
N08000301,ANDERSONSTOWN,other-crime,1,0.02857142857142857,-0.0717154331612163,-100.0,-0.0010245061880173752,35,2023-01,2025-11,negative
N08000301,ANDERSONSTOWN,other-theft,4,0.11428571428571428,-0.2868617326448652,-100.0,-0.004037759682186127,35,2023-01,2025-11,negative
N08000301,ANDERSONSTOWN,violent-crime,12,0.34285714285714286,-0.6454388984509466,-100.0,-0.007111278246238252,35,2023-01,2025-11,negative
N08000302,ARDOYNE,anti-social-behaviour,665,19.0,2.0036429872495454,75.00000000000003,-0.0024490670585174193,35,2023-01,2025-11,negative
N08000302,ARDOYNE,burglary,5,0.14285714285714285,-0.3035822707953855,-100.0,-0.004336889582791221,35,2023-01,2025-11,negative
N08000302,ARDOYNE,criminal-damage-arson,9,0.2571428571428571,-0.546448087431694,-100.0,-0.007806401249024199,35,2023-01,2025-11,negative
N08000302,ARDOYNE,drugs,2,0.05714285714285714,-0.12143290831815422,-100.0,-0.0017347558331164883,35,2023-01,2025-11,negative
N08000302,ARDOYNE,other-crime,1,0.02857142857142857,-0.06071645415907711,-100.0,-0.0008673779165582441,35,2023-01,2025-11,negative
N08000302,ARDOYNE,other-theft,2,0.05714285714285714,-0.06071645415907711,-100.0,-0.001530666911573372,35,2023-01,2025-11,negative
N08000302,ARDOYNE,public-order,1,0.02857142857142857,-0.06071645415907711,-100.0,-0.0008673779165582441,35,2023-01,2025-11,negative
N08000302,ARDOYNE,vehicle-crime,1,0.02857142857142857,-0.06071645415907711,-100.0,-0.0008673779165582441,35,2023-01,2025-11,negative
N08000302,ARDOYNE,violent-crime,21,0.6,-1.214329083181542,-100.0,-0.017449602791936438,35,2023-01,2025-11,negative
N08000303,BALLYGOMARTIN,anti-social-behaviour,153,4.371428571428571,-0.22401433691756267,-28.57142857142857,0.0016471642420409084,35,2023-01,2025-11,positive
N08000303,BALLYGOMARTIN,burglary,1,0.02857142857142857,-0.05600358422939069,-100.0,-0.0008000512032770098,35,2023-01,2025-11,negative
N08000303,BALLYGOMARTIN,criminal-damage-arson,4,0.11428571428571428,-0.16801075268817203,-100.0,-0.002776648293726092,35,2023-01,2025-11,negative
N08000303,BALLYGOMARTIN,drugs,1,0.02857142857142857,-0.05600358422939069,-100.0,-0.0008000512032770098,35,2023-01,2025-11,negative
N08000303,BALLYGOMARTIN,other-crime,3,0.08571428571428572,-0.16801075268817203,-100.0,-0.002400153609831029,35,2023-01,2025-11,negative
N08000303,BALLYGOMARTIN,other-theft,1,0.02857142857142857,0.0,0.0,0.00042355651938194615,35,2023-01,2025-11,positive
N08000303,BALLYGOMARTIN,violent-crime,13,0.37142857142857144,-0.4480286738351255,-100.0,-0.003341390319568687,35,2023-01,2025-11,negative
N08000304,BALLYMACARRETT,anti-social-behaviour,884,25.257142857142856,3.6692068868190795,135.41666666666663,0.11527049431118758,35,2023-01,2025-11,positive
N08000304,BALLYMACARRETT,bicycle-theft,2,0.05714285714285714,-0.11289867344058707,-100.0,-0.0016128381920083865,35,2023-01,2025-11,negative
N08000304,BALLYMACARRETT,burglary,2,0.05714285714285714,-0.11289867344058707,-100.0,-0.0016128381920083865,35,2023-01,2025-11,negative
N08000304,BALLYMACARRETT,criminal-damage-arson,4,0.11428571428571428,-0.1693480101608806,-100.0,-0.0029410578795447053,35,2023-01,2025-11,negative
N08000304,BALLYMACARRETT,drugs,3,0.08571428571428572,-0.1693480101608806,-100.0,-0.0024192572880125792,35,2023-01,2025-11,negative
N08000304,BALLYMACARRETT,other-theft,8,0.22857142857142856,-0.4515946937623483,-100.0,-0.006261607098385499,35,2023-01,2025-11,negative
N08000304,BALLYMACARRETT,possession-of-weapons,1,0.02857142857142857,-0.056449336720293536,-100.0,-0.0008064190960041933,35,2023-01,2025-11,negative
N08000304,BALLYMACARRETT,public-order,2,0.05714285714285714,-0.11289867344058707,-100.0,-0.0016128381920083865,35,2023-01,2025-11,negative
N08000304,BALLYMACARRETT,vehicle-crime,2,0.05714285714285714,-0.11289867344058707,-100.0,-0.0015179653571843635,35,2023-01,2025-11,negative
N08000304,BALLYMACARRETT,violent-crime,16,0.45714285714285713,-0.7902907140841094,-100.0,-0.011953977187826863,35,2023-01,2025-11,negative
N08000305,BALLYMURPHY,anti-social-behaviour,288,8.228571428571428,-0.06496459429610868,-6.250000000000005,-0.0030571573786403886,35,2023-01,2025-11,negative
N08000305,BALLYMURPHY,burglary,2,0.05714285714285714,-0.12992918859221722,-100.0,-0.0018561312656031038,35,2023-01,2025-11,negative
N08000305,BALLYMURPHY,criminal-damage-arson,4,0.11428571428571428,-0.1948937828883259,-100.0,-0.002784196898404655,35,2023-01,2025-11,negative
N08000305,BALLYMURPHY,drugs,5,0.14285714285714285,-0.3248229714805431,-100.0,-0.004640328164007758,35,2023-01,2025-11,negative
N08000305,BALLYMURPHY,other-crime,2,0.05714285714285714,-0.12992918859221722,-100.0,-0.0018015391695559528,35,2023-01,2025-11,negative
N08000305,BALLYMURPHY,other-theft,5,0.14285714285714285,-0.25985837718443444,-100.0,-0.003657670435159055,35,2023-01,2025-11,negative
N08000305,BALLYMURPHY,vehicle-crime,1,0.02857142857142857,-0.06496459429610861,-100.0,-0.0009280656328015519,35,2023-01,2025-11,negative
N08000305,BALLYMURPHY,violent-crime,16,0.45714285714285713,-0.7146105372571948,-100.0,-0.011409748073854364,35,2023-01,2025-11,negative
N08000306,BALLYSILLAN,anti-social-behaviour,400,11.428571428571429,-0.756286632633768,-30.769230769230766,-0.0489361938763026,35,2023-01,2025-11,negative
N08000306,BALLYSILLAN,burglary,1,0.02857142857142857,-0.06302388605281402,-100.0,-0.0009003412293259144,35,2023-01,2025-11,negative
N08000306,BALLYSILLAN,criminal-damage-arson,6,0.17142857142857143,-0.2520955442112561,-100.0,-0.003707287414871411,35,2023-01,2025-11,negative
N08000306,BALLYSILLAN,drugs,2,0.05714285714285714,-0.12604777210562804,-100.0,-0.0017477212098679527,35,2023-01,2025-11,negative
N08000306,BALLYSILLAN,other-crime,1,0.02857142857142857,-0.06302388605281402,-100.0,-0.0009003412293259144,35,2023-01,2025-11,negative
N08000306,BALLYSILLAN,other-theft,4,0.11428571428571428,-0.18907165815844207,-100.0,-0.0024891786928422344,35,2023-01,2025-11,negative
N08000306,BALLYSILLAN,violent-crime,8,0.22857142857142856,-0.5041910884225121,-100.0,-0.007043846088255684,35,2023-01,2025-11,negative
N08000307,BEECHMOUNT,anti-social-behaviour,525,15.0,-1.3595352861203807,-46.808510638297875,0.00597198464109414,35,2023-01,2025-11,positive
N08000307,BEECHMOUNT,burglary,2,0.05714285714285714,-0.1235941169200346,-100.0,-0.0017656302417147795,35,2023-01,2025-11,negative
N08000307,BEECHMOUNT,criminal-damage-arson,8,0.22857142857142856,-0.4325794092201211,-100.0,-0.005608472532505772,35,2023-01,2025-11,negative
N08000307,BEECHMOUNT,drugs,2,0.05714285714285714,-0.1235941169200346,-100.0,-0.001713699940487874,35,2023-01,2025-11,negative
N08000307,BEECHMOUNT,other-crime,2,0.05714285714285714,-0.1235941169200346,-100.0,-0.0017656302417147795,35,2023-01,2025-11,negative
N08000307,BEECHMOUNT,other-theft,8,0.22857142857142856,-0.4943764676801384,-100.0,-0.006906730063178401,35,2023-01,2025-11,negative
N08000307,BEECHMOUNT,robbery,1,0.02857142857142857,-0.0617970584600173,-100.0,-0.0008828151208573898,35,2023-01,2025-11,negative
N08000307,BEECHMOUNT,shoplifting,2,0.05714285714285714,-0.1235941169200346,-100.0,-0.0017656302417147795,35,2023-01,2025-11,negative
N08000307,BEECHMOUNT,vehicle-crime,1,0.02857142857142857,-0.0617970584600173,-100.0,-0.0008828151208573898,35,2023-01,2025-11,negative
N08000307,BEECHMOUNT,violent-crime,31,0.8857142857142857,-1.853911753800519,-100.0,-0.025082335492595247,35,2023-01,2025-11,negative
N08000308,BEERSBRIDGE,anti-social-behaviour,1073,30.65714285714286,2.4205748865355523,71.64179104477613,0.04021578374163581,35,2023-01,2025-11,positive
N08000308,BEERSBRIDGE,bicycle-theft,1,0.02857142857142857,-0.050428643469490664,-100.0,-0.000720409192421295,35,2023-01,2025-11,negative
N08000308,BEERSBRIDGE,burglary,7,0.2,-0.30257186081694404,-100.0,-0.004661471245078969,35,2023-01,2025-11,negative
N08000308,BEERSBRIDGE,criminal-damage-arson,13,0.37142857142857144,-0.6555723651033786,-100.0,-0.009026303410925638,35,2023-01,2025-11,negative
N08000308,BEERSBRIDGE,drugs,4,0.11428571428571428,-0.15128593040847202,-100.0,-0.0027121287244095808,35,2023-01,2025-11,negative
N08000308,BEERSBRIDGE,other-theft,6,0.17142857142857143,-0.30257186081694404,-100.0,-0.004280078143208871,35,2023-01,2025-11,negative
N08000308,BEERSBRIDGE,possession-of-weapons,3,0.08571428571428572,-0.10085728693898133,-100.0,-0.0018222114867126873,35,2023-01,2025-11,negative
N08000308,BEERSBRIDGE,robbery,1,0.02857142857142857,-0.050428643469490664,-100.0,-0.0006780321811023953,35,2023-01,2025-11,negative
N08000308,BEERSBRIDGE,vehicle-crime,1,0.02857142857142857,-0.050428643469490664,-100.0,-0.000720409192421295,35,2023-01,2025-11,negative
N08000308,BEERSBRIDGE,violent-crime,36,1.0285714285714285,-1.6137165910237015,-100.0,-0.02368874932726494,35,2023-01,2025-11,negative
N08000309,BELLEVUE,anti-social-behaviour,344,9.82857142857143,0.8598980406608931,73.6842105263158,0.019974822433119176,35,2023-01,2025-11,positive
N08000309,BELLEVUE,criminal-damage-arson,3,0.08571428571428572,-0.18426386585590562,-100.0,-0.0026323409407986516,35,2023-01,2025-11,negative
N08000309,BELLEVUE,drugs,6,0.17142857142857143,-0.36852773171181136,-100.0,-0.005161452825095396,35,2023-01,2025-11,negative
N08000309,BELLEVUE,other-crime,1,0.02857142857142857,-0.06142128861863522,-100.0,-0.0008258324520152637,35,2023-01,2025-11,negative
N08000309,BELLEVUE,other-theft,3,0.08571428571428572,-0.18426386585590562,-100.0,-0.0026323409407986516,35,2023-01,2025-11,negative
N08000309,BELLEVUE,possession-of-weapons,1,0.02857142857142857,-0.06142128861863522,-100.0,-0.0008258324520152637,35,2023-01,2025-11,negative
N08000309,BELLEVUE,robbery,1,0.02857142857142857,-0.06142128861863522,-100.0,-0.0008774469802662173,35,2023-01,2025-11,negative
N08000309,BELLEVUE,shoplifting,2,0.05714285714285714,-0.12284257723727043,-100.0,-0.0017032794322814808,35,2023-01,2025-11,negative
N08000309,BELLEVUE,violent-crime,15,0.42857142857142855,-0.859898040660893,-100.0,-0.012748788477985627,35,2023-01,2025-11,negative
N08000310,BELMONT,anti-social-behaviour,127,3.6285714285714286,0.0,0.0,0.008949266607601498,35,2023-01,2025-11,positive
N08000310,BELMONT,criminal-damage-arson,1,0.02857142857142857,-0.07099751508697195,-100.0,-0.0010142502155281706,35,2023-01,2025-11,negative
N08000310,BELMONT,other-theft,1,0.02857142857142857,-0.07099751508697195,-100.0,-0.0010142502155281706,35,2023-01,2025-11,negative
N08000310,BELMONT,shoplifting,1,0.02857142857142857,-0.07099751508697195,-100.0,-0.0010142502155281706,35,2023-01,2025-11,negative
N08000310,BELMONT,violent-crime,6,0.17142857142857143,-0.35498757543485976,-100.0,-0.0050712510776408535,35,2023-01,2025-11,negative
N08000311,BELVOIR,anti-social-behaviour,311,8.885714285714286,-2.6124276917335325,-79.24528301886792,-0.05164222807988653,35,2023-01,2025-11,negative
N08000311,BELVOIR,criminal-damage-arson,1,0.02857142857142857,-0.06220065932698887,-100.0,-0.0008885808475284121,35,2023-01,2025-11,negative
N08000311,BELVOIR,other-theft,2,0.05714285714285714,-0.12440131865397774,-100.0,-0.0017771616950568241,35,2023-01,2025-11,negative
N08000311,BELVOIR,shoplifting,1,0.02857142857142857,-0.06220065932698887,-100.0,-0.0008885808475284121,35,2023-01,2025-11,negative
N08000311,BELVOIR,violent-crime,8,0.22857142857142856,-0.4354046152889221,-100.0,-0.005697371316505703,35,2023-01,2025-11,negative
N08000312,BLACKSTAFF,anti-social-behaviour,1317,37.628571428571426,1.0158561900976117,24.46808510638301,0.029172925298382273,35,2023-01,2025-11,positive
N08000312,BLACKSTAFF,burglary,6,0.17142857142857143,-0.2208383021951327,-100.0,-0.003637336742037479,35,2023-01,2025-11,negative
N08000312,BLACKSTAFF,criminal-damage-arson,10,0.2857142857142857,-0.4416766043902655,-100.0,-0.006272550095962593,35,2023-01,2025-11,negative
N08000312,BLACKSTAFF,drugs,4,0.11428571428571428,-0.13250298131707963,-100.0,-0.002226940862471926,35,2023-01,2025-11,negative
N08000312,BLACKSTAFF,other-crime,1,0.02857142857142857,-0.04416766043902654,-100.0,-0.0005938508966591802,35,2023-01,2025-11,negative
N08000312,BLACKSTAFF,other-theft,18,0.5142857142857142,-0.7950178879024777,-100.0,-0.01087489454507124,35,2023-01,2025-11,negative
N08000312,BLACKSTAFF,possession-of-weapons,1,0.02857142857142857,-0.04416766043902654,-100.0,-0.0005567352156179813,35,2023-01,2025-11,negative
N08000312,BLACKSTAFF,robbery,1,0.02857142857142857,-0.04416766043902654,-100.0,-0.0005938508966591802,35,2023-01,2025-11,negative
N08000312,BLACKSTAFF,shoplifting,20,0.5714285714285714,-0.8391855483415044,-100.0,-0.012507984510883986,35,2023-01,2025-11,negative
N08000312,BLACKSTAFF,theft-from-the-person,1,0.02857142857142857,-0.04416766043902654,-100.0,-0.000630966577700379,35,2023-01,2025-11,negative
N08000312,BLACKSTAFF,vehicle-crime,2,0.05714285714285714,-0.08833532087805308,-100.0,-0.001261933155400758,35,2023-01,2025-11,negative
N08000312,BLACKSTAFF,violent-crime,41,1.1714285714285715,-1.766706417561062,-100.0,-0.02471904357343838,35,2023-01,2025-11,negative
N08000313,BLOOMFIELD,anti-social-behaviour,870,24.857142857142858,1.017984390906007,33.333333333333364,0.05617448879789447,35,2023-01,2025-11,positive
N08000313,BLOOMFIELD,burglary,1,0.02857142857142857,-0.05655468838366701,-100.0,-0.0008079241197666715,35,2023-01,2025-11,negative
N08000313,BLOOMFIELD,criminal-damage-arson,7,0.2,-0.3393281303020021,-100.0,-0.005370319149037285,35,2023-01,2025-11,negative
N08000313,BLOOMFIELD,drugs,2,0.05714285714285714,-0.11310937676733401,-100.0,-0.001615848239533343,35,2023-01,2025-11,negative
N08000313,BLOOMFIELD,other-crime,2,0.05714285714285714,-0.11310937676733401,-100.0,-0.001615848239533343,35,2023-01,2025-11,negative
N08000313,BLOOMFIELD,other-theft,3,0.08571428571428572,-0.16966406515100105,-100.0,-0.002423772359300014,35,2023-01,2025-11,negative
N08000313,BLOOMFIELD,possession-of-weapons,2,0.05714285714285714,-0.11310937676733401,-100.0,-0.001520798343090205,35,2023-01,2025-11,negative
N08000313,BLOOMFIELD,robbery,2,0.05714285714285714,-0.11310937676733401,-100.0,-0.001615848239533343,35,2023-01,2025-11,negative
N08000313,BLOOMFIELD,shoplifting,10,0.2857142857142857,-0.5089921954530031,-100.0,-0.0076990416118941606,35,2023-01,2025-11,negative
N08000313,BLOOMFIELD,violent-crime,6,0.17142857142857143,-0.339328130302002,-100.0,-0.0046574449257137515,35,2023-01,2025-11,negative
N08000314,CAVEHILL,anti-social-behaviour,140,4.0,-0.15035333032626685,-14.285714285714295,-0.02185808919869254,35,2023-01,2025-11,negative
N08000314,CAVEHILL,criminal-damage-arson,1,0.02857142857142857,-0.07517666516313336,-100.0,-0.0010739523594733337,35,2023-01,2025-11,negative
N08000314,CAVEHILL,drugs,2,0.05714285714285714,-0.15035333032626672,-100.0,-0.0021479047189466673,35,2023-01,2025-11,negative
N08000314,CAVEHILL,other-crime,1,0.02857142857142857,0.0,0.0,0.0004422156774301961,35,2023-01,2025-11,positive
N08000314,CAVEHILL,violent-crime,2,0.05714285714285714,0.0,0.0,0.0001895210046129411,35,2023-01,2025-11,positive
N08000315,CENTRAL,anti-social-behaviour,8163,233.22857142857143,0.0,0.0,0.006637382390480599,35,2023-01,2025-11,positive
N08000315,CENTRAL,bicycle-theft,19,0.5428571428571428,-0.41003064439552844,-100.0,-0.005748771086836907,35,2023-01,2025-11,negative
N08000315,CENTRAL,burglary,21,0.6,-0.4531917648582157,-100.0,-0.006347223597454,35,2023-01,2025-11,negative
N08000315,CENTRAL,criminal-damage-arson,64,1.8285714285714285,-1.2948336138806165,-100.0,-0.019059805716926156,35,2023-01,2025-11,negative
N08000315,CENTRAL,drugs,46,1.3142857142857143,-0.9711252104104623,-100.0,-0.013891352216142187,35,2023-01,2025-11,negative
N08000315,CENTRAL,other-crime,10,0.2857142857142857,-0.19422504208209246,-100.0,-0.0029741276285213027,35,2023-01,2025-11,negative
N08000315,CENTRAL,other-theft,54,1.542857142857143,-1.0790280115671802,-100.0,-0.01601313839014824,35,2023-01,2025-11,negative
N08000315,CENTRAL,possession-of-weapons,7,0.2,-0.10790280115671802,-100.0,-0.0015596035125172681,35,2023-01,2025-11,negative
N08000315,CENTRAL,public-order,5,0.14285714285714285,-0.10790280115671802,-100.0,-0.0015233336633889605,35,2023-01,2025-11,negative
N08000315,CENTRAL,robbery,17,0.4857142857142857,-0.3668695239328413,-100.0,-0.005132183651655663,35,2023-01,2025-11,negative
N08000315,CENTRAL,shoplifting,87,2.4857142857142858,-1.8343476196642066,-100.0,-0.026241235844331263,35,2023-01,2025-11,negative
N08000315,CENTRAL,theft-from-the-person,8,0.22857142857142856,-0.17264448185074885,-100.0,-0.0024119449670325197,35,2023-01,2025-11,negative
N08000315,CENTRAL,vehicle-crime,18,0.5142857142857142,-0.38845008416418486,-100.0,-0.005331667821861359,35,2023-01,2025-11,negative
N08000315,CENTRAL,violent-crime,239,6.828571428571428,-5.0282705339030604,-100.0,-0.07132465831081879,35,2023-01,2025-11,negative
N08000316,CHICHESTER PARK,anti-social-behaviour,625,17.857142857142858,-0.986010969372034,-25.39682539682539,-0.03997901619512655,35,2023-01,2025-11,negative
N08000316,CHICHESTER PARK,burglary,5,0.14285714285714285,-0.3081284279287608,-100.0,-0.0041946895230638,35,2023-01,2025-11,negative
N08000316,CHICHESTER PARK,criminal-damage-arson,10,0.2857142857142857,-0.5546311702717693,-100.0,-0.0072500806571473096,35,2023-01,2025-11,negative
N08000316,CHICHESTER PARK,other-crime,1,0.02857142857142857,-0.06162568558575215,-100.0,-0.0008803669369393161,35,2023-01,2025-11,negative
N08000316,CHICHESTER PARK,other-theft,5,0.14285714285714285,-0.3081284279287607,-100.0,-0.00440183468469658,35,2023-01,2025-11,negative
N08000316,CHICHESTER PARK,possession-of-weapons,1,0.02857142857142857,0.0,0.0,0.0003625040328573654,35,2023-01,2025-11,positive
N08000316,CHICHESTER PARK,robbery,1,0.02857142857142857,-0.06162568558575215,-100.0,-0.0008803669369393161,35,2023-01,2025-11,negative
N08000316,CHICHESTER PARK,shoplifting,2,0.05714285714285714,-0.1232513711715043,-100.0,-0.0017089475834704375,35,2023-01,2025-11,negative
N08000316,CHICHESTER PARK,vehicle-crime,2,0.05714285714285714,-0.06162568558575215,-100.0,-0.0007767943561229262,35,2023-01,2025-11,negative
N08000316,CHICHESTER PARK,violent-crime,34,0.9714285714285714,-1.3557650828865473,-100.0,-0.0157430322840913,35,2023-01,2025-11,negative
N08000317,CLIFTONVILLE,anti-social-behaviour,337,9.628571428571428,-0.47139237522833066,-31.999999999999996,-0.019855918326319402,35,2023-01,2025-11,negative
N08000317,CLIFTONVILLE,burglary,2,0.05714285714285714,-0.11784809380708268,-100.0,-0.0016835441972440379,35,2023-01,2025-11,negative
N08000317,CLIFTONVILLE,criminal-damage-arson,3,0.08571428571428572,-0.11784809380708268,-100.0,-0.0019806402320518093,35,2023-01,2025-11,negative
N08000317,CLIFTONVILLE,drugs,3,0.08571428571428572,-0.17677214071062405,-100.0,-0.0024262842842634664,35,2023-01,2025-11,negative
N08000317,CLIFTONVILLE,other-crime,1,0.02857142857142857,-0.05892404690354134,-100.0,-0.0007427400870194282,35,2023-01,2025-11,negative
N08000317,CLIFTONVILLE,other-theft,4,0.11428571428571428,-0.23569618761416536,-100.0,-0.003317572388686781,35,2023-01,2025-11,negative
N08000317,CLIFTONVILLE,robbery,2,0.05714285714285714,-0.11784809380708268,-100.0,-0.001584512185641447,35,2023-01,2025-11,negative
N08000317,CLIFTONVILLE,violent-crime,13,0.37142857142857144,-0.707088562842496,-100.0,-0.009655621131252567,35,2023-01,2025-11,negative
N08000318,CLONARD,anti-social-behaviour,894,25.542857142857144,-0.7223426126576662,-19.69696969696972,-0.006303571603670632,35,2023-01,2025-11,negative
N08000318,CLONARD,burglary,7,0.2,-0.38895371450797356,-100.0,-0.00532301602087743,35,2023-01,2025-11,negative
N08000318,CLONARD,criminal-damage-arson,14,0.4,-0.7223426126576652,-100.0,-0.0105993389187647,35,2023-01,2025-11,negative
N08000318,CLONARD,drugs,4,0.11428571428571428,-0.1666944490748458,-100.0,-0.002848280502399326,35,2023-01,2025-11,negative
N08000318,CLONARD,other-crime,1,0.02857142857142857,-0.05556481635828194,-100.0,-0.0007937830908325989,35,2023-01,2025-11,negative
N08000318,CLONARD,other-theft,4,0.11428571428571428,-0.1666944490748458,-100.0,-0.00275489425641902,35,2023-01,2025-11,negative
N08000318,CLONARD,theft-from-the-person,1,0.02857142857142857,-0.05556481635828194,-100.0,-0.0007937830908325989,35,2023-01,2025-11,negative
N08000318,CLONARD,vehicle-crime,2,0.05714285714285714,-0.11112963271656388,-100.0,-0.0015875661816651977,35,2023-01,2025-11,negative
N08000318,CLONARD,violent-crime,28,0.8,-1.44468522531533,-100.0,-0.020871825976598337,35,2023-01,2025-11,negative
N08000319,COLLIN GLEN,anti-social-behaviour,459,13.114285714285714,1.11975483262612,146.15384615384622,0.024762380199604583,35,2023-01,2025-11,positive
N08000319,COLLIN GLEN,criminal-damage-arson,3,0.08571428571428572,-0.1768033946251768,-100.0,-0.0024267132595612506,35,2023-01,2025-11,negative
N08000319,COLLIN GLEN,drugs,2,0.05714285714285714,-0.11786892975011787,-100.0,-0.0016838418535731119,35,2023-01,2025-11,negative
N08000319,COLLIN GLEN,other-theft,1,0.02857142857142857,-0.058934464875058934,-100.0,-0.0007923961663873464,35,2023-01,2025-11,negative
N08000319,COLLIN GLEN,possession-of-weapons,1,0.02857142857142857,-0.058934464875058934,-100.0,-0.0007923961663873464,35,2023-01,2025-11,negative
N08000319,COLLIN GLEN,robbery,1,0.02857142857142857,-0.058934464875058934,-100.0,-0.0008419209267865559,35,2023-01,2025-11,negative
N08000319,COLLIN GLEN,violent-crime,9,0.2571428571428571,-0.5304101838755304,-100.0,-0.0073296645390829585,35,2023-01,2025-11,negative
N08000320,CONNSWATER,anti-social-behaviour,634,18.114285714285714,0.0,0.0,0.020551313795884377,35,2023-01,2025-11,positive
N08000320,CONNSWATER,bicycle-theft,1,0.02857142857142857,-0.05622083544161466,-100.0,-0.0008031547920230663,35,2023-01,2025-11,negative
N08000320,CONNSWATER,burglary,1,0.02857142857142857,-0.05622083544161466,-100.0,-0.0008031547920230663,35,2023-01,2025-11,negative
N08000320,CONNSWATER,criminal-damage-arson,6,0.17142857142857143,-0.337325012649688,-100.0,-0.004771684352607631,35,2023-01,2025-11,negative
N08000320,CONNSWATER,drugs,7,0.2,-0.3935458480913026,-100.0,-0.0054803503455691585,35,2023-01,2025-11,negative
N08000320,CONNSWATER,other-crime,2,0.05714285714285714,-0.11244167088322932,-100.0,-0.0015590651845153645,35,2023-01,2025-11,negative
N08000320,CONNSWATER,other-theft,3,0.08571428571428572,-0.168662506324844,-100.0,-0.002314975577007661,35,2023-01,2025-11,negative
N08000320,CONNSWATER,robbery,1,0.02857142857142857,-0.05622083544161466,-100.0,-0.0008031547920230663,35,2023-01,2025-11,negative
N08000320,CONNSWATER,shoplifting,11,0.3142857142857143,-0.6184291898577613,-100.0,-0.00864572511413066,35,2023-01,2025-11,negative
N08000320,CONNSWATER,violent-crime,23,0.6571428571428571,-1.2368583797155226,-100.0,-0.01823633821887668,35,2023-01,2025-11,negative
N08000321,CREGAGH,anti-social-behaviour,268,7.6571428571428575,0.5813530993387106,53.33333333333331,0.007694379255953528,35,2023-01,2025-11,positive
N08000321,CREGAGH,burglary,1,0.02857142857142857,-0.07266913741733885,-100.0,-0.0010381305345334118,35,2023-01,2025-11,negative
N08000321,CREGAGH,criminal-damage-arson,2,0.05714285714285714,-0.1453382748346777,-100.0,-0.00195412806500407,35,2023-01,2025-11,negative
N08000321,CREGAGH,drugs,1,0.02857142857142857,0.0,0.0,-0.0005495985182823943,35,2023-01,2025-11,negative
N08000321,CREGAGH,other-crime,1,0.02857142857142857,-0.07266913741733885,-100.0,-0.0009159975304706573,35,2023-01,2025-11,negative
N08000321,CREGAGH,other-theft,1,0.02857142857142857,-0.07266913741733885,-100.0,-0.0010381305345334118,35,2023-01,2025-11,negative
N08000321,CREGAGH,public-order,1,0.02857142857142857,-0.07266913741733885,-100.0,-0.0009159975304706573,35,2023-01,2025-11,negative
N08000321,CREGAGH,violent-crime,10,0.2857142857142857,-0.6540222367560496,-100.0,-0.009159975304706577,35,2023-01,2025-11,negative
N08000322,DUNCAIRN,anti-social-behaviour,1519,43.4,1.4791716638682337,40.21739130434782,0.04992162372264807,35,2023-01,2025-11,positive
N08000322,DUNCAIRN,burglary,7,0.2,-0.27984328775885503,-100.0,-0.003964166621313911,35,2023-01,2025-11,negative
N08000322,DUNCAIRN,criminal-damage-arson,20,0.5714285714285714,-0.7995522507395858,-100.0,-0.011388580378181494,35,2023-01,2025-11,negative
N08000322,DUNCAIRN,drugs,15,0.42857142857142855,-0.4397537379067722,-100.0,-0.007155656697795449,35,2023-01,2025-11,negative
N08000322,DUNCAIRN,other-crime,4,0.11428571428571428,-0.15991045014791716,-100.0,-0.002250840369729086,35,2023-01,2025-11,negative
N08000322,DUNCAIRN,other-theft,17,0.4857142857142857,-0.5996641880546894,-100.0,-0.008633820522692168,35,2023-01,2025-11,negative
N08000322,DUNCAIRN,possession-of-weapons,2,0.05714285714285714,-0.03997761253697929,-100.0,-0.00033594632384016204,35,2023-01,2025-11,negative
N08000322,DUNCAIRN,robbery,1,0.02857142857142857,-0.03997761253697929,-100.0,-0.0005711087505282752,35,2023-01,2025-11,negative
N08000322,DUNCAIRN,shoplifting,4,0.11428571428571428,-0.15991045014791716,-100.0,-0.002284435002113101,35,2023-01,2025-11,negative
N08000322,DUNCAIRN,theft-from-the-person,1,0.02857142857142857,-0.03997761253697929,-100.0,-0.0005711087505282752,35,2023-01,2025-11,negative
N08000322,DUNCAIRN,vehicle-crime,3,0.08571428571428572,-0.11993283761093787,-100.0,-0.001646136986816794,35,2023-01,2025-11,negative
N08000322,DUNCAIRN,violent-crime,48,1.3714285714285714,-1.918925401775006,-100.0,-0.02687570590721296,35,2023-01,2025-11,negative
N08000323,DUNMURRY,anti-social-behaviour,345,9.857142857142858,-0.4481147173676461,-29.166666666666664,-0.010167308713383543,35,2023-01,2025-11,negative
N08000323,DUNMURRY,burglary,1,0.02857142857142857,-0.06401638819537801,-100.0,-0.0008069292629669494,35,2023-01,2025-11,negative
N08000323,DUNMURRY,criminal-damage-arson,4,0.11428571428571428,-0.06401638819537801,-50.0,-0.0017214490943294927,35,2023-01,2025-11,negative
N08000323,DUNMURRY,drugs,4,0.11428571428571428,-0.25606555278151205,-100.0,-0.0034966934728567827,35,2023-01,2025-11,negative
N08000323,DUNMURRY,other-crime,2,0.05714285714285714,-0.12803277639075603,-100.0,-0.0017752443785272894,35,2023-01,2025-11,negative
N08000323,DUNMURRY,other-theft,5,0.14285714285714285,-0.25606555278151205,-100.0,-0.0030125359150766124,35,2023-01,2025-11,negative
N08000323,DUNMURRY,vehicle-crime,2,0.05714285714285714,-0.12803277639075603,-100.0,-0.001829039662725086,35,2023-01,2025-11,negative
N08000323,DUNMURRY,violent-crime,8,0.22857142857142856,-0.3840983291722681,-100.0,-0.006939591661515766,35,2023-01,2025-11,negative
N08000324,FALLS,anti-social-behaviour,828,23.65714285714286,-2.3170496234794355,-46.153846153846146,-0.03867157985032208,35,2023-01,2025-11,negative
N08000324,FALLS,bicycle-theft,1,0.02857142857142857,-0.06436248954109546,-100.0,-0.0009194641363013635,35,2023-01,2025-11,negative
N08000324,FALLS,burglary,5,0.14285714285714285,-0.32181244770547723,-100.0,-0.004597320681506817,35,2023-01,2025-11,negative
N08000324,FALLS,criminal-damage-arson,14,0.4,-0.9010748535753362,-100.0,-0.012602067279895157,35,2023-01,2025-11,negative
N08000324,FALLS,drugs,6,0.17142857142857143,-0.38617493724657265,-100.0,-0.005462698692143394,35,2023-01,2025-11,negative
N08000324,FALLS,other-crime,2,0.05714285714285714,-0.1287249790821909,-100.0,-0.001838928272602727,35,2023-01,2025-11,negative
N08000324,FALLS,other-theft,9,0.2571428571428571,-0.5148999163287636,-100.0,-0.007896574347058769,35,2023-01,2025-11,negative
N08000324,FALLS,public-order,2,0.05714285714285714,-0.1287249790821909,-100.0,-0.001838928272602727,35,2023-01,2025-11,negative
N08000324,FALLS,robbery,1,0.02857142857142857,-0.06436248954109546,-100.0,-0.0009194641363013635,35,2023-01,2025-11,negative
N08000324,FALLS,shoplifting,4,0.11428571428571428,-0.2574499581643818,-100.0,-0.003677856545205454,35,2023-01,2025-11,negative
N08000324,FALLS,theft-from-the-person,1,0.02857142857142857,-0.06436248954109546,-100.0,-0.0008653780106365776,35,2023-01,2025-11,negative
N08000324,FALLS,vehicle-crime,8,0.22857142857142856,-0.5148999163287636,-100.0,-0.007193454713416547,35,2023-01,2025-11,negative
N08000324,FALLS,violent-crime,32,0.9142857142857143,-1.9308746862328636,-100.0,-0.028773818853666196,35,2023-01,2025-11,negative
N08000325,FALLS PARK,anti-social-behaviour,804,22.97142857142857,-0.42176296921130385,-14.634146341463433,0.011636877441824534,35,2023-01,2025-11,positive
N08000325,FALLS PARK,bicycle-theft,1,0.02857142857142857,-0.07029382820188387,-100.0,-0.0010041975457411982,35,2023-01,2025-11,negative
N08000325,FALLS PARK,criminal-damage-arson,9,0.2571428571428571,-0.6326444538169548,-100.0,-0.00850614391686662,35,2023-01,2025-11,negative
N08000325,FALLS PARK,drugs,7,0.2,-0.35146914100941934,-100.0,-0.004784705953237472,35,2023-01,2025-11,negative
N08000325,FALLS PARK,other-crime,2,0.05714285714285714,-0.14058765640376775,-100.0,-0.0020083950914823964,35,2023-01,2025-11,negative
N08000325,FALLS PARK,other-theft,3,0.08571428571428572,-0.14058765640376775,-100.0,-0.0023628177546851726,35,2023-01,2025-11,negative
N08000325,FALLS PARK,possession-of-weapons,2,0.05714285714285714,-0.07029382820188387,-100.0,-0.0010041975457411978,35,2023-01,2025-11,negative
N08000325,FALLS PARK,shoplifting,11,0.3142857142857143,-0.7029382820188387,-100.0,-0.010455468564481889,35,2023-01,2025-11,negative
N08000325,FALLS PARK,theft-from-the-person,1,0.02857142857142857,-0.07029382820188387,-100.0,-0.0010041975457411982,35,2023-01,2025-11,negative
N08000325,FALLS PARK,violent-crime,15,0.42857142857142855,-0.9841135948263743,-100.0,-0.013645272533306866,35,2023-01,2025-11,negative
N08000326,FINAGHY,anti-social-behaviour,133,3.8,0.07366482504604033,8.33333333333331,0.004952257145952307,35,2023-01,2025-11,positive
N08000326,FINAGHY,burglary,1,0.02857142857142857,-0.07366482504604051,-100.0,-0.0009904514291904616,35,2023-01,2025-11,negative
N08000326,FINAGHY,criminal-damage-arson,2,0.05714285714285714,-0.14732965009208102,-100.0,-0.002042806072705325,35,2023-01,2025-11,negative
N08000326,FINAGHY,drugs,1,0.02857142857142857,-0.07366482504604051,-100.0,-0.0009285482148660563,35,2023-01,2025-11,negative
N08000326,FINAGHY,violent-crime,7,0.2,-0.5156537753222836,-100.0,-0.007118869647306435,35,2023-01,2025-11,negative
N08000327,FORTH RIVER,anti-social-behaviour,260,7.428571428571429,0.5418952787373847,36.36363636363642,0.0029599321947840393,35,2023-01,2025-11,positive
N08000327,FORTH RIVER,criminal-damage-arson,5,0.14285714285714285,-0.338684549210865,-100.0,-0.004382976519199428,35,2023-01,2025-11,negative
N08000327,FORTH RIVER,drugs,4,0.11428571428571428,-0.20321072952651897,-100.0,-0.0033014628326437246,35,2023-01,2025-11,negative
N08000327,FORTH RIVER,other-crime,2,0.05714285714285714,-0.067736909842173,-100.0,-0.0011384354595323192,35,2023-01,2025-11,negative
N08000327,FORTH RIVER,other-theft,4,0.11428571428571428,-0.203210729526519,-100.0,-0.003415306378596957,35,2023-01,2025-11,negative
N08000327,FORTH RIVER,possession-of-weapons,2,0.05714285714285714,-0.135473819684346,-100.0,-0.001878418508228326,35,2023-01,2025-11,negative
N08000327,FORTH RIVER,robbery,1,0.02857142857142857,0.0,0.0,-0.0005692177297661593,35,2023-01,2025-11,negative
N08000327,FORTH RIVER,vehicle-crime,2,0.05714285714285714,-0.067736909842173,-100.0,-0.0015368878703686305,35,2023-01,2025-11,negative
N08000327,FORTH RIVER,violent-crime,31,0.8857142857142857,-1.4902120165278057,-100.0,-0.02231333500683345,35,2023-01,2025-11,negative
N08000328,FORTWILLIAM,anti-social-behaviour,371,10.6,1.2719949120203515,66.66666666666664,0.04845694902934673,35,2023-01,2025-11,positive
N08000328,FORTWILLIAM,burglary,1,0.02857142857142857,-0.07066638400113066,-100.0,-0.0010095197714447236,35,2023-01,2025-11,negative
N08000328,FORTWILLIAM,criminal-damage-arson,11,0.3142857142857143,-0.6359974560101759,-100.0,-0.00908567794300251,35,2023-01,2025-11,negative
N08000328,FORTWILLIAM,drugs,1,0.02857142857142857,-0.07066638400113066,-100.0,-0.0010095197714447236,35,2023-01,2025-11,negative
N08000328,FORTWILLIAM,other-crime,2,0.05714285714285714,-0.14133276800226133,-100.0,-0.0018408889949874372,35,2023-01,2025-11,negative
N08000328,FORTWILLIAM,other-theft,3,0.08571428571428572,-0.07066638400113066,-100.0,-0.0014845878991834164,35,2023-01,2025-11,negative
N08000328,FORTWILLIAM,possession-of-weapons,1,0.02857142857142857,-0.07066638400113066,-100.0,-0.0010095197714447236,35,2023-01,2025-11,negative
N08000328,FORTWILLIAM,vehicle-crime,3,0.08571428571428572,-0.21199915200339195,-100.0,-0.003028559314334171,35,2023-01,2025-11,negative
N08000328,FORTWILLIAM,violent-crime,15,0.42857142857142855,-0.7066638400113066,-100.0,-0.011639169129597986,35,2023-01,2025-11,negative
N08000329,GARNERVILLE,anti-social-behaviour,177,5.057142857142857,0.0,0.0,0.0018720938667864918,35,2023-01,2025-11,positive
N08000329,GARNERVILLE,criminal-damage-arson,6,0.17142857142857143,-0.41771094402673353,-100.0,-0.005791790400370676,35,2023-01,2025-11,negative
N08000329,GARNERVILLE,drugs,1,0.02857142857142857,-0.06961849067112225,-100.0,-0.0009945498667303172,35,2023-01,2025-11,negative
N08000329,GARNERVILLE,shoplifting,1,0.02857142857142857,-0.06961849067112225,-100.0,-0.0008775440000561622,35,2023-01,2025-11,negative
N08000329,GARNERVILLE,violent-crime,10,0.2857142857142857,-0.34809245335561123,-83.33333333333334,-0.0026326320001684874,35,2023-01,2025-11,negative
N08000330,GILNAHIRK,anti-social-behaviour,102,2.914285714285714,-0.3233107015842224,-50.0,-0.007824662357668573,35,2023-01,2025-11,negative
N08000330,GILNAHIRK,criminal-damage-arson,1,0.02857142857142857,-0.06466214031684449,-100.0,-0.0008694069286298416,35,2023-01,2025-11,negative
N08000330,GILNAHIRK,drugs,1,0.02857142857142857,-0.06466214031684449,-100.0,-0.0008150689955904763,35,2023-01,2025-11,negative
N08000330,GILNAHIRK,shoplifting,1,0.02857142857142857,-0.06466214031684449,-100.0,-0.0009237448616692069,35,2023-01,2025-11,negative
N08000330,GILNAHIRK,violent-crime,8,0.22857142857142856,-0.5172971225347559,-100.0,-0.006955255429038732,35,2023-01,2025-11,negative
N08000331,HILLFOOT,anti-social-behaviour,115,3.2857142857142856,0.07274843590862812,10.000000000000023,-0.0044015860381690875,35,2023-01,2025-11,negative
N08000331,HILLFOOT,other-crime,1,0.02857142857142857,-0.07274843590862796,-100.0,-0.0010392633701232562,35,2023-01,2025-11,negative
N08000331,HILLFOOT,violent-crime,2,0.05714285714285714,0.0,0.0,-6.113313941901503e-05,35,2023-01,2025-11,negative
N08000332,INNISFAYLE,anti-social-behaviour,244,6.9714285714285715,0.7525870178739417,150.0,0.022609231839490276,35,2023-01,2025-11,positive
N08000332,INNISFAYLE,criminal-damage-arson,2,0.05714285714285714,-0.12543116964565695,-100.0,-0.001791873852080813,35,2023-01,2025-11,negative
N08000332,INNISFAYLE,drugs,2,0.05714285714285714,-0.12543116964565695,-100.0,-0.001791873852080813,35,2023-01,2025-11,negative
N08000332,INNISFAYLE,other-theft,1,0.02857142857142857,0.0,0.0,-0.00047431954908021506,35,2023-01,2025-11,negative
N08000332,INNISFAYLE,vehicle-crime,2,0.05714285714285714,-0.12543116964565695,-100.0,-0.0016864695078407652,35,2023-01,2025-11,negative
N08000332,INNISFAYLE,violent-crime,7,0.2,-0.4390090937597993,-100.0,-0.0060607497938027525,35,2023-01,2025-11,negative
N08000333,KNOCK,anti-social-behaviour,161,4.6,0.39912193175014965,54.54545454545454,-0.0019564800575987756,35,2023-01,2025-11,negative
N08000333,KNOCK,criminal-damage-arson,1,0.02857142857142857,-0.06652032195835829,-100.0,-0.0009502903136908325,35,2023-01,2025-11,negative
N08000333,KNOCK,drugs,1,0.02857142857142857,-0.06652032195835829,-100.0,-0.0009502903136908325,35,2023-01,2025-11,negative
N08000333,KNOCK,other-theft,2,0.05714285714285714,-0.13304064391671658,-100.0,-0.0018446811971645578,35,2023-01,2025-11,negative
N08000333,KNOCK,violent-crime,3,0.08571428571428572,-0.19956096587507485,-100.0,-0.002683172650421174,35,2023-01,2025-11,negative
N08000334,LADYBROOK,anti-social-behaviour,265,7.571428571428571,1.5915853574147114,164.28571428571428,0.0440782499422854,35,2023-01,2025-11,positive
N08000334,LADYBROOK,criminal-damage-arson,4,0.11428571428571428,-0.2075980900975711,-100.0,-0.0022097275696660217,35,2023-01,2025-11,negative
N08000334,LADYBROOK,drugs,2,0.05714285714285714,-0.13839872673171408,-100.0,-0.001977124667595915,35,2023-01,2025-11,negative
N08000334,LADYBROOK,other-theft,3,0.08571428571428572,-0.13839872673171408,-100.0,-0.0014537681379381726,35,2023-01,2025-11,negative
N08000334,LADYBROOK,shoplifting,2,0.05714285714285714,-0.13839872673171408,-100.0,-0.0019189739420783878,35,2023-01,2025-11,negative
N08000334,LADYBROOK,violent-crime,4,0.11428571428571428,-0.2075980900975711,-100.0,-0.0024423304717361293,35,2023-01,2025-11,negative
N08000335,LAGMORE,anti-social-behaviour,306,8.742857142857142,0.5992329817833174,115.3846153846154,0.0027863494391044976,35,2023-01,2025-11,positive
N08000335,LAGMORE,burglary,4,0.11428571428571428,-0.15979546180888463,-100.0,-0.0022827923115554946,35,2023-01,2025-11,negative
N08000335,LAGMORE,criminal-damage-arson,4,0.11428571428571428,-0.15979546180888463,-100.0,-0.0022827923115554946,35,2023-01,2025-11,negative
N08000335,LAGMORE,drugs,1,0.02857142857142857,-0.039948865452221156,-100.0,-0.0005706980778888736,35,2023-01,2025-11,negative
N08000335,LAGMORE,other-crime,3,0.08571428571428572,-0.11984659635666346,-100.0,-0.001577812332986885,35,2023-01,2025-11,negative
N08000335,LAGMORE,other-theft,5,0.14285714285714285,-0.19974432726110578,-100.0,-0.0028199199142744345,35,2023-01,2025-11,negative
N08000335,LAGMORE,public-order,1,0.02857142857142857,-0.039948865452221156,-100.0,-0.0005706980778888736,35,2023-01,2025-11,negative
N08000335,LAGMORE,vehicle-crime,7,0.2,-0.2796420581655481,-100.0,-0.003961316070052181,35,2023-01,2025-11,negative
N08000335,LAGMORE,violent-crime,12,0.34285714285714286,-0.47938638542665385,-100.0,-0.006546242658137079,35,2023-01,2025-11,negative
N08000336,LEGONIEL,anti-social-behaviour,401,11.457142857142857,-1.0323281716924746,-57.57575757575757,-0.04227934042402616,35,2023-01,2025-11,negative
N08000336,LEGONIEL,burglary,5,0.14285714285714285,-0.271665308340125,-100.0,-0.003743958871242057,35,2023-01,2025-11,negative
N08000336,LEGONIEL,criminal-damage-arson,3,0.08571428571428572,-0.05433306166802499,-100.0,-0.0008218446302726463,35,2023-01,2025-11,negative
N08000336,LEGONIEL,drugs,3,0.08571428571428572,-0.16299918500407498,-100.0,-0.0023285597857724996,35,2023-01,2025-11,negative
N08000336,LEGONIEL,other-crime,2,0.05714285714285714,-0.05433306166802499,-100.0,-0.00013697410504544052,35,2023-01,2025-11,negative
N08000336,LEGONIEL,other-theft,2,0.05714285714285714,-0.10866612333604998,-100.0,-0.0015523731905149995,35,2023-01,2025-11,negative
N08000336,LEGONIEL,violent-crime,22,0.6285714285714286,-1.1409942950285248,-100.0,-0.015341099765089402,35,2023-01,2025-11,negative
N08000337,MALONE,anti-social-behaviour,162,4.628571428571429,0.5542853183676298,72.72727272727275,0.016418955859209203,35,2023-01,2025-11,positive
N08000337,MALONE,burglary,1,0.02857142857142857,-0.06928566479595372,-100.0,-0.000989795211370767,35,2023-01,2025-11,negative
N08000337,MALONE,criminal-damage-arson,2,0.05714285714285714,-0.13857132959190743,-100.0,-0.001921367175013842,35,2023-01,2025-11,negative
N08000337,MALONE,drugs,1,0.02857142857142857,0.0,0.0,-0.0007569022204599985,35,2023-01,2025-11,negative
N08000337,MALONE,other-theft,3,0.08571428571428572,-0.20785699438786118,-100.0,-0.0029693856341123015,35,2023-01,2025-11,negative
N08000337,MALONE,vehicle-crime,1,0.02857142857142857,0.0,0.0,0.0005822324772769218,35,2023-01,2025-11,positive
N08000337,MALONE,violent-crime,5,0.14285714285714285,-0.3464283239797686,-100.0,-0.004890752809126144,35,2023-01,2025-11,negative
N08000338,MEROK,anti-social-behaviour,266,7.6,-1.1266336187471835,-57.692307692307686,-0.028591878391735243,35,2023-01,2025-11,negative
N08000338,MEROK,criminal-damage-arson,2,0.05714285714285714,-0.1502178158329578,-100.0,-0.0019566186095889442,35,2023-01,2025-11,negative
N08000338,MEROK,drugs,1,0.02857142857142857,-0.0751089079164789,-100.0,-0.0010729843988068412,35,2023-01,2025-11,negative
N08000338,MEROK,other-theft,2,0.05714285714285714,-0.0751089079164789,-100.0,-0.0006311672934157888,35,2023-01,2025-11,negative
N08000338,MEROK,possession-of-weapons,3,0.08571428571428572,-0.22532672374943666,-100.0,-0.0030927197377373663,35,2023-01,2025-11,negative
N08000338,MEROK,shoplifting,1,0.02857142857142857,-0.0751089079164789,-100.0,-0.0010729843988068412,35,2023-01,2025-11,negative
N08000338,MEROK,violent-crime,6,0.17142857142857143,-0.4506534474988733,-100.0,-0.005996089287449995,35,2023-01,2025-11,negative
N08000339,MUSGRAVE,anti-social-behaviour,176,5.0285714285714285,-0.20678246484698093,-24.999999999999996,-0.006950671087293461,35,2023-01,2025-11,negative
N08000339,MUSGRAVE,burglary,2,0.05714285714285714,-0.13785497656465398,-100.0,-0.0018535122899449273,35,2023-01,2025-11,negative
N08000339,MUSGRAVE,criminal-damage-arson,5,0.14285714285714285,-0.34463744141163494,-100.0,-0.004923392020166212,35,2023-01,2025-11,negative
N08000339,MUSGRAVE,other-crime,1,0.02857142857142857,0.0,0.0,0.00028961129530389484,35,2023-01,2025-11,positive
N08000339,MUSGRAVE,vehicle-crime,1,0.02857142857142857,-0.06892748828232699,-100.0,-0.0008688338859116845,35,2023-01,2025-11,negative
N08000339,MUSGRAVE,violent-crime,5,0.14285714285714285,-0.206782464846981,-100.0,-0.002548579398674274,35,2023-01,2025-11,negative
N08000340,NEW LODGE,anti-social-behaviour,1185,33.857142857142854,3.1414327665095962,66.6666666666667,0.077933242545123,35,2023-01,2025-11,positive
N08000340,NEW LODGE,bicycle-theft,2,0.05714285714285714,-0.13658403332650412,-100.0,-0.001951200476092916,35,2023-01,2025-11,negative
N08000340,NEW LODGE,burglary,1,0.02857142857142857,-0.06829201666325206,-100.0,-0.000975600238046458,35,2023-01,2025-11,negative
N08000340,NEW LODGE,criminal-damage-arson,12,0.34285714285714286,-0.7512121832957727,-100.0,-0.01136287336077639,35,2023-01,2025-11,negative
N08000340,NEW LODGE,drugs,4,0.11428571428571428,-0.27316806665300825,-100.0,-0.00384501270288898,35,2023-01,2025-11,negative
N08000340,NEW LODGE,other-crime,1,0.02857142857142857,-0.06829201666325206,-100.0,-0.000975600238046458,35,2023-01,2025-11,negative
N08000340,NEW LODGE,other-theft,8,0.22857142857142856,-0.4780441166427644,-100.0,-0.0064848721705441,35,2023-01,2025-11,negative
N08000340,NEW LODGE,possession-of-weapons,1,0.02857142857142857,-0.06829201666325206,-100.0,-0.000975600238046458,35,2023-01,2025-11,negative
N08000340,NEW LODGE,public-order,2,0.05714285714285714,-0.13658403332650412,-100.0,-0.001951200476092916,35,2023-01,2025-11,negative
N08000340,NEW LODGE,shoplifting,7,0.2,-0.4780441166427644,-100.0,-0.006599648669137802,35,2023-01,2025-11,negative
N08000340,NEW LODGE,vehicle-crime,9,0.2571428571428571,-0.6146281499692685,-100.0,-0.008436072646637018,35,2023-01,2025-11,negative
N08000340,NEW LODGE,violent-crime,38,1.0857142857142856,-2.185344533224066,-100.0,-0.03334257284147012,35,2023-01,2025-11,negative
N08000341,ORANGEFIELD,anti-social-behaviour,258,7.371428571428571,0.21026072329688827,12.500000000000009,-0.011131450056894083,35,2023-01,2025-11,negative
N08000341,ORANGEFIELD,bicycle-theft,1,0.02857142857142857,-0.07008690776562938,-100.0,-0.0010012415395089908,35,2023-01,2025-11,negative
N08000341,ORANGEFIELD,burglary,2,0.05714285714285714,-0.07008690776562938,-100.0,-0.0012957243452469294,35,2023-01,2025-11,negative
N08000341,ORANGEFIELD,criminal-damage-arson,3,0.08571428571428572,-0.14017381553125877,-100.0,-0.0027681383739366224,35,2023-01,2025-11,negative
N08000341,ORANGEFIELD,other-theft,1,0.02857142857142857,-0.07008690776562938,-100.0,-0.0010012415395089908,35,2023-01,2025-11,negative
N08000341,ORANGEFIELD,possession-of-weapons,1,0.02857142857142857,-0.07008690776562938,-100.0,-0.0008834484172138153,35,2023-01,2025-11,negative
N08000341,ORANGEFIELD,shoplifting,8,0.22857142857142856,-0.5606952621250351,-100.0,-0.008009932316071926,35,2023-01,2025-11,negative
N08000341,ORANGEFIELD,violent-crime,3,0.08571428571428572,-0.21026072329688816,-100.0,-0.0030037246185269737,35,2023-01,2025-11,negative
N08000342,ORMEAU,anti-social-behaviour,693,19.8,-0.20412329046744304,-7.54716981132078,-0.018053761614872477,35,2023-01,2025-11,negative
N08000342,ORMEAU,burglary,11,0.3142857142857143,-0.3061849357011635,-100.0,-0.005103082261686057,35,2023-01,2025-11,negative
N08000342,ORMEAU,criminal-damage-arson,5,0.14285714285714285,-0.2551541130843029,-100.0,-0.003602175714131336,35,2023-01,2025-11,negative
N08000342,ORMEAU,drugs,8,0.22857142857142856,-0.40824658093488475,-100.0,-0.005746327924923795,35,2023-01,2025-11,negative
N08000342,ORMEAU,other-crime,1,0.02857142857142857,-0.05103082261686059,-100.0,-0.000729011751669437,35,2023-01,2025-11,negative
N08000342,ORMEAU,other-theft,6,0.17142857142857143,-0.15309246785058175,-75.0,-0.0023585674318717074,35,2023-01,2025-11,negative
N08000342,ORMEAU,shoplifting,5,0.14285714285714285,-0.2551541130843029,-100.0,-0.0035592926699154863,35,2023-01,2025-11,negative
N08000342,ORMEAU,theft-from-the-person,1,0.02857142857142857,-0.05103082261686059,-100.0,-0.0006861287074535874,35,2023-01,2025-11,negative
N08000342,ORMEAU,vehicle-crime,2,0.05714285714285714,-0.05103082261686059,-100.0,-0.0005145965305901907,35,2023-01,2025-11,negative
N08000342,ORMEAU,violent-crime,15,0.42857142857142855,-0.7144315166360481,-100.0,-0.00982021712542947,35,2023-01,2025-11,negative
N08000343,POLEGLASS,anti-social-behaviour,432,12.342857142857143,0.3277076847452072,19.354838709677413,0.013172563798581853,35,2023-01,2025-11,positive
N08000343,POLEGLASS,burglary,1,0.02857142857142857,0.0,0.0,0.0005966666528974361,35,2023-01,2025-11,positive
N08000343,POLEGLASS,criminal-damage-arson,9,0.2571428571428571,-0.3823256322027418,-100.0,-0.0058289742244595705,35,2023-01,2025-11,negative
N08000343,POLEGLASS,drugs,3,0.08571428571428572,-0.054617947457534545,-100.0,-0.0014228204799861938,35,2023-01,2025-11,negative
N08000343,POLEGLASS,other-crime,1,0.02857142857142857,-0.054617947457534545,-100.0,-0.0007802563922504932,35,2023-01,2025-11,negative
N08000343,POLEGLASS,other-theft,3,0.08571428571428572,-0.10923589491506909,-100.0,-0.0016982050890157797,35,2023-01,2025-11,negative
N08000343,POLEGLASS,possession-of-weapons,1,0.02857142857142857,-0.054617947457534545,-100.0,-0.0007802563922504932,35,2023-01,2025-11,negative
N08000343,POLEGLASS,public-order,1,0.02857142857142857,-0.054617947457534545,-100.0,-0.0007802563922504932,35,2023-01,2025-11,negative
N08000343,POLEGLASS,robbery,1,0.02857142857142857,-0.054617947457534545,-100.0,-0.0007802563922504932,35,2023-01,2025-11,negative
N08000343,POLEGLASS,vehicle-crime,1,0.02857142857142857,-0.054617947457534545,-100.0,-0.0007802563922504932,35,2023-01,2025-11,negative
N08000343,POLEGLASS,violent-crime,24,0.6857142857142857,-0.8192692118630182,-100.0,-0.013815127886317558,35,2023-01,2025-11,negative
N08000344,RAVENHILL,anti-social-behaviour,243,6.942857142857143,-0.2764531066417857,-15.999999999999993,-0.006737092514799825,35,2023-01,2025-11,negative
N08000344,RAVENHILL,bicycle-theft,1,0.02857142857142857,-0.06911327666044648,-100.0,-0.000987332523720664,35,2023-01,2025-11,negative
N08000344,RAVENHILL,burglary,3,0.08571428571428572,-0.13822655332089295,-100.0,-0.002439292117427523,35,2023-01,2025-11,negative
N08000344,RAVENHILL,criminal-damage-arson,2,0.05714285714285714,-0.13822655332089295,-100.0,-0.001974665047441328,35,2023-01,2025-11,negative
N08000344,RAVENHILL,other-theft,3,0.08571428571428572,-0.13822655332089295,-100.0,-0.00133580282621031,35,2023-01,2025-11,negative
N08000344,RAVENHILL,shoplifting,3,0.08571428571428572,-0.2073398299813394,-100.0,-0.0029619975711619915,35,2023-01,2025-11,negative
N08000344,RAVENHILL,vehicle-crime,1,0.02857142857142857,-0.06911327666044648,-100.0,-0.000987332523720664,35,2023-01,2025-11,negative
N08000344,RAVENHILL,violent-crime,7,0.2,-0.4146796599626788,-100.0,-0.00627246544481363,35,2023-01,2025-11,negative
N08000345,ROSETTA,anti-social-behaviour,309,8.82857142857143,-0.11508142010472389,-7.69230769230768,0.021033788968720556,35,2023-01,2025-11,positive
N08000345,ROSETTA,burglary,1,0.02857142857142857,0.0,0.0,9.670707571825547e-05,35,2023-01,2025-11,positive
N08000345,ROSETTA,criminal-damage-arson,9,0.2571428571428571,0.05754071005236205,100.0,0.0032880405744206876,35,2023-01,2025-11,positive
N08000345,ROSETTA,other-theft,5,0.14285714285714285,-0.05754071005236205,-100.0,0.000386828302873022,35,2023-01,2025-11,positive
N08000345,ROSETTA,public-order,2,0.05714285714285714,-0.1150814201047241,-100.0,-0.0015473132114920878,35,2023-01,2025-11,negative
N08000345,ROSETTA,shoplifting,1,0.02857142857142857,-0.05754071005236205,-100.0,-0.0008220101436051718,35,2023-01,2025-11,negative
N08000345,ROSETTA,violent-crime,13,0.37142857142857144,-0.17262213015708613,-100.0,-0.0029979193472659212,35,2023-01,2025-11,negative
N08000346,SANDOWN,anti-social-behaviour,191,5.457142857142857,0.37285607755406425,55.55555555555557,0.0006266488698387767,35,2023-01,2025-11,positive
N08000346,SANDOWN,bicycle-theft,1,0.02857142857142857,-0.07457121551081283,-100.0,-0.0010653030787258972,35,2023-01,2025-11,negative
N08000346,SANDOWN,violent-crime,2,0.05714285714285714,-0.14914243102162567,-100.0,-0.0021306061574517944,35,2023-01,2025-11,negative
N08000347,SHANDON,anti-social-behaviour,195,5.571428571428571,0.0,0.0,-0.01979590422741534,35,2023-01,2025-11,negative
N08000347,SHANDON,burglary,1,0.02857142857142857,-0.06199243692269543,-100.0,-0.0008856062417527918,35,2023-01,2025-11,negative
N08000347,SHANDON,criminal-damage-arson,4,0.11428571428571428,-0.1859773107680863,-100.0,-0.002865196664494326,35,2023-01,2025-11,negative
N08000347,SHANDON,other-theft,1,0.02857142857142857,-0.06199243692269543,-100.0,-0.0008856062417527918,35,2023-01,2025-11,negative
N08000347,SHANDON,vehicle-crime,1,0.02857142857142857,0.0,0.0,0.0004688503632808897,35,2023-01,2025-11,positive
N08000347,SHANDON,violent-crime,8,0.22857142857142856,-0.24796974769078173,-100.0,-0.0021358738771684975,35,2023-01,2025-11,negative
N08000348,SHANKILL,anti-social-behaviour,669,19.114285714285714,1.6033100594776317,75.609756097561,0.056196256625225746,35,2023-01,2025-11,positive
N08000348,SHANKILL,bicycle-theft,1,0.02857142857142857,-0.0517196793379881,-100.0,-0.0006519287311511104,35,2023-01,2025-11,negative
N08000348,SHANKILL,burglary,1,0.02857142857142857,-0.0517196793379881,-100.0,-0.0007388525619712586,35,2023-01,2025-11,negative
N08000348,SHANKILL,criminal-damage-arson,6,0.17142857142857143,-0.2068787173519524,-100.0,-0.0036073389790361446,35,2023-01,2025-11,negative
N08000348,SHANKILL,drugs,3,0.08571428571428572,-0.1034393586759762,-100.0,-0.0008257763927914064,35,2023-01,2025-11,negative
N08000348,SHANKILL,other-crime,1,0.02857142857142857,-0.0517196793379881,-100.0,-0.0006519287311511104,35,2023-01,2025-11,negative
N08000348,SHANKILL,other-theft,6,0.17142857142857143,-0.31031807602792855,-100.0,-0.004302729625597328,35,2023-01,2025-11,negative
N08000348,SHANKILL,possession-of-weapons,1,0.02857142857142857,-0.0517196793379881,-100.0,-0.0007388525619712586,35,2023-01,2025-11,negative
N08000348,SHANKILL,robbery,1,0.02857142857142857,-0.0517196793379881,-100.0,-0.0006519287311511104,35,2023-01,2025-11,negative
N08000348,SHANKILL,shoplifting,1,0.02857142857142857,-0.0517196793379881,-100.0,-0.0006953906465611841,35,2023-01,2025-11,negative
N08000348,SHANKILL,theft-from-the-person,1,0.02857142857142857,-0.0517196793379881,-100.0,-0.0007388525619712586,35,2023-01,2025-11,negative
N08000348,SHANKILL,vehicle-crime,4,0.11428571428571428,-0.2068787173519524,-100.0,-0.002868486417064885,35,2023-01,2025-11,negative
N08000348,SHANKILL,violent-crime,17,0.4857142857142857,-0.7240755107318334,-100.0,-0.011865102906950212,35,2023-01,2025-11,negative
N08000349,SHAW'S ROAD,anti-social-behaviour,302,8.628571428571428,-0.9124087591240877,-38.46153846153847,-0.021621787401091795,35,2023-01,2025-11,negative
N08000349,SHAW'S ROAD,criminal-damage-arson,8,0.22857142857142856,-0.4257907542579075,-100.0,-0.006184955734118463,35,2023-01,2025-11,negative
N08000349,SHAW'S ROAD,drugs,3,0.08571428571428572,-0.18248175182481752,-100.0,-0.0025046514956347495,35,2023-01,2025-11,negative
N08000349,SHAW'S ROAD,other-theft,5,0.14285714285714285,-0.30413625304136255,-100.0,-0.004293688278230999,35,2023-01,2025-11,negative
N08000349,SHAW'S ROAD,possession-of-weapons,1,0.02857142857142857,-0.06082725060827251,-100.0,-0.0008689607229753213,35,2023-01,2025-11,negative
N08000349,SHAW'S ROAD,shoplifting,1,0.02857142857142857,0.0,0.0,0.0002555766832280356,35,2023-01,2025-11,positive
N08000349,SHAW'S ROAD,violent-crime,34,0.9714285714285714,-1.3990267639902676,-100.0,-0.01778813715267128,35,2023-01,2025-11,negative
N08000350,STEWARTSTOWN,anti-social-behaviour,323,9.228571428571428,0.2183882943874207,10.344827586206888,0.0092983251391843,35,2023-01,2025-11,positive
N08000350,STEWARTSTOWN,burglary,1,0.02857142857142857,0.0,0.0,-0.0001835195751154796,35,2023-01,2025-11,negative
N08000350,STEWARTSTOWN,criminal-damage-arson,8,0.22857142857142856,-0.5095726869039819,-100.0,-0.007524302579734666,35,2023-01,2025-11,negative
N08000350,STEWARTSTOWN,drugs,3,0.08571428571428572,-0.21838829438742083,-100.0,-0.0031198327769631547,35,2023-01,2025-11,negative
N08000350,STEWARTSTOWN,other-theft,1,0.02857142857142857,0.0,0.0,0.0005505587253464389,35,2023-01,2025-11,positive
N08000350,STEWARTSTOWN,vehicle-crime,1,0.02857142857142857,-0.07279609812914027,-100.0,-0.0010399442589877179,35,2023-01,2025-11,negative
N08000350,STEWARTSTOWN,violent-crime,18,0.5142857142857142,-1.2375336681953846,-100.0,-0.01712849367744476,35,2023-01,2025-11,negative
N08000351,STORMONT,anti-social-behaviour,174,4.9714285714285715,-0.6607201850016517,-58.82352941176471,-0.002331953594123481,35,2023-01,2025-11,negative
N08000351,STORMONT,criminal-damage-arson,1,0.02857142857142857,-0.06607201850016518,-100.0,-0.0009438859785737881,35,2023-01,2025-11,negative
N08000351,STORMONT,drugs,2,0.05714285714285714,0.0,0.0,-0.0003331362277319253,35,2023-01,2025-11,negative
N08000351,STORMONT,other-crime,1,0.02857142857142857,0.0,0.0,-0.00016656811386596266,35,2023-01,2025-11,negative
N08000351,STORMONT,other-theft,2,0.05714285714285714,-0.06607201850016518,-100.0,-0.0014991130247936637,35,2023-01,2025-11,negative
N08000351,STORMONT,violent-crime,11,0.3142857142857143,-0.6607201850016519,-100.0,-0.009827518718091793,35,2023-01,2025-11,negative
N08000352,STRANMILLIS,anti-social-behaviour,236,6.742857142857143,0.0,0.0,0.006271165182490898,35,2023-01,2025-11,positive
N08000352,STRANMILLIS,drugs,4,0.11428571428571428,-0.1485111754659538,-100.0,-0.002027988740606514,35,2023-01,2025-11,negative
N08000352,STRANMILLIS,other-theft,6,0.17142857142857143,-0.2227667631989307,-100.0,-0.0031823823314132958,35,2023-01,2025-11,negative
N08000352,STRANMILLIS,shoplifting,9,0.2571428571428571,-0.3341501447983961,-100.0,-0.004742373670341381,35,2023-01,2025-11,negative
N08000352,STRANMILLIS,vehicle-crime,1,0.02857142857142857,-0.03712779386648846,-100.0,-0.0004679974016784257,35,2023-01,2025-11,negative
N08000352,STRANMILLIS,violent-crime,11,0.3142857142857143,-0.37127793866488457,-100.0,-0.005210371072019807,35,2023-01,2025-11,negative
N08000353,SYDENHAM,anti-social-behaviour,431,12.314285714285715,-0.7156915369475754,-30.76923076923076,-0.007166939060469403,35,2023-01,2025-11,negative
N08000353,SYDENHAM,bicycle-theft,1,0.02857142857142857,-0.059640961412297966,-100.0,-0.0008018952794930816,35,2023-01,2025-11,negative
N08000353,SYDENHAM,burglary,1,0.02857142857142857,0.0,0.0,8.535577999246298e-20,35,2023-01,2025-11,flat
N08000353,SYDENHAM,criminal-damage-arson,9,0.2571428571428571,-0.4174867298860858,-100.0,-0.006064333051166434,35,2023-01,2025-11,negative
N08000353,SYDENHAM,drugs,14,0.4,-0.29820480706148983,-100.0,-0.005964096141229792,35,2023-01,2025-11,negative
N08000353,SYDENHAM,other-crime,2,0.05714285714285714,-0.059640961412297966,-100.0,-0.0007016583695564466,35,2023-01,2025-11,negative
N08000353,SYDENHAM,other-theft,3,0.08571428571428572,-0.11928192282459593,-100.0,-0.0013531982841445756,35,2023-01,2025-11,negative
N08000353,SYDENHAM,possession-of-weapons,2,0.05714285714285714,0.0,0.0,-0.0006014214596198111,35,2023-01,2025-11,negative
N08000353,SYDENHAM,shoplifting,10,0.2857142857142857,-0.4174867298860858,-100.0,-0.005362674681609985,35,2023-01,2025-11,negative
N08000353,SYDENHAM,vehicle-crime,2,0.05714285714285714,-0.059640961412297966,-100.0,-0.00015035536490495274,35,2023-01,2025-11,negative
N08000353,SYDENHAM,violent-crime,18,0.5142857142857142,-0.8946144211844697,-100.0,-0.013080916746730897,35,2023-01,2025-11,negative
N08000354,TURF LODGE,anti-social-behaviour,173,4.942857142857143,0.5106879696505433,69.99999999999997,-0.00717292826519969,35,2023-01,2025-11,negative
N08000354,TURF LODGE,burglary,1,0.02857142857142857,0.0,0.0,0.00018392123756922322,35,2023-01,2025-11,positive
N08000354,TURF LODGE,criminal-damage-arson,4,0.11428571428571428,-0.14591084847158386,-100.0,-0.002942739801107573,35,2023-01,2025-11,negative
N08000354,TURF LODGE,other-crime,4,0.11428571428571428,-0.29182169694316773,-100.0,-0.004168881384902396,35,2023-01,2025-11,negative
N08000354,TURF LODGE,other-theft,3,0.08571428571428572,-0.07295542423579193,-100.0,-0.0013487557421743039,35,2023-01,2025-11,negative
N08000354,TURF LODGE,public-order,1,0.02857142857142857,-0.07295542423579193,-100.0,-0.001042220346225599,35,2023-01,2025-11,negative
N08000354,TURF LODGE,vehicle-crime,1,0.02857142857142857,-0.07295542423579193,-100.0,-0.001042220346225599,35,2023-01,2025-11,negative
N08000354,TURF LODGE,violent-crime,9,0.2571428571428571,-0.5106879696505435,-100.0,-0.007111621186009967,35,2023-01,2025-11,negative
N08000355,TWINBROOK,anti-social-behaviour,529,15.114285714285714,-0.0677920141007391,-2.3809523809523863,-0.016919519485646576,35,2023-01,2025-11,negative
N08000355,TWINBROOK,burglary,4,0.11428571428571428,0.06779201410073894,0.0,0.002050850846745043,35,2023-01,2025-11,positive
N08000355,TWINBROOK,criminal-damage-arson,10,0.2857142857142857,-0.5423361128059115,-100.0,-0.007121009884531397,35,2023-01,2025-11,negative
N08000355,TWINBROOK,drugs,8,0.22857142857142856,-0.47454409870517256,-100.0,-0.005924680223930124,35,2023-01,2025-11,negative
N08000355,TWINBROOK,other-crime,3,0.08571428571428572,-0.13558402820147789,-100.0,-0.0019938827676687916,35,2023-01,2025-11,negative
N08000355,TWINBROOK,other-theft,4,0.11428571428571428,-0.20337604230221681,-100.0,-0.0029623401119650617,35,2023-01,2025-11,negative
N08000355,TWINBROOK,possession-of-weapons,2,0.05714285714285714,-0.06779201410073894,-100.0,-0.0010254254233725217,35,2023-01,2025-11,negative
N08000355,TWINBROOK,public-order,1,0.02857142857142857,-0.06779201410073894,-100.0,-0.0008545211861437677,35,2023-01,2025-11,negative
N08000355,TWINBROOK,robbery,1,0.02857142857142857,-0.06779201410073894,-100.0,-0.0009684573442962702,35,2023-01,2025-11,negative
N08000355,TWINBROOK,vehicle-crime,2,0.05714285714285714,-0.13558402820147789,-100.0,-0.0018229785304400387,35,2023-01,2025-11,negative
N08000355,TWINBROOK,violent-crime,27,0.7714285714285715,-0.8812961833096061,-100.0,-0.014298987848139044,35,2023-01,2025-11,negative
N08000356,UPPER MALONE,anti-social-behaviour,167,4.771428571428571,-0.2010454362685966,-23.07692307692307,0.0009573592203266546,35,2023-01,2025-11,positive
N08000356,UPPER MALONE,burglary,1,0.02857142857142857,-0.06701514542286556,-100.0,-0.0009573592203266508,35,2023-01,2025-11,negative
N08000356,UPPER MALONE,theft-from-the-person,1,0.02857142857142857,0.0,0.0,0.0006194677307995976,35,2023-01,2025-11,positive
N08000356,UPPER MALONE,violent-crime,8,0.22857142857142856,-0.46910601796005896,-100.0,-0.006194677307995974,35,2023-01,2025-11,negative
N08000357,WATER WORKS,anti-social-behaviour,883,25.228571428571428,-0.9165460684997582,-24.999999999999986,-0.03032182482254844,35,2023-01,2025-11,negative
N08000357,WATER WORKS,burglary,4,0.11428571428571428,-0.19295706705258078,-100.0,-0.00267545513140133,35,2023-01,2025-11,negative
N08000357,WATER WORKS,criminal-damage-arson,13,0.37142857142857144,-0.5788712011577424,-100.0,-0.007661530603558352,35,2023-01,2025-11,negative
N08000357,WATER WORKS,drugs,10,0.2857142857142857,-0.4341534008683068,-100.0,-0.005837356650330174,35,2023-01,2025-11,negative
N08000357,WATER WORKS,other-crime,3,0.08571428571428572,-0.1447178002894356,-100.0,-0.001986322749070683,35,2023-01,2025-11,negative
N08000357,WATER WORKS,other-theft,13,0.37142857142857144,-0.5788712011577424,-100.0,-0.008715497776534634,35,2023-01,2025-11,negative
N08000357,WATER WORKS,possession-of-weapons,6,0.17142857142857143,-0.241196333815726,-100.0,-0.004013182697101996,35,2023-01,2025-11,negative
N08000357,WATER WORKS,robbery,1,0.02857142857142857,-0.048239266763145196,-100.0,-0.0006891323823306455,35,2023-01,2025-11,negative
N08000357,WATER WORKS,shoplifting,2,0.05714285714285714,-0.09647853352629039,-100.0,-0.0013377275657006648,35,2023-01,2025-11,negative
N08000357,WATER WORKS,vehicle-crime,2,0.05714285714285714,-0.09647853352629039,-100.0,-0.0012971903667400387,35,2023-01,2025-11,negative
N08000357,WATER WORKS,violent-crime,55,1.5714285714285714,-2.2190062711046794,-97.87234042553192,-0.034172858723807896,35,2023-01,2025-11,negative
N08000358,WINDSOR,anti-social-behaviour,1352,38.628571428571426,0.3244263552173652,9.999999999999986,0.021636685111135198,35,2023-01,2025-11,positive
N08000358,WINDSOR,bicycle-theft,2,0.05714285714285714,-0.05898661003952103,-100.0,-0.0008426658577074432,35,2023-01,2025-11,negative
N08000358,WINDSOR,burglary,6,0.17142857142857143,-0.11797322007904205,-100.0,-0.0016605474254823146,35,2023-01,2025-11,negative
N08000358,WINDSOR,criminal-damage-arson,12,0.34285714285714286,-0.3539196602371262,-100.0,-0.005006426566379516,35,2023-01,2025-11,negative
N08000358,WINDSOR,drugs,4,0.11428571428571428,-0.11797322007904205,-100.0,-0.0016605474254823152,35,2023-01,2025-11,negative
N08000358,WINDSOR,other-theft,10,0.2857142857142857,-0.29493305019760513,-100.0,-0.004089407838874359,35,2023-01,2025-11,negative
N08000358,WINDSOR,public-order,1,0.02857142857142857,-0.029493305019760514,-100.0,-0.00037176434898857763,35,2023-01,2025-11,negative
N08000358,WINDSOR,robbery,4,0.11428571428571428,-0.05898661003952103,-100.0,-0.0008922344375725866,35,2023-01,2025-11,negative
N08000358,WINDSOR,shoplifting,2,0.05714285714285714,-0.05898661003952103,-100.0,-0.0008426658577074432,35,2023-01,2025-11,negative
N08000358,WINDSOR,vehicle-crime,14,0.4,-0.38341296525688673,-100.0,-0.005774739554289242,35,2023-01,2025-11,negative
N08000358,WINDSOR,violent-crime,30,0.8571428571428571,-0.855305845573055,-100.0,-0.011970812037432207,35,2023-01,2025-11,negative
N08000359,WOODSTOCK,anti-social-behaviour,839,23.97142857142857,0.15549681231534818,5.172413793103471,-0.012762063307674128,35,2023-01,2025-11,negative
N08000359,WOODSTOCK,burglary,1,0.02857142857142857,-0.05183227077178251,-100.0,-0.0006533479509048215,35,2023-01,2025-11,negative
N08000359,WOODSTOCK,criminal-damage-arson,3,0.08571428571428572,-0.15549681231534754,-100.0,-0.0020907134428954292,35,2023-01,2025-11,negative
N08000359,WOODSTOCK,drugs,3,0.08571428571428572,-0.15549681231534754,-100.0,-0.0022213830330763927,35,2023-01,2025-11,negative
N08000359,WOODSTOCK,other-crime,3,0.08571428571428572,-0.15549681231534754,-100.0,-0.0022213830330763927,35,2023-01,2025-11,negative
N08000359,WOODSTOCK,other-theft,7,0.2,-0.3109936246306951,-100.0,-0.004181426885790858,35,2023-01,2025-11,negative
N08000359,WOODSTOCK,vehicle-crime,3,0.08571428571428572,-0.15549681231534754,-100.0,-0.0022213830330763927,35,2023-01,2025-11,negative
N08000359,WOODSTOCK,violent-crime,21,0.6,-1.0884776862074328,-100.0,-0.0152447855211125,35,2023-01,2025-11,negative
N08000360,WOODVALE,anti-social-behaviour,592,16.914285714285715,2.385557704706642,142.30769230769238,0.07027182246206028,35,2023-01,2025-11,positive
N08000360,WOODVALE,burglary,2,0.05714285714285714,-0.12894906511927787,-100.0,-0.0016254083838564428,35,2023-01,2025-11,negative
N08000360,WOODVALE,criminal-damage-arson,7,0.2,-0.3868471953578337,-100.0,-0.004876225151569331,35,2023-01,2025-11,negative
N08000360,WOODVALE,other-crime,2,0.05714285714285714,-0.12894906511927787,-100.0,-0.0017337689427802062,35,2023-01,2025-11,negative
N08000360,WOODVALE,other-theft,11,0.3142857142857143,-0.5802707930367504,-100.0,-0.009102286949596082,35,2023-01,2025-11,negative
N08000360,WOODVALE,possession-of-weapons,1,0.02857142857142857,-0.06447453255963893,-100.0,-0.0009210647508519846,35,2023-01,2025-11,negative
N08000360,WOODVALE,shoplifting,2,0.05714285714285714,-0.12894906511927787,-100.0,-0.0018421295017039692,35,2023-01,2025-11,negative
N08000360,WOODVALE,theft-from-the-person,1,0.02857142857142857,-0.06447453255963893,-100.0,-0.0008127041919282214,35,2023-01,2025-11,negative
N08000360,WOODVALE,vehicle-crime,2,0.05714285714285714,-0.12894906511927787,-100.0,-0.0017879492222420878,35,2023-01,2025-11,negative
N08000360,WOODVALE,violent-crime,39,1.1142857142857143,-2.385557704706641,-97.36842105263158,-0.03326669158959521,35,2023-01,2025-11,negative
N08000401,AGHADOWEY,anti-social-behaviour,54,1.542857142857143,0.2896032435563278,300.0,0.00916671331144679,35,2023-01,2025-11,positive
N08000401,AGHADOWEY,burglary,1,0.02857142857142857,-0.09653441451877594,-100.0,-0.001297941707815475,35,2023-01,2025-11,negative
N08000401,AGHADOWEY,drugs,1,0.02857142857142857,-0.09653441451877594,-100.0,-0.0013790630645539417,35,2023-01,2025-11,negative
N08000401,AGHADOWEY,violent-crime,4,0.11428571428571428,-0.38613765807510375,-100.0,-0.0054351309014773,35,2023-01,2025-11,negative
N08000402,ALTAHULLION,anti-social-behaviour,81,2.3142857142857145,0.5223023085762041,100.00000000000004,0.015888524008788717,35,2023-01,2025-11,positive
N08000402,ALTAHULLION,burglary,1,0.02857142857142857,-0.10446046171524077,-100.0,-0.001492292310217725,35,2023-01,2025-11,negative
N08000402,ALTAHULLION,criminal-damage-arson,1,0.02857142857142857,0.0,0.0,0.0006144733042072983,35,2023-01,2025-11,positive
N08000402,ALTAHULLION,other-theft,2,0.05714285714285714,-0.20892092343048155,-100.0,-0.002809020819233365,35,2023-01,2025-11,negative
N08000402,ALTAHULLION,violent-crime,2,0.05714285714285714,-0.10446046171524077,-100.0,-0.001755638012020854,35,2023-01,2025-11,negative
N08000403,ATLANTIC,anti-social-behaviour,190,5.428571428571429,-0.6613756613756614,-60.0,-0.021551830608786706,35,2023-01,2025-11,negative
N08000403,ATLANTIC,criminal-damage-arson,3,0.08571428571428572,-0.22045855379188714,-100.0,-0.003149407911312672,35,2023-01,2025-11,negative
N08000403,ATLANTIC,other-crime,2,0.05714285714285714,-0.14697236919459142,-100.0,-0.002099605274208448,35,2023-01,2025-11,negative
N08000403,ATLANTIC,violent-crime,6,0.17142857142857143,-0.3674309229864785,-100.0,-0.005928297244823855,35,2023-01,2025-11,negative
N08000404,BALLYCASTLE,anti-social-behaviour,280,8.0,-1.0793837699931315,-34.37500000000001,-0.04617684577510719,35,2023-01,2025-11,negative
N08000404,BALLYCASTLE,burglary,2,0.05714285714285714,-0.19625159454420568,-100.0,-0.002721135554604532,35,2023-01,2025-11,negative
N08000404,BALLYCASTLE,criminal-damage-arson,3,0.08571428571428572,-0.09812579727210284,-100.0,-0.0009070451848681774,35,2023-01,2025-11,negative
N08000404,BALLYCASTLE,drugs,4,0.11428571428571428,-0.39250318908841136,-100.0,-0.005442271109209062,35,2023-01,2025-11,negative
N08000404,BALLYCASTLE,public-order,1,0.02857142857142857,0.0,0.0,0.0007421278785285087,35,2023-01,2025-11,positive
N08000404,BALLYCASTLE,shoplifting,2,0.05714285714285714,-0.19625159454420568,-100.0,-0.0026386769014346972,35,2023-01,2025-11,negative
N08000404,BALLYCASTLE,vehicle-crime,1,0.02857142857142857,-0.09812579727210284,-100.0,-0.0014017971038871831,35,2023-01,2025-11,negative
N08000404,BALLYCASTLE,violent-crime,8,0.22857142857142856,-0.6868805809047198,-100.0,-0.009070451848681771,35,2023-01,2025-11,negative
N08000405,BALLYKELLY,anti-social-behaviour,136,3.8857142857142857,0.10742292405199272,16.666666666666668,0.005596824614473562,35,2023-01,2025-11,positive
N08000405,BALLYKELLY,burglary,1,0.02857142857142857,-0.1074229240519927,-100.0,-0.0015346132007427525,35,2023-01,2025-11,negative
N08000405,BALLYKELLY,criminal-damage-arson,5,0.14285714285714285,-0.5371146202599635,-100.0,-0.0073119805447154655,35,2023-01,2025-11,negative
N08000405,BALLYKELLY,other-theft,1,0.02857142857142857,-0.1074229240519927,-100.0,-0.0015346132007427525,35,2023-01,2025-11,negative
N08000405,BALLYKELLY,shoplifting,1,0.02857142857142857,-0.1074229240519927,-100.0,-0.0015346132007427525,35,2023-01,2025-11,negative
N08000405,BALLYKELLY,violent-crime,4,0.11428571428571428,-0.4296916962079708,-100.0,-0.00613845280297101,35,2023-01,2025-11,negative
N08000406,BALLYMONEY EAST,anti-social-behaviour,192,5.485714285714286,0.5357334190506804,41.666666666666664,-0.006122667646293493,35,2023-01,2025-11,negative
N08000406,BALLYMONEY EAST,burglary,1,0.02857142857142857,0.0,0.0,0.000630274610647859,35,2023-01,2025-11,positive
N08000406,BALLYMONEY EAST,criminal-damage-arson,4,0.11428571428571428,-0.4285867352405443,-100.0,-0.005942589186108386,35,2023-01,2025-11,negative
N08000406,BALLYMONEY EAST,drugs,4,0.11428571428571428,-0.4285867352405443,-100.0,-0.006032628416200938,35,2023-01,2025-11,negative
N08000406,BALLYMONEY EAST,other-crime,1,0.02857142857142857,-0.10714668381013608,-100.0,-0.001530666911573372,35,2023-01,2025-11,negative
N08000406,BALLYMONEY EAST,other-theft,4,0.11428571428571428,-0.3214400514304082,-100.0,-0.005492393035645629,35,2023-01,2025-11,negative
N08000406,BALLYMONEY EAST,public-order,1,0.02857142857142857,0.0,0.0,0.001260549221295718,35,2023-01,2025-11,positive
N08000406,BALLYMONEY EAST,shoplifting,2,0.05714285714285714,-0.21429336762027215,-100.0,-0.002881255362961641,35,2023-01,2025-11,negative
N08000406,BALLYMONEY EAST,violent-crime,12,0.34285714285714286,-0.8571734704810886,-100.0,-0.009454119159717887,35,2023-01,2025-11,negative
N08000407,BALLYMONEY NORTH,anti-social-behaviour,260,7.428571428571429,-0.7840831128099579,-34.78260869565217,-0.02124931125052193,35,2023-01,2025-11,negative
N08000407,BALLYMONEY NORTH,criminal-damage-arson,1,0.02857142857142857,-0.09801038910124472,-100.0,-0.0014001484157320674,35,2023-01,2025-11,negative
N08000407,BALLYMONEY NORTH,other-crime,1,0.02857142857142857,-0.09801038910124472,-100.0,-0.0014001484157320674,35,2023-01,2025-11,negative
N08000407,BALLYMONEY NORTH,other-theft,1,0.02857142857142857,-0.09801038910124472,-100.0,-0.0014001484157320674,35,2023-01,2025-11,negative
N08000407,BALLYMONEY NORTH,shoplifting,1,0.02857142857142857,-0.09801038910124472,-100.0,-0.0014001484157320674,35,2023-01,2025-11,negative
N08000407,BALLYMONEY NORTH,theft-from-the-person,1,0.02857142857142857,-0.09801038910124472,-100.0,-0.0014001484157320674,35,2023-01,2025-11,negative
N08000407,BALLYMONEY NORTH,violent-crime,6,0.17142857142857143,-0.4900519455062236,-100.0,-0.007824358793796846,35,2023-01,2025-11,negative
N08000408,BALLYMONEY SOUTH,anti-social-behaviour,51,1.457142857142857,0.19688915140775742,50.0,-0.006287216599575439,35,2023-01,2025-11,negative
N08000408,BALLYMONEY SOUTH,violent-crime,5,0.14285714285714285,-0.49222287851939356,-100.0,-0.006949028873214963,35,2023-01,2025-11,negative
N08000409,CASTLEROCK,anti-social-behaviour,157,4.485714285714286,2.220446049250313e-16,2.2588597659023436e-14,0.030646289775125613,35,2023-01,2025-11,positive
N08000409,CASTLEROCK,drugs,3,0.08571428571428572,-0.2948982601002654,-100.0,-0.004212832287146647,35,2023-01,2025-11,negative
N08000409,CASTLEROCK,other-theft,1,0.02857142857142857,-0.0982994200334218,-100.0,-0.0014042774290488826,35,2023-01,2025-11,negative
N08000409,CASTLEROCK,shoplifting,1,0.02857142857142857,-0.0982994200334218,-100.0,-0.0012390683197490134,35,2023-01,2025-11,negative
N08000409,CASTLEROCK,violent-crime,2,0.05714285714285714,-0.1965988400668436,-100.0,-0.002808554858097765,35,2023-01,2025-11,negative
N08000410,CHURCHLAND,anti-social-behaviour,354,10.114285714285714,0.5489980785067248,23.999999999999975,0.053285107619770386,35,2023-01,2025-11,positive
N08000410,CHURCHLAND,criminal-damage-arson,5,0.14285714285714285,-0.27449903925336266,-100.0,-0.004690319718334766,35,2023-01,2025-11,negative
N08000410,CHURCHLAND,drugs,1,0.02857142857142857,0.0,0.0,0.00046134292311489496,35,2023-01,2025-11,positive
N08000410,CHURCHLAND,other-crime,1,0.02857142857142857,0.0,0.0,-0.0001537809743716315,35,2023-01,2025-11,negative
N08000410,CHURCHLAND,other-theft,3,0.08571428571428572,-0.27449903925336266,-100.0,-0.003921414846476609,35,2023-01,2025-11,negative
N08000410,CHURCHLAND,possession-of-weapons,1,0.02857142857142857,0.0,0.0,0.00046134292311489496,35,2023-01,2025-11,positive
N08000410,CHURCHLAND,shoplifting,12,0.34285714285714286,-1.0064964772623297,-100.0,-0.013455835257517777,35,2023-01,2025-11,negative
N08000410,CHURCHLAND,violent-crime,12,0.34285714285714286,-0.9149967975112089,-100.0,-0.01222558746254472,35,2023-01,2025-11,negative
N08000411,CLOGH MILLS,anti-social-behaviour,109,3.1142857142857143,-0.7315957933241886,-57.14285714285715,-0.024745151833024014,35,2023-01,2025-11,negative
N08000411,CLOGH MILLS,other-theft,1,0.02857142857142857,-0.09144947416552356,-100.0,-0.0013064210595074791,35,2023-01,2025-11,negative
N08000411,CLOGH MILLS,violent-crime,3,0.08571428571428572,-0.27434842249657065,-100.0,-0.0039192631785224365,35,2023-01,2025-11,negative
N08000412,COOLESSAN,anti-social-behaviour,333,9.514285714285714,0.34246575342465757,16.66666666666667,-0.05870841487279837,35,2023-01,2025-11,negative
N08000412,COOLESSAN,criminal-damage-arson,5,0.14285714285714285,-0.5707762557077626,-100.0,-0.008058017727638998,35,2023-01,2025-11,negative
N08000412,COOLESSAN,drugs,1,0.02857142857142857,-0.1141552511415525,-100.0,-0.0016307893020221786,35,2023-01,2025-11,negative
N08000412,COOLESSAN,other-crime,2,0.05714285714285714,-0.228310502283105,-100.0,-0.0032615786040443573,35,2023-01,2025-11,negative
N08000412,COOLESSAN,possession-of-weapons,1,0.02857142857142857,-0.1141552511415525,-100.0,-0.0015348605195502848,35,2023-01,2025-11,negative
N08000412,COOLESSAN,shoplifting,1,0.02857142857142857,-0.1141552511415525,-100.0,-0.0016307893020221786,35,2023-01,2025-11,negative
N08000412,COOLESSAN,vehicle-crime,1,0.02857142857142857,-0.1141552511415525,-100.0,-0.0016307893020221786,35,2023-01,2025-11,negative
N08000412,COOLESSAN,violent-crime,27,0.7714285714285715,-2.968036529680365,-100.0,-0.03961858716089173,35,2023-01,2025-11,negative
N08000413,DERVOCK,anti-social-behaviour,105,3.0,0.2899391127863149,50.000000000000014,-0.0041419873255187775,35,2023-01,2025-11,negative
N08000413,DERVOCK,burglary,1,0.02857142857142857,-0.09664637092877161,-100.0,-0.001299447004084325,35,2023-01,2025-11,negative
N08000413,DERVOCK,criminal-damage-arson,1,0.02857142857142857,0.0,0.0,-0.00024364631326581068,35,2023-01,2025-11,negative
N08000413,DERVOCK,drugs,1,0.02857142857142857,-0.09664637092877161,-100.0,-0.001299447004084325,35,2023-01,2025-11,negative
N08000413,DERVOCK,shoplifting,1,0.02857142857142857,-0.09664637092877161,-100.0,-0.0013806624418395944,35,2023-01,2025-11,negative
N08000413,DERVOCK,violent-crime,5,0.14285714285714285,-0.4832318546438581,-100.0,-0.0067408813336874325,35,2023-01,2025-11,negative
N08000414,DRUMSURN,anti-social-behaviour,39,1.1142857142857143,0.0,0.0,-0.0001529413294119154,35,2023-01,2025-11,negative
N08000414,DRUMSURN,other-theft,1,0.02857142857142857,0.0,0.0,1.163613113619104e-19,35,2023-01,2025-11,flat
N08000414,DRUMSURN,violent-crime,2,0.05714285714285714,-0.182000182000182,-100.0,-0.0026000026000025994,35,2023-01,2025-11,negative
N08000415,DUNDOOAN,anti-social-behaviour,513,14.657142857142857,1.7050298380221656,90.90909090909093,0.03445879630624624,35,2023-01,2025-11,positive
N08000415,DUNDOOAN,drugs,1,0.02857142857142857,-0.08525149190110826,-100.0,-0.0010745986374089275,35,2023-01,2025-11,negative
N08000415,DUNDOOAN,other-crime,1,0.02857142857142857,-0.08525149190110826,-100.0,-0.0012178784557301176,35,2023-01,2025-11,negative
N08000415,DUNDOOAN,other-theft,2,0.05714285714285714,-0.1705029838022165,-100.0,-0.0023641170022996416,35,2023-01,2025-11,negative
N08000415,DUNDOOAN,shoplifting,1,0.02857142857142857,-0.08525149190110826,-100.0,-0.0012178784557301176,35,2023-01,2025-11,negative
N08000415,DUNDOOAN,violent-crime,15,0.42857142857142855,-1.278772378516624,-100.0,-0.01819653692679117,35,2023-01,2025-11,negative
N08000416,DUNGIVEN,anti-social-behaviour,23,0.6571428571428571,0.10110201193003741,100.0,0.0018691128255973318,35,2023-01,2025-11,positive
N08000416,DUNGIVEN,criminal-damage-arson,2,0.05714285714285714,0.0,0.0,4.171623199487733e-19,35,2023-01,2025-11,flat
N08000416,DUNGIVEN,drugs,4,0.11428571428571428,0.10110201193003741,0.0,0.0017841531517065424,35,2023-01,2025-11,positive
N08000416,DUNGIVEN,other-crime,2,0.05714285714285714,0.0,0.0,0.0002548790216723631,35,2023-01,2025-11,positive
N08000416,DUNGIVEN,possession-of-weapons,1,0.02857142857142857,0.0,0.0,2.0858115997438665e-19,35,2023-01,2025-11,flat
N08000416,DUNGIVEN,vehicle-crime,1,0.02857142857142857,-0.10110201193003741,-100.0,-0.0012743951083618156,35,2023-01,2025-11,negative
N08000416,DUNGIVEN,violent-crime,14,0.4,-0.20220402386007483,-50.0,-0.005522378802901199,35,2023-01,2025-11,negative
N08000417,DUNLOY,anti-social-behaviour,44,1.2571428571428571,-0.09195402298850575,-50.0,-0.0035545252583792093,35,2023-01,2025-11,negative
N08000417,DUNLOY,burglary,1,0.02857142857142857,0.0,0.0,-0.0010045397469332557,35,2023-01,2025-11,negative
N08000417,DUNLOY,criminal-damage-arson,1,0.02857142857142857,0.0,0.0,0.0004636337293538103,35,2023-01,2025-11,positive
N08000417,DUNLOY,drugs,1,0.02857142857142857,0.0,0.0,0.0007727228822563504,35,2023-01,2025-11,positive
N08000417,DUNLOY,other-crime,1,0.02857142857142857,0.09195402298850575,0.0,0.001236356611610161,35,2023-01,2025-11,positive
N08000417,DUNLOY,other-theft,1,0.02857142857142857,-0.09195402298850575,-100.0,-0.0013136288998357962,35,2023-01,2025-11,negative
N08000417,DUNLOY,violent-crime,12,0.34285714285714286,-0.5517241379310345,-100.0,-0.0046363372935381035,35,2023-01,2025-11,negative
N08000418,FEENY,anti-social-behaviour,91,2.6,-0.09231053263177325,-12.499999999999995,-0.013264790823557322,35,2023-01,2025-11,negative
N08000418,FEENY,burglary,1,0.02857142857142857,-0.09231053263177329,-100.0,-0.001241150018578465,35,2023-01,2025-11,negative
N08000418,FEENY,criminal-damage-arson,1,0.02857142857142857,-0.09231053263177329,-100.0,-0.0013187218947396182,35,2023-01,2025-11,negative
N08000418,FEENY,drugs,2,0.05714285714285714,-0.18462106526354657,-100.0,-0.0026374437894792365,35,2023-01,2025-11,negative
N08000418,FEENY,vehicle-crime,1,0.02857142857142857,-0.09231053263177329,-100.0,-0.0011635781424173097,35,2023-01,2025-11,negative
N08000418,FEENY,violent-crime,5,0.14285714285714285,-0.4615526631588664,-100.0,-0.006438465721375781,35,2023-01,2025-11,negative
N08000419,GARVAGH,anti-social-behaviour,99,2.8285714285714287,0.18971732119142476,40.0,0.02917501662019389,35,2023-01,2025-11,positive
N08000419,GARVAGH,drugs,2,0.05714285714285714,-0.1897173211914248,-100.0,-0.002710247445591782,35,2023-01,2025-11,negative
N08000419,GARVAGH,other-theft,1,0.02857142857142857,-0.0948586605957124,-100.0,-0.001355123722795891,35,2023-01,2025-11,negative
N08000419,GARVAGH,public-order,1,0.02857142857142857,-0.0948586605957124,-100.0,-0.0011956974024669629,35,2023-01,2025-11,negative
N08000419,GARVAGH,shoplifting,1,0.02857142857142857,-0.0948586605957124,-100.0,-0.001355123722795891,35,2023-01,2025-11,negative
N08000419,GARVAGH,vehicle-crime,1,0.02857142857142857,-0.0948586605957124,-100.0,-0.001355123722795891,35,2023-01,2025-11,negative
N08000419,GARVAGH,violent-crime,7,0.2,-0.5691519635742743,-100.0,-0.007891602856281956,35,2023-01,2025-11,negative
N08000420,GIANT'S CAUSEWAY,anti-social-behaviour,99,2.8285714285714287,-0.788488074117879,-61.53846153846154,-0.005217935784603601,35,2023-01,2025-11,negative
N08000420,GIANT'S CAUSEWAY,criminal-damage-arson,1,0.02857142857142857,0.09856100926473488,0.0,0.0013251900405342504,35,2023-01,2025-11,positive
N08000420,GIANT'S CAUSEWAY,vehicle-crime,1,0.02857142857142857,-0.09856100926473488,-100.0,-0.001408014418067641,35,2023-01,2025-11,negative
N08000420,GIANT'S CAUSEWAY,violent-crime,5,0.14285714285714285,-0.29568302779420463,-100.0,-0.0025675557035351104,35,2023-01,2025-11,negative
N08000421,GREYSTEEL,anti-social-behaviour,136,3.8857142857142857,-0.14361625736033323,-18.181818181818187,-0.0004827437222196031,35,2023-01,2025-11,negative
N08000421,GREYSTEEL,criminal-damage-arson,3,0.08571428571428572,-0.1436162573603332,-100.0,-0.0027757764027627426,35,2023-01,2025-11,negative
N08000421,GREYSTEEL,other-crime,1,0.02857142857142857,-0.0718081286801666,-100.0,-0.0009051444791617633,35,2023-01,2025-11,negative
N08000421,GREYSTEEL,violent-crime,9,0.2571428571428571,-0.2872325147206664,-100.0,-0.003741263847201957,35,2023-01,2025-11,negative
N08000422,GREYSTONE,anti-social-behaviour,95,2.7142857142857144,-0.3824823101931535,-36.36363636363636,-0.0025713096483573365,35,2023-01,2025-11,negative
N08000422,GREYSTONE,drugs,2,0.05714285714285714,-0.19124115509657677,-100.0,-0.0027320165013796677,35,2023-01,2025-11,negative
N08000422,GREYSTONE,violent-crime,4,0.11428571428571428,-0.38248231019315354,-100.0,-0.005464033002759335,35,2023-01,2025-11,negative
N08000423,HOPEFIELD,anti-social-behaviour,140,4.0,-0.09290226681531022,-14.285714285714276,-0.004528009643099157,35,2023-01,2025-11,negative
N08000423,HOPEFIELD,criminal-damage-arson,2,0.05714285714285714,-0.09290226681531029,-100.0,-0.0024201430851047215,35,2023-01,2025-11,negative
N08000423,HOPEFIELD,other-theft,2,0.05714285714285714,-0.09290226681531029,-100.0,-0.0023420739533271517,35,2023-01,2025-11,negative
N08000423,HOPEFIELD,public-order,1,0.02857142857142857,-0.09290226681531029,-100.0,-0.0013271752402187183,35,2023-01,2025-11,negative
N08000423,HOPEFIELD,violent-crime,6,0.17142857142857143,-0.4645113340765515,-100.0,-0.006089392278650588,35,2023-01,2025-11,negative
N08000424,KILREA,anti-social-behaviour,205,5.857142857142857,-1.3329778725673154,-65.21739130434783,-0.023299109033109347,35,2023-01,2025-11,negative
N08000424,KILREA,burglary,1,0.02857142857142857,-0.08886519150448768,-100.0,-0.0011948261042620215,35,2023-01,2025-11,negative
N08000424,KILREA,criminal-damage-arson,3,0.08571428571428572,-0.26659557451346305,-100.0,-0.003584478312786055,35,2023-01,2025-11,negative
N08000424,KILREA,drugs,3,0.08571428571428572,-0.26659557451346305,-100.0,-0.003808508207335185,35,2023-01,2025-11,negative
N08000424,KILREA,other-crime,1,0.02857142857142857,-0.08886519150448768,-100.0,-0.0012695027357783949,35,2023-01,2025-11,negative
N08000424,KILREA,other-theft,2,0.05714285714285714,-0.17773038300897537,-100.0,-0.0025390054715567897,35,2023-01,2025-11,negative
N08000424,KILREA,violent-crime,10,0.2857142857142857,-0.7997867235403892,-100.0,-0.012172290937169322,35,2023-01,2025-11,negative
N08000425,KINBANE,anti-social-behaviour,203,5.8,-1.0723418295801366,-49.999999999999986,-0.023013412244383014,35,2023-01,2025-11,negative
N08000425,KINBANE,burglary,1,0.02857142857142857,-0.08248783304462591,-100.0,-0.0011783976149232272,35,2023-01,2025-11,negative
N08000425,KINBANE,criminal-damage-arson,2,0.05714285714285714,-0.16497566608925182,-100.0,-0.0023567952298464544,35,2023-01,2025-11,negative
N08000425,KINBANE,other-crime,1,0.02857142857142857,-0.08248783304462591,-100.0,-0.0011783976149232272,35,2023-01,2025-11,negative
N08000425,KINBANE,other-theft,2,0.05714285714285714,-0.16497566608925182,-100.0,-0.0022874777230862653,35,2023-01,2025-11,negative
N08000425,KINBANE,violent-crime,7,0.2,-0.4949269982677555,-100.0,-0.00797151327742183,35,2023-01,2025-11,negative
N08000426,LOUGHGUILE and STRANOCUM,anti-social-behaviour,61,1.7428571428571429,0.8156606851549755,450.0,0.010205278413703712,35,2023-01,2025-11,positive
N08000426,LOUGHGUILE and STRANOCUM,other-theft,1,0.02857142857142857,0.0,0.0,-0.0001523175882642342,35,2023-01,2025-11,negative
N08000426,LOUGHGUILE and STRANOCUM,violent-crime,5,0.14285714285714285,-0.181257930034439,-100.0,-0.002817875382888337,35,2023-01,2025-11,negative
N08000427,LURIGETHAN,anti-social-behaviour,50,1.4285714285714286,-0.241196333815726,-50.0,0.004459091885668887,35,2023-01,2025-11,positive
N08000427,LURIGETHAN,burglary,1,0.02857142857142857,-0.120598166907863,-100.0,-0.001722830955826614,35,2023-01,2025-11,negative
N08000427,LURIGETHAN,criminal-damage-arson,2,0.05714285714285714,-0.241196333815726,-100.0,-0.0030402899220469655,35,2023-01,2025-11,negative
N08000427,LURIGETHAN,other-crime,1,0.02857142857142857,0.0,0.0,-0.00030402899220469647,35,2023-01,2025-11,negative
N08000427,LURIGETHAN,violent-crime,2,0.05714285714285714,-0.241196333815726,-100.0,-0.0033443189142516616,35,2023-01,2025-11,negative
N08000428,MACOSQUIN,anti-social-behaviour,139,3.9714285714285715,0.2914602156805599,18.75000000000002,0.0008980566869709151,35,2023-01,2025-11,positive
N08000428,MACOSQUIN,burglary,1,0.02857142857142857,0.0,0.0,-0.0005714906189814896,35,2023-01,2025-11,negative
N08000428,MACOSQUIN,criminal-damage-arson,1,0.02857142857142857,-0.09715340522685322,-100.0,-0.0013879057889550456,35,2023-01,2025-11,negative
N08000428,MACOSQUIN,drugs,2,0.05714285714285714,-0.09715340522685322,-100.0,-0.0005714906189814902,35,2023-01,2025-11,negative
N08000428,MACOSQUIN,other-crime,2,0.05714285714285714,-0.09715340522685322,-100.0,-0.0013062642719576891,35,2023-01,2025-11,negative
N08000428,MACOSQUIN,other-theft,3,0.08571428571428572,-0.09715340522685322,-100.0,-0.0005714906189814897,35,2023-01,2025-11,negative
N08000428,MACOSQUIN,vehicle-crime,1,0.02857142857142857,-0.09715340522685322,-100.0,-0.0013879057889550456,35,2023-01,2025-11,negative
N08000428,MACOSQUIN,violent-crime,5,0.14285714285714285,-0.4857670261342661,-100.0,-0.006857887427777872,35,2023-01,2025-11,negative
N08000429,MAGILLIGAN,anti-social-behaviour,85,2.4285714285714284,-0.47878961984104185,-62.5,-0.011507044644919159,35,2023-01,2025-11,negative
N08000429,MAGILLIGAN,criminal-damage-arson,1,0.02857142857142857,0.0,0.0,0.0010460949677199233,35,2023-01,2025-11,positive
N08000429,MAGILLIGAN,other-crime,1,0.02857142857142857,-0.09575792396820837,-100.0,-0.0012070326550614502,35,2023-01,2025-11,negative
N08000429,MAGILLIGAN,shoplifting,1,0.02857142857142857,-0.09575792396820837,-100.0,-0.0012875014987322124,35,2023-01,2025-11,negative
N08000429,MAGILLIGAN,violent-crime,4,0.11428571428571428,-0.2872737719046251,-100.0,-0.004908599463916564,35,2023-01,2025-11,negative
N08000430,MOUNTSANDEL,anti-social-behaviour,966,27.6,-1.0504201680672267,-16.216216216216214,0.0058111479886072655,35,2023-01,2025-11,positive
N08000430,MOUNTSANDEL,burglary,3,0.08571428571428572,-0.26260504201680673,-100.0,-0.003751500600240095,35,2023-01,2025-11,negative
N08000430,MOUNTSANDEL,criminal-damage-arson,9,0.2571428571428571,-0.7878151260504201,-100.0,-0.011033825294823812,35,2023-01,2025-11,negative
N08000430,MOUNTSANDEL,drugs,5,0.14285714285714285,-0.26260504201680673,-100.0,-0.0016918532118729839,35,2023-01,2025-11,negative
N08000430,MOUNTSANDEL,other-theft,3,0.08571428571428572,-0.26260504201680673,-100.0,-0.003604382929642444,35,2023-01,2025-11,negative
N08000430,MOUNTSANDEL,shoplifting,4,0.11428571428571428,-0.350140056022409,-100.0,-0.005002000800320128,35,2023-01,2025-11,negative
N08000430,MOUNTSANDEL,violent-crime,25,0.7142857142857143,-2.188375350140056,-100.0,-0.03052691664901254,35,2023-01,2025-11,negative
N08000431,PORTRUSH and DUNLUCE,anti-social-behaviour,235,6.714285714285714,0.12081672103419105,9.999999999999995,0.04680378856870765,35,2023-01,2025-11,positive
N08000431,PORTRUSH and DUNLUCE,burglary,1,0.02857142857142857,-0.12081672103419112,-100.0,-0.0017259531576313014,35,2023-01,2025-11,negative
N08000431,PORTRUSH and DUNLUCE,criminal-damage-arson,2,0.05714285714285714,-0.24163344206838225,-100.0,-0.0034519063152626027,35,2023-01,2025-11,negative
N08000431,PORTRUSH and DUNLUCE,possession-of-weapons,1,0.02857142857142857,0.0,0.0,0.0014213731886375423,35,2023-01,2025-11,positive
N08000431,PORTRUSH and DUNLUCE,robbery,1,0.02857142857142857,-0.12081672103419112,-100.0,-0.0017259531576313014,35,2023-01,2025-11,negative
N08000431,PORTRUSH and DUNLUCE,violent-crime,8,0.22857142857142856,-0.966533768273529,-100.0,-0.013503045292056653,35,2023-01,2025-11,negative
N08000432,PORTSTEWART,anti-social-behaviour,267,7.628571428571429,-0.11435105774728349,-4.761904761904734,-0.0361310905151083,35,2023-01,2025-11,negative
N08000432,PORTSTEWART,criminal-damage-arson,5,0.14285714285714285,-0.34305317324185247,-100.0,-0.004900759617740749,35,2023-01,2025-11,negative
N08000432,PORTSTEWART,other-theft,3,0.08571428571428572,-0.22870211549456831,-100.0,-0.0028827997751416155,35,2023-01,2025-11,negative
N08000432,PORTSTEWART,violent-crime,13,0.37142857142857144,-1.4865637507146943,-100.0,-0.02123662501020992,35,2023-01,2025-11,negative
N08000433,QUARRY,anti-social-behaviour,284,8.114285714285714,0.4487323311644602,28.57142857142856,0.02099112025335151,35,2023-01,2025-11,positive
N08000433,QUARRY,criminal-damage-arson,2,0.05714285714285714,-0.14957744372148682,-100.0,-0.002136820624592668,35,2023-01,2025-11,negative
N08000433,QUARRY,other-crime,1,0.02857142857142857,-0.07478872186074341,-100.0,-0.001068410312296334,35,2023-01,2025-11,negative
N08000433,QUARRY,public-order,1,0.02857142857142857,-0.07478872186074341,-100.0,-0.001068410312296334,35,2023-01,2025-11,negative
N08000433,QUARRY,violent-crime,9,0.2571428571428571,-0.5235210530252038,-100.0,-0.007416024520645138,35,2023-01,2025-11,negative
N08000434,RASHARKIN,anti-social-behaviour,71,2.0285714285714285,-0.34135518006485743,-66.66666666666666,-0.004948215845477974,35,2023-01,2025-11,negative
N08000434,RASHARKIN,burglary,1,0.02857142857142857,-0.08533879501621437,-100.0,-0.0010756990968430376,35,2023-01,2025-11,negative
N08000434,RASHARKIN,drugs,2,0.05714285714285714,-0.08533879501621437,-100.0,-0.0014342654624573841,35,2023-01,2025-11,negative
N08000434,RASHARKIN,other-crime,1,0.02857142857142857,-0.08533879501621437,-100.0,-0.001219125643088776,35,2023-01,2025-11,negative
N08000434,RASHARKIN,other-theft,1,0.02857142857142857,-0.08533879501621437,-100.0,-0.001219125643088776,35,2023-01,2025-11,negative
N08000434,RASHARKIN,violent-crime,5,0.14285714285714285,-0.4266939750810718,-100.0,-0.005880488396075273,35,2023-01,2025-11,negative
N08000435,ROESIDE,anti-social-behaviour,439,12.542857142857143,0.0,0.0,0.010765421466250471,35,2023-01,2025-11,positive
N08000435,ROESIDE,burglary,1,0.02857142857142857,0.0,0.0,-0.0014776068679167218,35,2023-01,2025-11,negative
N08000435,ROESIDE,criminal-damage-arson,4,0.11428571428571428,-0.25119316754584275,-100.0,-0.00569934077625021,35,2023-01,2025-11,negative
N08000435,ROESIDE,drugs,3,0.08571428571428572,-0.37678975131876413,-100.0,-0.005171624037708527,35,2023-01,2025-11,negative
N08000435,ROESIDE,other-crime,1,0.02857142857142857,-0.12559658377292138,-100.0,-0.001794236911041734,35,2023-01,2025-11,negative
N08000435,ROESIDE,other-theft,2,0.05714285714285714,-0.25119316754584275,-100.0,-0.003588473822083468,35,2023-01,2025-11,negative
N08000435,ROESIDE,possession-of-weapons,1,0.02857142857142857,-0.12559658377292138,-100.0,-0.001794236911041734,35,2023-01,2025-11,negative
N08000435,ROESIDE,shoplifting,5,0.14285714285714285,-0.6279829188646069,-100.0,-0.008760097859791994,35,2023-01,2025-11,negative
N08000435,ROESIDE,violent-crime,21,0.6,-2.5119316754584275,-100.0,-0.03461821804833463,35,2023-01,2025-11,negative
N08000436,ROUTE,anti-social-behaviour,64,1.8285714285714285,-0.19334880123743242,-28.57142857142858,0.008123899211656828,35,2023-01,2025-11,positive
N08000436,ROUTE,criminal-damage-arson,1,0.02857142857142857,-0.09667440061871617,-100.0,-0.0013810628659816592,35,2023-01,2025-11,negative
N08000436,ROUTE,other-theft,1,0.02857142857142857,-0.09667440061871617,-100.0,-0.0013810628659816592,35,2023-01,2025-11,negative
N08000436,ROUTE,violent-crime,2,0.05714285714285714,-0.19334880123743234,-100.0,-0.0027621257319633183,35,2023-01,2025-11,negative
N08000437,TORR HEAD and RATHLIN,anti-social-behaviour,70,2.0,0.1853396348809193,66.66666666666669,-0.019234827653608004,35,2023-01,2025-11,negative
N08000437,TORR HEAD and RATHLIN,burglary,1,0.02857142857142857,-0.09266981744045964,-100.0,-0.0013238545348637088,35,2023-01,2025-11,negative
N08000437,TORR HEAD and RATHLIN,criminal-damage-arson,1,0.02857142857142857,-0.09266981744045964,-100.0,-0.0013238545348637088,35,2023-01,2025-11,negative
N08000437,TORR HEAD and RATHLIN,other-theft,4,0.11428571428571428,-0.37067926976183857,-100.0,-0.005217544343286382,35,2023-01,2025-11,negative
N08000437,TORR HEAD and RATHLIN,violent-crime,2,0.05714285714285714,-0.18533963488091929,-100.0,-0.002491961477390511,35,2023-01,2025-11,negative
N08000438,UNIVERSITY,anti-social-behaviour,288,8.228571428571428,-1.0946907498631635,-35.29411764705882,-0.04277573098204799,35,2023-01,2025-11,negative
N08000438,UNIVERSITY,bicycle-theft,2,0.05714285714285714,0.0,0.0,0.0011498852414529026,35,2023-01,2025-11,positive
N08000438,UNIVERSITY,criminal-damage-arson,11,0.3142857142857143,-1.0034665207079,-100.0,-0.014181917977919135,35,2023-01,2025-11,negative
N08000438,UNIVERSITY,drugs,2,0.05714285714285714,-0.18244845831052728,-100.0,-0.0026064065472932462,35,2023-01,2025-11,negative
N08000438,UNIVERSITY,other-crime,1,0.02857142857142857,0.0,0.0,7.665901609686033e-05,35,2023-01,2025-11,positive
N08000438,UNIVERSITY,other-theft,2,0.05714285714285714,-0.18244845831052728,-100.0,-0.0026064065472932462,35,2023-01,2025-11,negative
N08000438,UNIVERSITY,robbery,1,0.02857142857142857,-0.09122422915526364,-100.0,-0.0013032032736466231,35,2023-01,2025-11,negative
N08000438,UNIVERSITY,violent-crime,12,0.34285714285714286,-1.0946907498631637,-100.0,-0.01533180321937204,35,2023-01,2025-11,negative
N08000439,WATERSIDE,anti-social-behaviour,312,8.914285714285715,-0.8517228029423152,-34.375,-0.010996268426069607,35,2023-01,2025-11,negative
N08000439,WATERSIDE,criminal-damage-arson,2,0.05714285714285714,-0.1548586914440573,-100.0,-0.002082133666474719,35,2023-01,2025-11,negative
N08000439,WATERSIDE,drugs,3,0.08571428571428572,-0.23228803716608595,-100.0,-0.0031232004997120803,35,2023-01,2025-11,negative
N08000439,WATERSIDE,other-crime,2,0.05714285714285714,-0.1548586914440573,-100.0,-0.002082133666474719,35,2023-01,2025-11,negative
N08000439,WATERSIDE,other-theft,2,0.05714285714285714,-0.1548586914440573,-100.0,-0.0022122670206293892,35,2023-01,2025-11,negative
N08000439,WATERSIDE,shoplifting,1,0.02857142857142857,-0.07742934572202866,-100.0,-0.0009760001561600246,35,2023-01,2025-11,negative
N08000439,WATERSIDE,violent-crime,19,0.5428571428571428,-1.084010840108401,-100.0,-0.014705069019477705,35,2023-01,2025-11,negative
N08000440,WINDY HALL,anti-social-behaviour,99,2.8285714285714287,0.35517670040845317,80.0,0.0056708884939164796,35,2023-01,2025-11,positive
N08000440,WINDY HALL,burglary,1,0.02857142857142857,-0.08879417510211329,-100.0,-0.0012684882157444754,35,2023-01,2025-11,negative
N08000440,WINDY HALL,criminal-damage-arson,2,0.05714285714285714,-0.08879417510211329,-100.0,-0.002238508616019662,35,2023-01,2025-11,negative
N08000440,WINDY HALL,other-theft,1,0.02857142857142857,-0.08879417510211329,-100.0,-0.0012684882157444754,35,2023-01,2025-11,negative
N08000440,WINDY HALL,vehicle-crime,11,0.3142857142857143,-0.9767359261232463,-100.0,-0.013953370373189236,35,2023-01,2025-11,negative
N08000440,WINDY HALL,violent-crime,4,0.11428571428571428,-0.2663825253063399,-100.0,-0.004850102001375936,35,2023-01,2025-11,negative
N08000501,ARTIGARVAN,anti-social-behaviour,55,1.5714285714285714,-0.18320051296143627,-50.0,-0.007697500544598155,35,2023-01,2025-11,negative
N08000501,ARTIGARVAN,criminal-damage-arson,1,0.02857142857142857,-0.09160025648071814,-100.0,-0.0013085750925816877,35,2023-01,2025-11,negative
N08000501,ARTIGARVAN,public-order,1,0.02857142857142857,-0.09160025648071814,-100.0,-0.0013085750925816877,35,2023-01,2025-11,negative
N08000501,ARTIGARVAN,vehicle-crime,1,0.02857142857142857,-0.09160025648071814,-100.0,-0.0013085750925816877,35,2023-01,2025-11,negative
N08000501,ARTIGARVAN,violent-crime,5,0.14285714285714285,-0.45800128240359067,-100.0,-0.006388925452016472,35,2023-01,2025-11,negative
N08000502,BALLYCOLMAN,anti-social-behaviour,126,3.6,-0.47214353163361666,-45.45454545454546,0.0001587037081121438,35,2023-01,2025-11,positive
N08000502,BALLYCOLMAN,criminal-damage-arson,3,0.08571428571428572,-0.09442870632672333,-100.0,-0.00269796303790638,35,2023-01,2025-11,negative
N08000502,BALLYCOLMAN,drugs,2,0.05714285714285714,-0.18885741265344666,-100.0,-0.0026979630379063806,35,2023-01,2025-11,negative
N08000502,BALLYCOLMAN,other-crime,1,0.02857142857142857,0.0,0.0,-0.00103157410272891,35,2023-01,2025-11,negative
N08000502,BALLYCOLMAN,other-theft,1,0.02857142857142857,-0.09442870632672333,-100.0,-0.0013489815189531903,35,2023-01,2025-11,negative
N08000502,BALLYCOLMAN,violent-crime,5,0.14285714285714285,-0.47214353163361666,-100.0,-0.006506852032597739,35,2023-01,2025-11,negative
N08000503,BALLYMAGROARTY,anti-social-behaviour,190,5.428571428571429,0.5020080321285141,54.545454545454554,0.01729607505652863,35,2023-01,2025-11,positive
N08000503,BALLYMAGROARTY,criminal-damage-arson,1,0.02857142857142857,0.0,0.0,1.3310093024272536e-19,35,2023-01,2025-11,flat
N08000503,BALLYMAGROARTY,other-crime,1,0.02857142857142857,-0.08366800535475233,-100.0,-0.0011952572193536046,35,2023-01,2025-11,negative
N08000503,BALLYMAGROARTY,other-theft,4,0.11428571428571428,-0.25100401606425704,-100.0,-0.0028123699278908352,35,2023-01,2025-11,negative
N08000503,BALLYMAGROARTY,possession-of-weapons,1,0.02857142857142857,-0.08366800535475233,-100.0,-0.0011249479711563331,35,2023-01,2025-11,negative
N08000503,BALLYMAGROARTY,public-order,2,0.05714285714285714,-0.08366800535475233,-100.0,-0.001335875715748146,35,2023-01,2025-11,negative
N08000503,BALLYMAGROARTY,vehicle-crime,1,0.02857142857142857,-0.08366800535475233,-100.0,-0.0011249479711563331,35,2023-01,2025-11,negative
N08000503,BALLYMAGROARTY,violent-crime,18,0.5142857142857142,-1.42235609103079,-100.0,-0.020459991225405816,35,2023-01,2025-11,negative
N08000504,BRANDYWELL,anti-social-behaviour,131,3.742857142857143,-0.31397174254317106,-33.33333333333333,0.007475517679599318,35,2023-01,2025-11,positive
N08000504,BRANDYWELL,criminal-damage-arson,5,0.14285714285714285,-0.5232862375719519,-100.0,-0.00729962314596168,35,2023-01,2025-11,negative
N08000504,BRANDYWELL,drugs,1,0.02857142857142857,-0.10465724751439037,-100.0,-0.001495103535919862,35,2023-01,2025-11,negative
N08000504,BRANDYWELL,other-theft,1,0.02857142857142857,-0.10465724751439037,-100.0,-0.001495103535919862,35,2023-01,2025-11,negative
N08000504,BRANDYWELL,robbery,1,0.02857142857142857,-0.10465724751439037,-100.0,-0.0013192090022822313,35,2023-01,2025-11,negative
N08000504,BRANDYWELL,violent-crime,13,0.37142857142857144,-1.2558869701726845,-100.0,-0.017677400630581902,35,2023-01,2025-11,negative
N08000505,CARN HILL,anti-social-behaviour,175,5.0,-0.46767216181456805,-20.0,-0.02751012716556279,35,2023-01,2025-11,negative
N08000505,CARN HILL,criminal-damage-arson,1,0.02857142857142857,-0.116918040453642,-100.0,-0.001670257720766314,35,2023-01,2025-11,negative
N08000505,CARN HILL,drugs,2,0.05714285714285714,-0.233836080907284,-100.0,-0.003340515441532628,35,2023-01,2025-11,negative
N08000505,CARN HILL,other-theft,1,0.02857142857142857,-0.116918040453642,-100.0,-0.001670257720766314,35,2023-01,2025-11,negative
N08000505,CARN HILL,shoplifting,1,0.02857142857142857,-0.116918040453642,-100.0,-0.001670257720766314,35,2023-01,2025-11,negative
N08000505,CARN HILL,violent-crime,2,0.05714285714285714,-0.233836080907284,-100.0,-0.003340515441532628,35,2023-01,2025-11,negative
N08000506,CASTLEDERG,anti-social-behaviour,150,4.285714285714286,0.19362958660083263,16.666666666666664,-0.004393276334640738,35,2023-01,2025-11,negative
N08000506,CASTLEDERG,burglary,1,0.02857142857142857,-0.09681479330041631,-100.0,-0.0013830684757202326,35,2023-01,2025-11,negative
N08000506,CASTLEDERG,other-theft,1,0.02857142857142857,0.0,0.0,0.00016271393832002732,35,2023-01,2025-11,positive
N08000506,CASTLEDERG,violent-crime,11,0.3142857142857143,-1.0649627263045793,-100.0,-0.015132396263762548,35,2023-01,2025-11,negative
N08000507,CAW,anti-social-behaviour,275,7.857142857142857,-2.220446049250313e-16,-1.3747733110644084e-14,0.008078912229404904,35,2023-01,2025-11,positive
N08000507,CAW,criminal-damage-arson,2,0.05714285714285714,-0.15382248884786956,-100.0,-0.002068201530727657,35,2023-01,2025-11,negative
N08000507,CAW,drugs,2,0.05714285714285714,-0.15382248884786956,-100.0,-0.0021328328285628965,35,2023-01,2025-11,negative
N08000507,CAW,violent-crime,15,0.42857142857142855,-1.076757421935087,-100.0,-0.016157824458809825,35,2023-01,2025-11,negative
N08000508,CITY WALLS,anti-social-behaviour,1558,44.51428571428571,3.392967304133254,32.673267326732706,-0.037757237379837674,35,2023-01,2025-11,negative
N08000508,CITY WALLS,bicycle-theft,1,0.02857142857142857,-0.10281719103434095,-100.0,-0.0014688170147762992,35,2023-01,2025-11,negative
N08000508,CITY WALLS,burglary,5,0.14285714285714285,-0.5140859551717047,-100.0,-0.007344085073881496,35,2023-01,2025-11,negative
N08000508,CITY WALLS,criminal-damage-arson,10,0.2857142857142857,-1.0281719103434093,-100.0,-0.014601769146893798,35,2023-01,2025-11,negative
N08000508,CITY WALLS,drugs,12,0.34285714285714286,-1.2338062924120912,-100.0,-0.017625804177315584,35,2023-01,2025-11,negative
N08000508,CITY WALLS,other-crime,2,0.05714285714285714,-0.2056343820686819,-100.0,-0.0027648320278142098,35,2023-01,2025-11,negative
N08000508,CITY WALLS,other-theft,11,0.3142857142857143,-0.9253547193090684,-100.0,-0.014947373150370567,35,2023-01,2025-11,negative
N08000508,CITY WALLS,possession-of-weapons,1,0.02857142857142857,-0.10281719103434095,-100.0,-0.0014688170147762992,35,2023-01,2025-11,negative
N08000508,CITY WALLS,public-order,2,0.05714285714285714,-0.2056343820686819,-100.0,-0.0029376340295525984,35,2023-01,2025-11,negative
N08000508,CITY WALLS,shoplifting,9,0.2571428571428571,-0.9253547193090684,-100.0,-0.012960150130379112,35,2023-01,2025-11,negative
N08000508,CITY WALLS,theft-from-the-person,1,0.02857142857142857,-0.10281719103434095,-100.0,-0.0014688170147762992,35,2023-01,2025-11,negative
N08000508,CITY WALLS,violent-crime,57,1.6285714285714286,-5.757762697923092,-100.0,-0.07931611879792014,35,2023-01,2025-11,negative
N08000509,CLAUDY,anti-social-behaviour,95,2.7142857142857144,-0.19047619047619052,-33.333333333333336,-0.008563425370148056,35,2023-01,2025-11,negative
N08000509,CLAUDY,criminal-damage-arson,2,0.05714285714285714,-0.1904761904761905,-100.0,-0.002561024409763905,35,2023-01,2025-11,negative
N08000509,CLAUDY,drugs,2,0.05714285714285714,-0.09523809523809525,-100.0,-0.0019207683073229288,35,2023-01,2025-11,negative
N08000509,CLAUDY,other-crime,1,0.02857142857142857,-0.09523809523809525,-100.0,-0.0012004801920768302,35,2023-01,2025-11,negative
N08000509,CLAUDY,other-theft,1,0.02857142857142857,-0.09523809523809525,-100.0,-0.0013605442176870747,35,2023-01,2025-11,negative
N08000509,CLAUDY,vehicle-crime,1,0.02857142857142857,0.0,0.0,0.00016006402561024395,35,2023-01,2025-11,positive
N08000509,CLAUDY,violent-crime,9,0.2571428571428571,-0.5714285714285715,-100.0,-0.008803521408563424,35,2023-01,2025-11,negative
N08000510,CLONDERMOT,anti-social-behaviour,195,5.571428571428571,0.25987525987525983,24.999999999999993,0.012884571708101115,35,2023-01,2025-11,positive
N08000510,CLONDERMOT,criminal-damage-arson,1,0.02857142857142857,-0.08662508662508663,-100.0,-0.0012375012375012372,35,2023-01,2025-11,negative
N08000510,CLONDERMOT,other-crime,1,0.02857142857142857,-0.08662508662508663,-100.0,-0.0012375012375012372,35,2023-01,2025-11,negative
N08000510,CLONDERMOT,possession-of-weapons,1,0.02857142857142857,-0.08662508662508663,-100.0,-0.0012375012375012372,35,2023-01,2025-11,negative
N08000510,CLONDERMOT,shoplifting,1,0.02857142857142857,-0.08662508662508663,-100.0,-0.0012375012375012372,35,2023-01,2025-11,negative
N08000510,CLONDERMOT,violent-crime,6,0.17142857142857143,-0.4331254331254331,-100.0,-0.006624271330153683,35,2023-01,2025-11,negative
N08000511,CREGGAN,anti-social-behaviour,76,2.1714285714285713,0.19179133103183732,24.999999999999996,0.0066079366153826416,35,2023-01,2025-11,positive
N08000511,CREGGAN,criminal-damage-arson,5,0.14285714285714285,-0.3835826620636747,-100.0,-0.006285598243900551,35,2023-01,2025-11,negative
N08000511,CREGGAN,drugs,1,0.02857142857142857,-0.09589566551591867,-100.0,-0.0013699380787988381,35,2023-01,2025-11,negative
N08000511,CREGGAN,possession-of-weapons,1,0.02857142857142857,-0.09589566551591867,-100.0,-0.0013699380787988381,35,2023-01,2025-11,negative
N08000511,CREGGAN,violent-crime,12,0.34285714285714286,-0.7671653241273496,-100.0,-0.010073074108814986,35,2023-01,2025-11,negative
N08000512,CREGGAN SOUTH,anti-social-behaviour,164,4.685714285714286,-0.7794232268121591,-50.0,-0.021978133939988046,35,2023-01,2025-11,negative
N08000512,CREGGAN SOUTH,burglary,1,0.02857142857142857,-0.08660258075690656,-100.0,-0.0012371797250986646,35,2023-01,2025-11,negative
N08000512,CREGGAN SOUTH,criminal-damage-arson,4,0.11428571428571428,-0.34641032302762625,-100.0,-0.0048031683445006945,35,2023-01,2025-11,negative
N08000512,CREGGAN SOUTH,drugs,1,0.02857142857142857,-0.08660258075690656,-100.0,-0.0012371797250986646,35,2023-01,2025-11,negative
N08000512,CREGGAN SOUTH,other-crime,1,0.02857142857142857,-0.08660258075690656,-100.0,-0.0012371797250986646,35,2023-01,2025-11,negative
N08000512,CREGGAN SOUTH,other-theft,1,0.02857142857142857,-0.08660258075690656,-100.0,-0.0012371797250986646,35,2023-01,2025-11,negative
N08000512,CREGGAN SOUTH,violent-crime,12,0.34285714285714286,-0.8660258075690656,-100.0,-0.012662898362774571,35,2023-01,2025-11,negative
N08000513,CULMORE,anti-social-behaviour,80,2.2857142857142856,-0.07708911501695959,-9.090909090909088,-0.006218953816494212,35,2023-01,2025-11,negative
N08000513,CULMORE,other-theft,1,0.02857142857142857,-0.0770891150169596,-100.0,-0.0010364923027490363,35,2023-01,2025-11,negative
N08000513,CULMORE,possession-of-weapons,1,0.02857142857142857,-0.0770891150169596,-100.0,-0.0011012730716708514,35,2023-01,2025-11,negative
N08000513,CULMORE,vehicle-crime,1,0.02857142857142857,-0.0770891150169596,-100.0,-0.0010364923027490363,35,2023-01,2025-11,negative
N08000513,CULMORE,violent-crime,2,0.05714285714285714,-0.1541782300339192,-100.0,-0.0022025461433417028,35,2023-01,2025-11,negative
N08000514,DRUMAHOE,anti-social-behaviour,187,5.3428571428571425,-0.5929879178711734,-53.333333333333336,0.015447584415131395,35,2023-01,2025-11,positive
N08000514,DRUMAHOE,criminal-damage-arson,4,0.11428571428571428,-0.22237046920169,-100.0,-0.0031144323417603625,35,2023-01,2025-11,negative
N08000514,DRUMAHOE,drugs,1,0.02857142857142857,-0.07412348973389667,-100.0,-0.0010589069961985235,35,2023-01,2025-11,negative
N08000514,DRUMAHOE,other-theft,2,0.05714285714285714,-0.14824697946779333,-100.0,-0.0020555253455618403,35,2023-01,2025-11,negative
N08000514,DRUMAHOE,violent-crime,9,0.2571428571428571,-0.4447409384033801,-100.0,-0.0071631943860488365,35,2023-01,2025-11,negative
N08000515,DUNNAMANAGH,anti-social-behaviour,50,1.4285714285714286,-0.2846569883290635,-60.0,-0.005422037872934537,35,2023-01,2025-11,negative
N08000515,DUNNAMANAGH,criminal-damage-arson,3,0.08571428571428572,-0.189771325552709,-100.0,-0.003747585000410639,35,2023-01,2025-11,negative
N08000515,DUNNAMANAGH,drugs,1,0.02857142857142857,0.0,0.0,1.1945448999154149e-19,35,2023-01,2025-11,flat
N08000515,DUNNAMANAGH,other-theft,1,0.02857142857142857,-0.0948856627763545,-100.0,-0.0012757736171610688,35,2023-01,2025-11,negative
N08000515,DUNNAMANAGH,violent-crime,4,0.11428571428571428,-0.0948856627763545,-100.0,-0.0011960377660885006,35,2023-01,2025-11,negative
N08000516,EBRINGTON,anti-social-behaviour,472,13.485714285714286,-1.8237586006797646,-48.88888888888889,-0.060675849548971504,35,2023-01,2025-11,negative
N08000516,EBRINGTON,burglary,1,0.02857142857142857,-0.08289811821271657,-100.0,-0.0011842588316102365,35,2023-01,2025-11,negative
N08000516,EBRINGTON,criminal-damage-arson,11,0.3142857142857143,-0.8289811821271659,-100.0,-0.012608873442438401,35,2023-01,2025-11,negative
N08000516,EBRINGTON,drugs,4,0.11428571428571428,-0.24869435463814973,-100.0,-0.003204465073768876,35,2023-01,2025-11,negative
N08000516,EBRINGTON,other-theft,1,0.02857142857142857,-0.08289811821271657,-100.0,-0.0011842588316102365,35,2023-01,2025-11,negative
N08000516,EBRINGTON,possession-of-weapons,1,0.02857142857142857,-0.08289811821271657,-100.0,-0.0011842588316102365,35,2023-01,2025-11,negative
N08000516,EBRINGTON,violent-crime,26,0.7428571428571429,-2.1553510735306305,-100.0,-0.030024444495530118,35,2023-01,2025-11,negative
N08000517,EGLINTON,anti-social-behaviour,126,3.6,-0.08525149190110826,-10.0,-0.009313188190877364,35,2023-01,2025-11,negative
N08000517,EGLINTON,criminal-damage-arson,1,0.02857142857142857,-0.08525149190110826,-100.0,-0.0012178784557301176,35,2023-01,2025-11,negative
N08000517,EGLINTON,drugs,3,0.08571428571428572,-0.2557544757033248,-100.0,-0.003653635367190355,35,2023-01,2025-11,negative
N08000517,EGLINTON,shoplifting,1,0.02857142857142857,-0.08525149190110826,-100.0,-0.0011462385465695227,35,2023-01,2025-11,negative
N08000517,EGLINTON,violent-crime,6,0.17142857142857143,-0.25575447570332477,-100.0,-0.0044416743679569,35,2023-01,2025-11,negative
N08000518,ENAGH,anti-social-behaviour,400,11.428571428571429,-0.3793914561044085,-13.888888888888888,0.006185037183550863,35,2023-01,2025-11,positive
N08000518,ENAGH,burglary,1,0.02857142857142857,-0.0758782912208817,-100.0,-0.00095644904900271,35,2023-01,2025-11,negative
N08000518,ENAGH,criminal-damage-arson,9,0.2571428571428571,-0.6829046209879354,-100.0,-0.00950072722009359,35,2023-01,2025-11,negative
N08000518,ENAGH,drugs,1,0.02857142857142857,-0.0758782912208817,-100.0,-0.0010839755888697384,35,2023-01,2025-11,negative
N08000518,ENAGH,other-theft,1,0.02857142857142857,-0.0758782912208817,-100.0,-0.0010202123189362244,35,2023-01,2025-11,negative
N08000518,ENAGH,vehicle-crime,1,0.02857142857142857,-0.0758782912208817,-100.0,-0.0010839755888697384,35,2023-01,2025-11,negative
N08000518,ENAGH,violent-crime,8,0.22857142857142856,-0.6070263297670536,-100.0,-0.008608041441024393,35,2023-01,2025-11,negative
N08000519,FINN,anti-social-behaviour,33,0.9428571428571428,-0.07714263673532362,-33.333333333333336,-0.005186059612458728,35,2023-01,2025-11,negative
N08000519,FINN,other-theft,2,0.05714285714285714,0.0,0.0,-6.482574515573414e-05,35,2023-01,2025-11,negative
N08000519,FINN,violent-crime,1,0.02857142857142857,0.0,0.0,-0.00025930298062293625,35,2023-01,2025-11,negative
N08000520,FOYLE SPRINGS,anti-social-behaviour,80,2.2857142857142856,0.21908204622631178,33.33333333333333,0.012887179189783042,35,2023-01,2025-11,positive
N08000520,FOYLE SPRINGS,drugs,2,0.05714285714285714,-0.21908204622631178,-100.0,-0.0031297435175187396,35,2023-01,2025-11,negative
N08000520,FOYLE SPRINGS,other-theft,1,0.02857142857142857,0.0,0.0,0.000644358959489152,35,2023-01,2025-11,positive
N08000520,FOYLE SPRINGS,shoplifting,1,0.02857142857142857,-0.10954102311315589,-100.0,-0.0015648717587593698,35,2023-01,2025-11,negative
N08000520,FOYLE SPRINGS,violent-crime,3,0.08571428571428572,-0.32862306933946767,-100.0,-0.004694615276278109,35,2023-01,2025-11,negative
N08000521,GALLIAGH,anti-social-behaviour,222,6.3428571428571425,-1.0669511869831951,-31.57894736842104,-0.02951300552229428,35,2023-01,2025-11,negative
N08000521,GALLIAGH,burglary,2,0.05714285714285714,-0.17782519783053255,-100.0,-0.002540359969007608,35,2023-01,2025-11,negative
N08000521,GALLIAGH,criminal-damage-arson,7,0.2,-0.6223881924068639,-100.0,-0.008592394012819849,35,2023-01,2025-11,negative
N08000521,GALLIAGH,drugs,3,0.08571428571428572,-0.26673779674579884,-100.0,-0.003735823483834716,35,2023-01,2025-11,negative
N08000521,GALLIAGH,other-crime,1,0.02857142857142857,0.0,0.0,-0.0009713141057970263,35,2023-01,2025-11,negative
N08000521,GALLIAGH,other-theft,2,0.05714285714285714,-0.17782519783053255,-100.0,-0.0024656434993309165,35,2023-01,2025-11,negative
N08000521,GALLIAGH,robbery,1,0.02857142857142857,-0.08891259891526627,-100.0,-0.001270179984503804,35,2023-01,2025-11,negative
N08000521,GALLIAGH,vehicle-crime,1,0.02857142857142857,-0.08891259891526627,-100.0,-0.001270179984503804,35,2023-01,2025-11,negative
N08000521,GALLIAGH,violent-crime,16,0.45714285714285713,-1.3336889837289945,-100.0,-0.019351565646263835,35,2023-01,2025-11,negative
N08000522,GLENDERG,anti-social-behaviour,46,1.3142857142857143,0.20833333333333331,49.99999999999999,-0.004114145658263298,35,2023-01,2025-11,negative
N08000522,GLENDERG,criminal-damage-arson,4,0.11428571428571428,-0.3125,-100.0,-0.004551820728291317,35,2023-01,2025-11,negative
N08000522,GLENDERG,other-crime,1,0.02857142857142857,0.0,0.0,-8.753501400560202e-05,35,2023-01,2025-11,negative
N08000522,GLENDERG,other-theft,2,0.05714285714285714,-0.20833333333333334,-100.0,-0.002888655462184875,35,2023-01,2025-11,negative
N08000522,GLENDERG,violent-crime,9,0.2571428571428571,-0.7291666666666666,-100.0,-0.011204481792717092,35,2023-01,2025-11,negative
N08000523,GLENELLY VALLEY,anti-social-behaviour,41,1.1714285714285715,-0.09795278675678318,-33.333333333333314,0.0011523857265503883,35,2023-01,2025-11,positive
N08000523,GLENELLY VALLEY,criminal-damage-arson,1,0.02857142857142857,-0.09795278675678325,-100.0,-0.001234698992732562,35,2023-01,2025-11,negative
N08000523,GLENELLY VALLEY,other-crime,1,0.02857142857142857,-0.09795278675678325,-100.0,-0.001399325525096903,35,2023-01,2025-11,negative
N08000523,GLENELLY VALLEY,other-theft,4,0.11428571428571428,-0.1959055735135665,-100.0,-0.0027986510501938062,35,2023-01,2025-11,negative
N08000523,GLENELLY VALLEY,violent-crime,4,0.11428571428571428,-0.391811147027133,-100.0,-0.005021109237112416,35,2023-01,2025-11,negative
N08000524,KILFENNAN,anti-social-behaviour,538,15.371428571428572,-0.42238648363252396,-18.750000000000007,-0.04206117505080168,35,2023-01,2025-11,negative
N08000524,KILFENNAN,criminal-damage-arson,4,0.11428571428571428,-0.2815909890883492,-100.0,-0.004022728415547844,35,2023-01,2025-11,negative
N08000524,KILFENNAN,drugs,2,0.05714285714285714,-0.1407954945441746,-100.0,-0.002011364207773922,35,2023-01,2025-11,negative
N08000524,KILFENNAN,other-theft,4,0.11428571428571428,-0.21119324181626187,-100.0,-0.0028987307700271228,35,2023-01,2025-11,negative
N08000524,KILFENNAN,public-order,1,0.02857142857142857,-0.0703977472720873,-100.0,-0.001005682103886961,35,2023-01,2025-11,negative
N08000524,KILFENNAN,shoplifting,3,0.08571428571428572,-0.21119324181626187,-100.0,-0.0028987307700271228,35,2023-01,2025-11,negative
N08000524,KILFENNAN,vehicle-crime,1,0.02857142857142857,-0.0703977472720873,-100.0,-0.001005682103886961,35,2023-01,2025-11,negative
N08000524,KILFENNAN,violent-crime,9,0.2571428571428571,-0.6335797254487857,-100.0,-0.008755350080898248,35,2023-01,2025-11,negative
N08000525,LISNAGELVIN,anti-social-behaviour,257,7.3428571428571425,0.3158559696778269,17.647058823529413,0.007254955045821233,35,2023-01,2025-11,positive
N08000525,LISNAGELVIN,burglary,1,0.02857142857142857,-0.10528532322594229,-100.0,-0.0015040760460848896,35,2023-01,2025-11,negative
N08000525,LISNAGELVIN,criminal-damage-arson,5,0.14285714285714285,-0.5264266161297115,-100.0,-0.007166479984286826,35,2023-01,2025-11,negative
N08000525,LISNAGELVIN,other-crime,1,0.02857142857142857,-0.10528532322594229,-100.0,-0.0015040760460848896,35,2023-01,2025-11,negative
N08000525,LISNAGELVIN,other-theft,1,0.02857142857142857,-0.10528532322594229,-100.0,-0.0013271259230160785,35,2023-01,2025-11,negative
N08000525,LISNAGELVIN,possession-of-weapons,1,0.02857142857142857,-0.10528532322594229,-100.0,-0.0013271259230160785,35,2023-01,2025-11,negative
N08000525,LISNAGELVIN,shoplifting,9,0.2571428571428571,-0.9475679090334808,-100.0,-0.012917358984023167,35,2023-01,2025-11,negative
N08000525,LISNAGELVIN,violent-crime,8,0.22857142857142856,-0.8422825858075385,-100.0,-0.011944133307144708,35,2023-01,2025-11,negative
N08000526,MADAM'S BANK,anti-social-behaviour,248,7.085714285714285,2.3269342641070394,250.0,0.04732084805999187,35,2023-01,2025-11,positive
N08000526,MADAM'S BANK,criminal-damage-arson,3,0.08571428571428572,-0.2326934264107039,-100.0,-0.0045952063198752445,35,2023-01,2025-11,negative
N08000526,MADAM'S BANK,drugs,4,0.11428571428571428,-0.4653868528214078,-100.0,-0.006648383611734396,35,2023-01,2025-11,negative
N08000526,MADAM'S BANK,other-theft,5,0.14285714285714285,-0.5817335660267597,-100.0,-0.008114938820205218,35,2023-01,2025-11,negative
N08000526,MADAM'S BANK,possession-of-weapons,1,0.02857142857142857,-0.11634671320535195,-100.0,-0.001662095902933599,35,2023-01,2025-11,negative
N08000526,MADAM'S BANK,public-order,1,0.02857142857142857,-0.11634671320535195,-100.0,-0.001564325555702211,35,2023-01,2025-11,negative
N08000526,MADAM'S BANK,shoplifting,5,0.14285714285714285,-0.5817335660267597,-100.0,-0.008212709167436608,35,2023-01,2025-11,negative
N08000526,MADAM'S BANK,violent-crime,6,0.17142857142857143,-0.6980802792321117,-100.0,-0.009777034723138817,35,2023-01,2025-11,negative
N08000527,NEW BUILDINGS,anti-social-behaviour,80,2.2857142857142856,0.261028452101279,60.0,-0.0027784541120024113,35,2023-01,2025-11,negative
N08000527,NEW BUILDINGS,criminal-damage-arson,1,0.02857142857142857,-0.08700948403375969,-100.0,-0.0012429926290537098,35,2023-01,2025-11,negative
N08000527,NEW BUILDINGS,other-crime,1,0.02857142857142857,-0.08700948403375969,-100.0,-0.0012429926290537098,35,2023-01,2025-11,negative
N08000527,NEW BUILDINGS,other-theft,1,0.02857142857142857,-0.08700948403375969,-100.0,-0.0012429926290537098,35,2023-01,2025-11,negative
N08000527,NEW BUILDINGS,vehicle-crime,2,0.05714285714285714,0.0,0.0,2.694477935020244e-19,35,2023-01,2025-11,flat
N08000527,NEW BUILDINGS,violent-crime,3,0.08571428571428572,-0.17401896806751938,-100.0,-0.0029246885389499046,35,2023-01,2025-11,negative
N08000528,NEWTOWNSTEWART,anti-social-behaviour,107,3.057142857142857,0.0,0.0,-0.003341117233482664,35,2023-01,2025-11,negative
N08000528,NEWTOWNSTEWART,criminal-damage-arson,1,0.02857142857142857,0.0,0.0,-0.0007224037261584194,35,2023-01,2025-11,negative
N08000528,NEWTOWNSTEWART,drugs,1,0.02857142857142857,-0.1074575542660649,-100.0,-0.001535107918086641,35,2023-01,2025-11,negative
N08000528,NEWTOWNSTEWART,other-crime,4,0.11428571428571428,-0.4298302170642596,-100.0,-0.006140431672346564,35,2023-01,2025-11,negative
N08000528,NEWTOWNSTEWART,other-theft,1,0.02857142857142857,-0.1074575542660649,-100.0,-0.0013545069865470358,35,2023-01,2025-11,negative
N08000528,NEWTOWNSTEWART,vehicle-crime,1,0.02857142857142857,0.0,0.0,-0.0008127041919282215,35,2023-01,2025-11,negative
N08000528,NEWTOWNSTEWART,violent-crime,7,0.2,-0.6447453255963894,-100.0,-0.007946440987742614,35,2023-01,2025-11,negative
N08000529,NORTHLAND,anti-social-behaviour,980,28.0,-2.821359757775943,-41.41414141414142,-0.05655441367298366,35,2023-01,2025-11,negative
N08000529,NORTHLAND,burglary,2,0.05714285714285714,-0.13762730525736305,-100.0,-0.0019661043608194717,35,2023-01,2025-11,negative
N08000529,NORTHLAND,criminal-damage-arson,13,0.37142857142857144,-0.8945774841728599,-100.0,-0.012721851746478935,35,2023-01,2025-11,negative
N08000529,NORTHLAND,drugs,6,0.17142857142857143,-0.41288191577208916,-100.0,-0.0057826598847631515,35,2023-01,2025-11,negative
N08000529,NORTHLAND,other-crime,4,0.11428571428571428,-0.2752546105147261,-100.0,-0.0039322087216389435,35,2023-01,2025-11,negative
N08000529,NORTHLAND,other-theft,12,0.34285714285714286,-0.7569501789154968,-100.0,-0.011391839972983412,35,2023-01,2025-11,negative
N08000529,NORTHLAND,possession-of-weapons,2,0.05714285714285714,-0.13762730525736305,-100.0,-0.0019661043608194717,35,2023-01,2025-11,negative
N08000529,NORTHLAND,robbery,1,0.02857142857142857,-0.06881365262868153,-100.0,-0.0009830521804097359,35,2023-01,2025-11,negative
N08000529,NORTHLAND,shoplifting,6,0.17142857142857143,-0.41288191577208916,-100.0,-0.005898313082458416,35,2023-01,2025-11,negative
N08000529,NORTHLAND,vehicle-crime,1,0.02857142857142857,-0.06881365262868153,-100.0,-0.0009830521804097359,35,2023-01,2025-11,negative
N08000529,NORTHLAND,violent-crime,42,1.2,-2.821359757775943,-100.0,-0.0396112202106276,35,2023-01,2025-11,negative
N08000530,PARK,anti-social-behaviour,76,2.1714285714285713,-0.8496176720475785,-90.0,-0.0341909632728764,35,2023-01,2025-11,negative
N08000530,PARK,burglary,1,0.02857142857142857,-0.09440196356084206,-100.0,-0.001189940717153471,35,2023-01,2025-11,negative
N08000530,PARK,violent-crime,4,0.11428571428571428,-0.28320589068252616,-100.0,-0.003331834008029718,35,2023-01,2025-11,negative
N08000531,SHANTALLOW,anti-social-behaviour,100,2.857142857142857,0.0,0.0,-0.007409563225344669,35,2023-01,2025-11,negative
N08000531,SHANTALLOW,criminal-damage-arson,1,0.02857142857142857,-0.0909008271975275,-100.0,-0.001298583245678964,35,2023-01,2025-11,negative
N08000531,SHANTALLOW,drugs,2,0.05714285714285714,-0.181801654395055,-100.0,-0.0024443919918662846,35,2023-01,2025-11,negative
N08000531,SHANTALLOW,other-theft,2,0.05714285714285714,-0.181801654395055,-100.0,-0.002597166491357928,35,2023-01,2025-11,negative
N08000531,SHANTALLOW,public-order,2,0.05714285714285714,-0.181801654395055,-100.0,-0.002597166491357928,35,2023-01,2025-11,negative
N08000531,SHANTALLOW,theft-from-the-person,1,0.02857142857142857,-0.0909008271975275,-100.0,-0.0011458087461873208,35,2023-01,2025-11,negative
N08000531,SHANTALLOW,violent-crime,17,0.4857142857142857,-0.6363057903826924,-100.0,-0.01077060221416082,35,2023-01,2025-11,negative
N08000532,SHANTALLOW EAST,anti-social-behaviour,103,2.942857142857143,-0.07813720893889675,-10.000000000000005,-0.005121598569104145,35,2023-01,2025-11,negative
N08000532,SHANTALLOW EAST,burglary,2,0.05714285714285714,0.0,0.0,0.0008535997615173589,35,2023-01,2025-11,positive
N08000532,SHANTALLOW EAST,criminal-damage-arson,5,0.14285714285714285,-0.23441162681669012,-100.0,-0.003480060566186154,35,2023-01,2025-11,negative
N08000532,SHANTALLOW EAST,drugs,2,0.05714285714285714,0.0,0.0,0.00013132304023343998,35,2023-01,2025-11,positive
N08000532,SHANTALLOW EAST,other-crime,1,0.02857142857142857,-0.07813720893889671,-100.0,-0.0011162458419842385,35,2023-01,2025-11,negative
N08000532,SHANTALLOW EAST,vehicle-crime,1,0.02857142857142857,-0.07813720893889671,-100.0,-0.0011162458419842385,35,2023-01,2025-11,negative
N08000532,SHANTALLOW EAST,violent-crime,10,0.2857142857142857,-0.15627441787779342,-100.0,0.0016415380029179956,35,2023-01,2025-11,positive
N08000533,SHERIFF'S MOUNTAIN,anti-social-behaviour,42,1.2,-0.19978024173409253,-33.333333333333336,0.008058362691795322,35,2023-01,2025-11,positive
N08000533,SHERIFF'S MOUNTAIN,criminal-damage-arson,1,0.02857142857142857,0.09989012086704625,0.0,0.0013430604486325546,35,2023-01,2025-11,positive
N08000533,SHERIFF'S MOUNTAIN,vehicle-crime,2,0.05714285714285714,-0.1997802417340925,-100.0,-0.002854003453344179,35,2023-01,2025-11,negative
N08000533,SHERIFF'S MOUNTAIN,violent-crime,3,0.08571428571428572,-0.1997802417340925,-100.0,-0.0036934162337395244,35,2023-01,2025-11,negative
N08000534,SION MILLS,anti-social-behaviour,154,4.4,0.5359056806002143,54.54545454545453,-0.0019514772682920822,35,2023-01,2025-11,negative
N08000534,SION MILLS,criminal-damage-arson,1,0.02857142857142857,-0.08931761343336907,-100.0,-0.0012759659061909862,35,2023-01,2025-11,negative
N08000534,SION MILLS,drugs,1,0.02857142857142857,-0.08931761343336907,-100.0,-0.0012759659061909862,35,2023-01,2025-11,negative
N08000534,SION MILLS,other-crime,1,0.02857142857142857,-0.08931761343336907,-100.0,-0.0012759659061909862,35,2023-01,2025-11,negative
N08000534,SION MILLS,other-theft,1,0.02857142857142857,-0.08931761343336907,-100.0,-0.0012759659061909862,35,2023-01,2025-11,negative
N08000534,SION MILLS,violent-crime,3,0.08571428571428572,-0.2679528403001072,-100.0,-0.0034526136285167844,35,2023-01,2025-11,negative
N08000535,SKEOGE,anti-social-behaviour,660,18.857142857142858,-0.8352910467240928,-27.118644067796605,0.0032025339501501656,35,2023-01,2025-11,positive
N08000535,SKEOGE,burglary,3,0.08571428571428572,-0.15661707126076743,-100.0,-0.0021935164042124287,35,2023-01,2025-11,negative
N08000535,SKEOGE,criminal-damage-arson,12,0.34285714285714286,-0.6264682850430697,-100.0,-0.008861806273018209,35,2023-01,2025-11,negative
N08000535,SKEOGE,drugs,1,0.02857142857142857,-0.05220569042025581,-100.0,-0.0006580549212637284,35,2023-01,2025-11,negative
N08000535,SKEOGE,other-crime,4,0.11428571428571428,-0.20882276168102323,-100.0,-0.0027638306693076593,35,2023-01,2025-11,negative
N08000535,SKEOGE,other-theft,4,0.11428571428571428,-0.20882276168102323,-100.0,-0.002851571325476156,35,2023-01,2025-11,negative
N08000535,SKEOGE,possession-of-weapons,1,0.02857142857142857,-0.05220569042025581,-100.0,-0.0007457955774322258,35,2023-01,2025-11,negative
N08000535,SKEOGE,public-order,1,0.02857142857142857,-0.05220569042025581,-100.0,-0.0007457955774322258,35,2023-01,2025-11,negative
N08000535,SKEOGE,robbery,1,0.02857142857142857,-0.05220569042025581,-100.0,-0.0007019252493479783,35,2023-01,2025-11,negative
N08000535,SKEOGE,shoplifting,1,0.02857142857142857,-0.05220569042025581,-100.0,-0.0007019252493479783,35,2023-01,2025-11,negative
N08000535,SKEOGE,vehicle-crime,3,0.08571428571428572,-0.10441138084051162,-100.0,-0.001667072467201445,35,2023-01,2025-11,negative
N08000535,SKEOGE,violent-crime,36,1.0285714285714285,-1.4617593317671629,-100.0,-0.021145498136607814,35,2023-01,2025-11,negative
N08000536,SLIEVEKIRK,anti-social-behaviour,68,1.9428571428571428,-0.6524981357196121,-77.77777777777779,-0.022481028205465617,35,2023-01,2025-11,negative
N08000536,SLIEVEKIRK,drugs,1,0.02857142857142857,-0.09321401938851603,-100.0,-0.0013316288484073715,35,2023-01,2025-11,negative
N08000536,SLIEVEKIRK,other-theft,1,0.02857142857142857,-0.09321401938851603,-100.0,-0.0013316288484073715,35,2023-01,2025-11,negative
N08000536,SLIEVEKIRK,possession-of-weapons,1,0.02857142857142857,-0.09321401938851603,-100.0,-0.0013316288484073715,35,2023-01,2025-11,negative
N08000536,SLIEVEKIRK,violent-crime,4,0.11428571428571428,-0.37285607755406414,-100.0,-0.005326515393629486,35,2023-01,2025-11,negative
N08000537,SPRINGTOWN,anti-social-behaviour,154,4.4,-0.8093421204763558,-41.1764705882353,-0.014573987763679868,35,2023-01,2025-11,negative
N08000537,SPRINGTOWN,burglary,1,0.02857142857142857,-0.11562030292519367,-100.0,-0.0014573987763679868,35,2023-01,2025-11,negative
N08000537,SPRINGTOWN,criminal-damage-arson,9,0.2571428571428571,0.11562030292519367,0.0,0.0017488785316415855,35,2023-01,2025-11,positive
N08000537,SPRINGTOWN,drugs,2,0.05714285714285714,0.11562030292519367,0.0,0.0024289979606133124,35,2023-01,2025-11,positive
N08000537,SPRINGTOWN,other-crime,1,0.02857142857142857,0.0,0.0,0.000874439265820792,35,2023-01,2025-11,positive
N08000537,SPRINGTOWN,other-theft,1,0.02857142857142857,0.0,0.0,-0.0005829595105471947,35,2023-01,2025-11,negative
N08000537,SPRINGTOWN,possession-of-weapons,1,0.02857142857142857,0.0,0.0,0.0007772793473962597,35,2023-01,2025-11,positive
N08000537,SPRINGTOWN,public-order,1,0.02857142857142857,0.0,0.0,-0.001263078939518922,35,2023-01,2025-11,negative
N08000537,SPRINGTOWN,shoplifting,1,0.02857142857142857,-0.11562030292519367,-100.0,-0.0016517186132170522,35,2023-01,2025-11,negative
N08000537,SPRINGTOWN,violent-crime,17,0.4857142857142857,-0.23124060585038733,-100.0,0.0025261578790378436,35,2023-01,2025-11,positive
N08000538,STRABANE NORTH,anti-social-behaviour,461,13.17142857142857,-0.0832085205525046,-2.631578947368422,-0.031185714425560482,35,2023-01,2025-11,negative
N08000538,STRABANE NORTH,criminal-damage-arson,5,0.14285714285714285,-0.41604260276252286,-100.0,-0.005803619500720908,35,2023-01,2025-11,negative
N08000538,STRABANE NORTH,other-crime,1,0.02857142857142857,-0.08320852055250459,-100.0,-0.0011886931507500652,35,2023-01,2025-11,negative
N08000538,STRABANE NORTH,public-order,1,0.02857142857142857,-0.08320852055250459,-100.0,-0.0011187700242353566,35,2023-01,2025-11,negative
N08000538,STRABANE NORTH,shoplifting,1,0.02857142857142857,-0.08320852055250459,-100.0,-0.0010488468977206456,35,2023-01,2025-11,negative
N08000538,STRABANE NORTH,violent-crime,12,0.34285714285714286,-0.9985022466300549,-100.0,-0.014194394682486072,35,2023-01,2025-11,negative
N08000539,STRABANE WEST,anti-social-behaviour,179,5.114285714285714,-0.4294149221685454,-33.333333333333336,-0.009923454083726871,35,2023-01,2025-11,negative
N08000539,STRABANE WEST,burglary,1,0.02857142857142857,-0.10735373054213633,-100.0,-0.0013531982841445754,35,2023-01,2025-11,negative
N08000539,STRABANE WEST,criminal-damage-arson,3,0.08571428571428572,-0.21470746108427266,-100.0,-0.0037889551956048107,35,2023-01,2025-11,negative
N08000539,STRABANE WEST,drugs,3,0.08571428571428572,-0.322061191626409,-100.0,-0.004600874166091556,35,2023-01,2025-11,negative
N08000539,STRABANE WEST,other-crime,1,0.02857142857142857,-0.10735373054213633,-100.0,-0.0015336247220305186,35,2023-01,2025-11,negative
N08000539,STRABANE WEST,other-theft,4,0.11428571428571428,-0.2147074610842727,-66.66666666666667,-0.0032476758819469814,35,2023-01,2025-11,negative
N08000539,STRABANE WEST,possession-of-weapons,1,0.02857142857142857,-0.10735373054213633,-100.0,-0.001443411503087547,35,2023-01,2025-11,negative
N08000539,STRABANE WEST,shoplifting,8,0.22857142857142856,-0.4294149221685453,-100.0,-0.005863859231293158,35,2023-01,2025-11,negative
N08000539,STRABANE WEST,violent-crime,15,0.42857142857142855,-1.3955984970477726,-92.85714285714286,-0.020117547824282687,35,2023-01,2025-11,negative
N08000540,VICTORIA,anti-social-behaviour,326,9.314285714285715,-0.07460459564309163,-4.545454545454546,-0.023697930380746725,35,2023-01,2025-11,negative
N08000540,VICTORIA,criminal-damage-arson,3,0.08571428571428572,-0.22381378692927487,-100.0,-0.0031973398132753546,35,2023-01,2025-11,negative
N08000540,VICTORIA,drugs,5,0.14285714285714285,-0.3730229782154581,-100.0,-0.005078127938731445,35,2023-01,2025-11,negative
N08000540,VICTORIA,other-crime,2,0.05714285714285714,-0.14920919128618323,-100.0,-0.002006174000486496,35,2023-01,2025-11,negative
N08000540,VICTORIA,other-theft,1,0.02857142857142857,0.0,0.0,0.0005015435001216241,35,2023-01,2025-11,positive
N08000540,VICTORIA,shoplifting,1,0.02857142857142857,-0.07460459564309162,-100.0,-0.0009403940627280449,35,2023-01,2025-11,negative
N08000540,VICTORIA,vehicle-crime,1,0.02857142857142857,-0.07460459564309162,-100.0,-0.0010657799377584514,35,2023-01,2025-11,negative
N08000540,VICTORIA,violent-crime,15,0.42857142857142855,-0.9698597433601911,-100.0,-0.012852052190616617,35,2023-01,2025-11,negative
N08000601,BALLINAMALLARD,anti-social-behaviour,121,3.4571428571428573,0.5655468838366702,125.00000000000003,-0.008554490679882397,35,2023-01,2025-11,negative
N08000601,BALLINAMALLARD,burglary,1,0.02857142857142857,-0.11310937676733401,-100.0,-0.001615848239533343,35,2023-01,2025-11,negative
N08000601,BALLINAMALLARD,criminal-damage-arson,1,0.02857142857142857,-0.11310937676733401,-100.0,-0.001615848239533343,35,2023-01,2025-11,negative
N08000601,BALLINAMALLARD,other-theft,1,0.02857142857142857,-0.11310937676733401,-100.0,-0.0014257484466470667,35,2023-01,2025-11,negative
N08000601,BALLINAMALLARD,violent-crime,5,0.14285714285714285,-0.5655468838366701,-100.0,-0.007889141404780435,35,2023-01,2025-11,negative
N08000602,BELCOO and GARRISON,anti-social-behaviour,16,0.45714285714285713,0.37821482602118,0.0,0.002966390792322981,35,2023-01,2025-11,positive
N08000602,BELCOO and GARRISON,drugs,3,0.08571428571428572,-0.2521432173474534,-100.0,-0.002542620679133984,35,2023-01,2025-11,negative
N08000602,BELCOO and GARRISON,other-theft,1,0.02857142857142857,-0.1260716086737267,-100.0,-0.00169508045275599,35,2023-01,2025-11,negative
N08000602,BELCOO and GARRISON,violent-crime,1,0.02857142857142857,-0.1260716086737267,-100.0,-0.0018010229810532378,35,2023-01,2025-11,negative
N08000603,BELLEEK and BOA,anti-social-behaviour,22,0.6285714285714286,0.10673497705197993,50.0,-0.0019732516765912263,35,2023-01,2025-11,negative
N08000603,BELLEEK and BOA,violent-crime,1,0.02857142857142857,-0.10673497705197993,-100.0,-0.0014350921284299832,35,2023-01,2025-11,negative
N08000604,BERAGH,anti-social-behaviour,44,1.2571428571428571,-0.22893772893772907,-40.00000000000002,-0.0037515006002400977,35,2023-01,2025-11,negative
N08000604,BERAGH,criminal-damage-arson,1,0.02857142857142857,-0.11446886446886446,-100.0,-0.0016352694924123494,35,2023-01,2025-11,negative
N08000604,BERAGH,drugs,1,0.02857142857142857,0.0,0.0,-0.0007695385846646349,35,2023-01,2025-11,negative
N08000605,BOHO CLEENISH and LETTERBREEN,anti-social-behaviour,50,1.4285714285714286,-0.19234468166955193,-33.33333333333334,-0.0029902324461232813,35,2023-01,2025-11,negative
N08000605,BOHO CLEENISH and LETTERBREEN,burglary,1,0.02857142857142857,-0.09617234083477592,-100.0,-0.0013738905833539415,35,2023-01,2025-11,negative
N08000605,BOHO CLEENISH and LETTERBREEN,criminal-damage-arson,1,0.02857142857142857,0.0,0.0,-0.0008889880245231384,35,2023-01,2025-11,negative
N08000605,BOHO CLEENISH and LETTERBREEN,drugs,2,0.05714285714285714,-0.19234468166955185,-100.0,-0.002747781166707883,35,2023-01,2025-11,negative
N08000605,BOHO CLEENISH and LETTERBREEN,other-theft,1,0.02857142857142857,-0.09617234083477592,-100.0,-0.0012930734902154753,35,2023-01,2025-11,negative
N08000605,BOHO CLEENISH and LETTERBREEN,vehicle-crime,1,0.02857142857142857,-0.09617234083477592,-100.0,-0.0013738905833539415,35,2023-01,2025-11,negative
N08000605,BOHO CLEENISH and LETTERBREEN,violent-crime,2,0.05714285714285714,-0.09617234083477592,-100.0,-0.0017779760490462774,35,2023-01,2025-11,negative
N08000606,BROOKEBOROUGH,anti-social-behaviour,54,1.542857142857143,-0.7754943776657619,-66.66666666666666,-0.014228258189665938,35,2023-01,2025-11,negative
N08000606,BROOKEBOROUGH,drugs,1,0.02857142857142857,-0.12924906294429364,-100.0,-0.0018464151849184802,35,2023-01,2025-11,negative
N08000606,BROOKEBOROUGH,other-theft,1,0.02857142857142857,-0.12924906294429364,-100.0,-0.0018464151849184802,35,2023-01,2025-11,negative
N08000606,BROOKEBOROUGH,violent-crime,3,0.08571428571428572,-0.38774718883288095,-100.0,-0.005539245554755442,35,2023-01,2025-11,negative
N08000607,CAMOWEN,anti-social-behaviour,275,7.857142857142857,1.0374520178441753,58.82352941176473,0.010025796811099181,35,2023-01,2025-11,positive
N08000607,CAMOWEN,criminal-damage-arson,7,0.2,-0.6224712107065048,-100.0,-0.010112977652934809,35,2023-01,2025-11,negative
N08000607,CAMOWEN,drugs,1,0.02857142857142857,-0.10374520178441748,-100.0,-0.001482074311205964,35,2023-01,2025-11,negative
N08000607,CAMOWEN,other-theft,1,0.02857142857142857,-0.10374520178441748,-100.0,-0.0013077126275346737,35,2023-01,2025-11,negative
N08000607,CAMOWEN,vehicle-crime,1,0.02857142857142857,-0.10374520178441748,-100.0,-0.001482074311205964,35,2023-01,2025-11,negative
N08000607,CAMOWEN,violent-crime,15,0.42857142857142855,-1.348687623197427,-100.0,-0.021097763724226067,35,2023-01,2025-11,negative
N08000608,CASTLECOOLE,anti-social-behaviour,150,4.285714285714286,-0.5203455094182537,-35.714285714285715,-0.03200780780623208,35,2023-01,2025-11,negative
N08000608,CASTLECOOLE,other-theft,2,0.05714285714285714,-0.2081382037673015,-100.0,-0.002623590803789513,35,2023-01,2025-11,negative
N08000608,CASTLECOOLE,shoplifting,1,0.02857142857142857,-0.10406910188365075,-100.0,-0.0013992484286877408,35,2023-01,2025-11,negative
N08000608,CASTLECOOLE,violent-crime,5,0.14285714285714285,-0.416276407534603,-100.0,-0.005247181607579029,35,2023-01,2025-11,negative
N08000609,COOLNAGARD,anti-social-behaviour,189,5.4,1.3685239491691106,127.2727272727273,0.02061821796167149,35,2023-01,2025-11,positive
N08000609,COOLNAGARD,drugs,1,0.02857142857142857,-0.09775171065493647,-100.0,-0.0013964530093562354,35,2023-01,2025-11,negative
N08000609,COOLNAGARD,other-theft,3,0.08571428571428572,-0.2932551319648094,-100.0,-0.003942926144064662,35,2023-01,2025-11,negative
N08000609,COOLNAGARD,public-order,1,0.02857142857142857,-0.09775171065493647,-100.0,-0.0013964530093562354,35,2023-01,2025-11,negative
N08000609,COOLNAGARD,shoplifting,2,0.05714285714285714,-0.19550342130987294,-100.0,-0.0027929060187124708,35,2023-01,2025-11,negative
N08000609,COOLNAGARD,violent-crime,3,0.08571428571428572,-0.2932551319648094,-100.0,-0.0038607818493966496,35,2023-01,2025-11,negative
N08000610,DERGMONEY,anti-social-behaviour,311,8.885714285714286,1.546192500966371,54.545454545454575,-0.01006974107772212,35,2023-01,2025-11,negative
N08000610,DERGMONEY,criminal-damage-arson,6,0.17142857142857143,-0.6442468754026542,-100.0,-0.010069741077722159,35,2023-01,2025-11,negative
N08000610,DERGMONEY,drugs,3,0.08571428571428572,-0.38654812524159254,-100.0,-0.0051972857175340195,35,2023-01,2025-11,negative
N08000610,DERGMONEY,other-crime,1,0.02857142857142857,-0.12884937508053085,-100.0,-0.001732428572511341,35,2023-01,2025-11,negative
N08000610,DERGMONEY,other-theft,3,0.08571428571428572,-0.38654812524159254,-100.0,-0.0051972857175340195,35,2023-01,2025-11,negative
N08000610,DERGMONEY,shoplifting,2,0.05714285714285714,-0.2576987501610617,-100.0,-0.0032483035734587593,35,2023-01,2025-11,negative
N08000610,DERGMONEY,vehicle-crime,1,0.02857142857142857,-0.12884937508053085,-100.0,-0.0018407053582932976,35,2023-01,2025-11,negative
N08000610,DERGMONEY,violent-crime,10,0.2857142857142857,-1.2884937508053087,-100.0,-0.018190500011369064,35,2023-01,2025-11,negative
N08000611,DERRYGONNELLY,anti-social-behaviour,82,2.342857142857143,-1.725327812284334,-93.75,-0.03875946513871247,35,2023-01,2025-11,negative
N08000611,DERRYGONNELLY,criminal-damage-arson,2,0.05714285714285714,-0.11502185415228894,-100.0,-0.0020297974262168616,35,2023-01,2025-11,negative
N08000611,DERRYGONNELLY,other-crime,1,0.02857142857142857,-0.11502185415228894,-100.0,-0.0016431693450326987,35,2023-01,2025-11,negative
N08000611,DERRYGONNELLY,other-theft,1,0.02857142857142857,0.0,0.0,0.0005799421217762465,35,2023-01,2025-11,positive
N08000611,DERRYGONNELLY,violent-crime,6,0.17142857142857143,-0.5751092707614447,-100.0,-0.0067659914207228765,35,2023-01,2025-11,negative
N08000612,DERRYLIN,anti-social-behaviour,35,1.0,0.35790980672870437,100.0,0.006616819956328987,35,2023-01,2025-11,positive
N08000612,DERRYLIN,other-theft,1,0.02857142857142857,-0.11930326890956812,-100.0,-0.00170433241299383,35,2023-01,2025-11,negative
N08000612,DERRYLIN,violent-crime,1,0.02857142857142857,-0.11930326890956812,-100.0,-0.001503822717347497,35,2023-01,2025-11,negative
N08000613,DONAGH,anti-social-behaviour,40,1.1428571428571428,-0.26381743833267385,-40.00000000000001,-0.0089786607163641,35,2023-01,2025-11,negative
N08000613,DONAGH,burglary,1,0.02857142857142857,-0.1319087191663369,-100.0,-0.0018844102738048126,35,2023-01,2025-11,negative
N08000613,DONAGH,other-theft,1,0.02857142857142857,-0.1319087191663369,-100.0,-0.0017735626106398239,35,2023-01,2025-11,negative
N08000613,DONAGH,violent-crime,2,0.05714285714285714,0.0,0.0,0.0019952579369698015,35,2023-01,2025-11,positive
N08000614,DROMORE,anti-social-behaviour,77,2.2,0.23946360153256702,49.99999999999999,0.018513152387391728,35,2023-01,2025-11,positive
N08000614,DROMORE,vehicle-crime,1,0.02857142857142857,-0.11973180076628352,-100.0,-0.001509224379406935,35,2023-01,2025-11,negative
N08000614,DROMORE,violent-crime,2,0.05714285714285714,-0.11973180076628352,-100.0,-0.0011067645448984197,35,2023-01,2025-11,negative
N08000615,DRUMNAKILLY,anti-social-behaviour,32,0.9142857142857143,-0.314070351758794,-100.0,-0.010293061948397452,35,2023-01,2025-11,negative
N08000615,DRUMNAKILLY,criminal-damage-arson,1,0.02857142857142857,-0.10469011725293133,-100.0,-0.0013196233267176213,35,2023-01,2025-11,negative
N08000615,DRUMNAKILLY,other-crime,1,0.02857142857142857,-0.10469011725293133,-100.0,-0.0014955731036133042,35,2023-01,2025-11,negative
N08000615,DRUMNAKILLY,other-theft,1,0.02857142857142857,-0.10469011725293133,-100.0,-0.0014075982151654633,35,2023-01,2025-11,negative
N08000615,DRUMNAKILLY,violent-crime,3,0.08571428571428572,-0.314070351758794,-100.0,-0.004310769533944228,35,2023-01,2025-11,negative
N08000616,DRUMQUIN,anti-social-behaviour,49,1.4,-0.5727376861397482,-55.55555555555557,-0.011936045896021635,35,2023-01,2025-11,negative
N08000616,DRUMQUIN,violent-crime,3,0.08571428571428572,-0.34364261168384885,-100.0,-0.004909180166912126,35,2023-01,2025-11,negative
N08000617,EDERNEY and KESH,anti-social-behaviour,133,3.8,-0.1201634222542658,-11.11111111111111,-0.0055537716167937965,35,2023-01,2025-11,negative
N08000617,EDERNEY and KESH,criminal-damage-arson,2,0.05714285714285714,-0.1201634222542658,-100.0,-0.0030293299727966157,35,2023-01,2025-11,negative
N08000617,EDERNEY and KESH,drugs,2,0.05714285714285714,-0.1201634222542658,-100.0,-0.0015146649863983083,35,2023-01,2025-11,negative
N08000617,EDERNEY and KESH,other-crime,2,0.05714285714285714,0.0,0.0,-0.0009087989918389843,35,2023-01,2025-11,negative
N08000617,EDERNEY and KESH,other-theft,1,0.02857142857142857,-0.1201634222542658,-100.0,-0.0017166203179180823,35,2023-01,2025-11,negative
N08000617,EDERNEY and KESH,possession-of-weapons,1,0.02857142857142857,0.0,0.0,2.0487479876125284e-19,35,2023-01,2025-11,flat
N08000617,EDERNEY and KESH,vehicle-crime,1,0.02857142857142857,-0.1201634222542658,-100.0,-0.0017166203179180823,35,2023-01,2025-11,negative
N08000617,EDERNEY and KESH,violent-crime,8,0.22857142857142856,-0.600817111271329,-83.33333333333334,-0.009390922915669508,35,2023-01,2025-11,negative
N08000618,ERNE,anti-social-behaviour,351,10.028571428571428,-1.309757694826457,-38.70967741935484,-0.04338343064796321,35,2023-01,2025-11,negative
N08000618,ERNE,criminal-damage-arson,4,0.11428571428571428,0.0,0.0,-0.0022929931632115837,35,2023-01,2025-11,negative
N08000618,ERNE,drugs,3,0.08571428571428572,-0.3274394237066142,-100.0,-0.004677706052951631,35,2023-01,2025-11,negative
N08000618,ERNE,other-crime,1,0.02857142857142857,0.0,0.0,-0.0008254775387561699,35,2023-01,2025-11,negative
N08000618,ERNE,other-theft,3,0.08571428571428572,-0.3274394237066143,-100.0,-0.004585986326423167,35,2023-01,2025-11,negative
N08000618,ERNE,possession-of-weapons,1,0.02857142857142857,-0.10914647456887143,-100.0,-0.0015592353509838773,35,2023-01,2025-11,negative
N08000618,ERNE,shoplifting,4,0.11428571428571428,-0.4365858982754857,-100.0,-0.006236941403935509,35,2023-01,2025-11,negative
N08000618,ERNE,violent-crime,10,0.2857142857142857,-0.5457323728443572,-100.0,-0.007337578122277069,35,2023-01,2025-11,negative
N08000619,FAIRY WATER,anti-social-behaviour,18,0.5142857142857142,0.23590469450342064,0.0,0.0011894354344710294,35,2023-01,2025-11,positive
N08000619,FAIRY WATER,criminal-damage-arson,1,0.02857142857142857,-0.11795234725171032,-100.0,-0.0016850335321672897,35,2023-01,2025-11,negative
N08000619,FAIRY WATER,other-theft,1,0.02857142857142857,-0.11795234725171032,-100.0,-0.0016850335321672897,35,2023-01,2025-11,negative
N08000619,FAIRY WATER,vehicle-crime,1,0.02857142857142857,-0.11795234725171032,-100.0,-0.0016850335321672897,35,2023-01,2025-11,negative
N08000619,FAIRY WATER,violent-crime,2,0.05714285714285714,-0.23590469450342064,-100.0,-0.0033700670643345794,35,2023-01,2025-11,negative
N08000620,FINTONA,anti-social-behaviour,93,2.657142857142857,-0.5222613918266095,-25.00000000000001,-0.016567535749121433,35,2023-01,2025-11,negative
N08000620,FINTONA,burglary,1,0.02857142857142857,-0.13056534795665228,-100.0,-0.0018652192565236044,35,2023-01,2025-11,negative
N08000620,FINTONA,other-crime,1,0.02857142857142857,-0.13056534795665228,-100.0,-0.0018652192565236044,35,2023-01,2025-11,negative
N08000620,FINTONA,vehicle-crime,1,0.02857142857142857,-0.13056534795665228,-100.0,-0.0018652192565236044,35,2023-01,2025-11,negative
N08000620,FINTONA,violent-crime,8,0.22857142857142856,-0.783392087739914,-100.0,-0.00998440896139106,35,2023-01,2025-11,negative
N08000621,FLORENCE COURT and KINAWLEY,anti-social-behaviour,32,0.9142857142857143,-0.4624812117007747,-66.66666666666667,-0.01583706670319879,35,2023-01,2025-11,negative
N08000621,FLORENCE COURT and KINAWLEY,other-crime,1,0.02857142857142857,-0.11562030292519367,-100.0,-0.0016517186132170522,35,2023-01,2025-11,negative
N08000621,FLORENCE COURT and KINAWLEY,violent-crime,1,0.02857142857142857,-0.11562030292519367,-100.0,-0.0016517186132170522,35,2023-01,2025-11,negative
N08000622,GORTIN,anti-social-behaviour,104,2.9714285714285715,-0.30266343825665853,-24.999999999999993,-0.01831240970964656,35,2023-01,2025-11,negative
N08000622,GORTIN,criminal-damage-arson,2,0.05714285714285714,-0.20177562550443906,-100.0,-0.0028825089357777008,35,2023-01,2025-11,negative
N08000622,GORTIN,other-theft,1,0.02857142857142857,-0.10088781275221953,-100.0,-0.0012716951187254563,35,2023-01,2025-11,negative
N08000622,GORTIN,violent-crime,3,0.08571428571428572,-0.20177562550443906,-100.0,-0.004069424379921459,35,2023-01,2025-11,negative
N08000623,GORTRUSH,anti-social-behaviour,263,7.514285714285714,1.2433944668946229,52.17391304347828,0.010187475674136621,35,2023-01,2025-11,positive
N08000623,GORTRUSH,criminal-damage-arson,10,0.2857142857142857,-0.5180810278727592,-83.33333333333333,-0.008010664632654426,35,2023-01,2025-11,negative
N08000623,GORTRUSH,drugs,2,0.05714285714285714,-0.10361620557455185,-100.0,-0.0014802315082078812,35,2023-01,2025-11,negative
N08000623,GORTRUSH,other-theft,4,0.11428571428571428,-0.10361620557455185,-100.0,-0.0008707244165928727,35,2023-01,2025-11,negative
N08000623,GORTRUSH,shoplifting,2,0.05714285714285714,-0.2072324111491037,-100.0,-0.002612173249778617,35,2023-01,2025-11,negative
N08000623,GORTRUSH,violent-crime,12,0.34285714285714286,-1.1397782613200707,-100.0,-0.016717908798583155,35,2023-01,2025-11,negative
N08000624,IRVINESTOWN,anti-social-behaviour,236,6.742857142857143,-1.082570613128629,-45.83333333333333,-0.009841551028442046,35,2023-01,2025-11,negative
N08000624,IRVINESTOWN,criminal-damage-arson,2,0.05714285714285714,-0.19683102056884164,-100.0,-0.002811871722412022,35,2023-01,2025-11,negative
N08000624,IRVINESTOWN,drugs,6,0.17142857142857143,-0.590493061706525,-100.0,-0.008270210948270655,35,2023-01,2025-11,negative
N08000624,IRVINESTOWN,other-crime,1,0.02857142857142857,-0.09841551028442082,-100.0,-0.001405935861206011,35,2023-01,2025-11,negative
N08000624,IRVINESTOWN,other-theft,1,0.02857142857142857,0.0,0.0,1.3615720863292843e-19,35,2023-01,2025-11,flat
N08000624,IRVINESTOWN,possession-of-weapons,1,0.02857142857142857,-0.09841551028442082,-100.0,-0.001405935861206011,35,2023-01,2025-11,negative
N08000624,IRVINESTOWN,shoplifting,1,0.02857142857142857,-0.09841551028442082,-100.0,-0.001405935861206011,35,2023-01,2025-11,negative
N08000624,IRVINESTOWN,vehicle-crime,1,0.02857142857142857,-0.09841551028442082,-100.0,-0.001405935861206011,35,2023-01,2025-11,negative
N08000624,IRVINESTOWN,violent-crime,8,0.22857142857142856,-0.7873240822753665,-100.0,-0.011164784780165388,35,2023-01,2025-11,negative
N08000625,KILLYCLOGHER,anti-social-behaviour,121,3.4571428571428573,-0.4370151862777232,-44.44444444444444,-0.009548230960689756,35,2023-01,2025-11,negative
N08000625,KILLYCLOGHER,criminal-damage-arson,2,0.05714285714285714,0.0,0.0,-0.00018361982616710987,35,2023-01,2025-11,negative
N08000625,KILLYCLOGHER,drugs,1,0.02857142857142857,-0.1092537965694308,-100.0,-0.00156076852242044,35,2023-01,2025-11,negative
N08000625,KILLYCLOGHER,possession-of-weapons,1,0.02857142857142857,0.0,0.0,0.0011017189570026629,35,2023-01,2025-11,positive
N08000625,KILLYCLOGHER,violent-crime,12,0.34285714285714286,-0.546268982847154,-100.0,-0.008721941742937748,35,2023-01,2025-11,negative
N08000626,LISBELLAW,anti-social-behaviour,91,2.6,-0.7632755424708318,-77.77777777777777,-0.0006414080188830544,35,2023-01,2025-11,negative
N08000626,LISBELLAW,criminal-damage-arson,1,0.02857142857142857,-0.10903936321011885,-100.0,-0.0014660754717326894,35,2023-01,2025-11,negative
N08000626,LISBELLAW,drugs,3,0.08571428571428572,-0.32711808963035655,-100.0,-0.004489856132181363,35,2023-01,2025-11,negative
N08000626,LISBELLAW,other-theft,2,0.05714285714285714,-0.10903936321011885,-100.0,-0.002748891509498794,35,2023-01,2025-11,negative
N08000626,LISBELLAW,violent-crime,5,0.14285714285714285,-0.5451968160505942,-100.0,-0.007788525943579919,35,2023-01,2025-11,negative
N08000627,LISNARRICK,anti-social-behaviour,146,4.171428571428572,-0.2979737783075088,-27.272727272727266,-0.003004777596378247,35,2023-01,2025-11,negative
N08000627,LISNARRICK,criminal-damage-arson,3,0.08571428571428572,-0.29797377830750893,-100.0,-0.00408983617284816,35,2023-01,2025-11,negative
N08000627,LISNARRICK,drugs,3,0.08571428571428572,-0.29797377830750893,-100.0,-0.0037559719954728013,35,2023-01,2025-11,negative
N08000627,LISNARRICK,other-theft,2,0.05714285714285714,-0.1986491855383393,-100.0,-0.002837845507690561,35,2023-01,2025-11,negative
N08000627,LISNARRICK,violent-crime,3,0.08571428571428572,-0.29797377830750893,-100.0,-0.004256768261535841,35,2023-01,2025-11,negative
N08000628,LISNASKEA,anti-social-behaviour,158,4.514285714285714,-1.13421550094518,-45.00000000000001,-0.02817005819340969,35,2023-01,2025-11,negative
N08000628,LISNASKEA,burglary,1,0.02857142857142857,0.0,0.0,-0.00021180494882262906,35,2023-01,2025-11,negative
N08000628,LISNASKEA,criminal-damage-arson,4,0.11428571428571428,-0.3780718336483932,-100.0,-0.004871513822920471,35,2023-01,2025-11,negative
N08000628,LISNASKEA,drugs,2,0.05714285714285714,0.1260239445494644,0.0,0.00137673216734709,35,2023-01,2025-11,positive
N08000628,LISNASKEA,other-theft,4,0.11428571428571428,-0.1260239445494644,-100.0,0.0008472197952905156,35,2023-01,2025-11,positive
N08000628,LISNASKEA,public-order,2,0.05714285714285714,-0.1260239445494644,-100.0,-0.001588537116169719,35,2023-01,2025-11,negative
N08000628,LISNASKEA,shoplifting,23,0.6571428571428571,0.6301197227473221,250.00000000000006,0.006989563311146766,35,2023-01,2025-11,positive
N08000628,LISNASKEA,vehicle-crime,2,0.05714285714285714,0.0,0.0,1.0185737747833623e-19,35,2023-01,2025-11,flat
N08000628,LISNASKEA,violent-crime,13,0.37142857142857144,-1.260239445494644,-100.0,-0.016944395905810337,35,2023-01,2025-11,negative
N08000629,MAGUIRESBRIDGE,anti-social-behaviour,62,1.7714285714285714,0.10104071940992221,25.0,0.001273622513570447,35,2023-01,2025-11,positive
N08000629,MAGUIRESBRIDGE,criminal-damage-arson,1,0.02857142857142857,-0.10104071940992221,-100.0,-0.0012736225135704475,35,2023-01,2025-11,negative
N08000629,MAGUIRESBRIDGE,drugs,1,0.02857142857142857,-0.10104071940992221,-100.0,-0.0014434388487131742,35,2023-01,2025-11,negative
N08000629,MAGUIRESBRIDGE,violent-crime,5,0.14285714285714285,-0.505203597049611,-100.0,-0.007047377908423144,35,2023-01,2025-11,negative
N08000630,NEWTOWNBUTLER,anti-social-behaviour,85,2.4285714285714284,1.5582391897156214,600.0,0.04615792557771062,35,2023-01,2025-11,positive
N08000630,NEWTOWNBUTLER,burglary,2,0.05714285714285714,-0.2597065316192702,-100.0,-0.00349185252597338,35,2023-01,2025-11,negative
N08000630,NEWTOWNBUTLER,other-theft,1,0.02857142857142857,-0.1298532658096351,-100.0,-0.0018550466544233588,35,2023-01,2025-11,negative
N08000630,NEWTOWNBUTLER,violent-crime,1,0.02857142857142857,-0.1298532658096351,-100.0,-0.0018550466544233588,35,2023-01,2025-11,negative
N08000631,NEWTOWNSAVILLE,anti-social-behaviour,30,0.8571428571428571,0.22393908856790953,0.0,0.0022582092964831216,35,2023-01,2025-11,positive
N08000631,NEWTOWNSAVILLE,other-crime,1,0.02857142857142857,0.0,0.0,-0.0009409205402013003,35,2023-01,2025-11,negative
N08000631,NEWTOWNSAVILLE,other-theft,1,0.02857142857142857,-0.11196954428395477,-100.0,-0.0015995649183422108,35,2023-01,2025-11,negative
N08000631,NEWTOWNSAVILLE,violent-crime,9,0.2571428571428571,-0.11196954428395477,-100.0,0.0015054728643220793,35,2023-01,2025-11,positive
N08000632,OWENKILLEW,anti-social-behaviour,50,1.4285714285714286,0.8648381517173213,139.99999999999997,0.008721056992107437,35,2023-01,2025-11,positive
N08000632,OWENKILLEW,burglary,1,0.02857142857142857,0.0,0.0,-0.0007267547493422868,35,2023-01,2025-11,negative
N08000632,OWENKILLEW,criminal-damage-arson,4,0.11428571428571428,-0.49419322955275513,-100.0,-0.006540792744080581,35,2023-01,2025-11,negative
N08000632,OWENKILLEW,other-theft,2,0.05714285714285714,0.0,0.0,-0.0013496873916356749,35,2023-01,2025-11,negative
N08000632,OWENKILLEW,public-order,1,0.02857142857142857,0.0,0.0,0.0003114663211466942,35,2023-01,2025-11,positive
N08000632,OWENKILLEW,violent-crime,12,0.34285714285714286,-1.1119347664936992,-100.0,-0.013393051809307853,35,2023-01,2025-11,negative
N08000633,PORTORA,anti-social-behaviour,477,13.628571428571428,-0.4186289900575604,-13.3333333333333,-0.059716194169975624,35,2023-01,2025-11,negative
N08000633,PORTORA,burglary,3,0.08571428571428572,-0.3139717425431711,-100.0,-0.004485310607759586,35,2023-01,2025-11,negative
N08000633,PORTORA,criminal-damage-arson,5,0.14285714285714285,-0.4186289900575615,-100.0,-0.00668399227822997,35,2023-01,2025-11,negative
N08000633,PORTORA,drugs,2,0.05714285714285714,-0.10465724751439037,-100.0,-0.00043973633409407736,35,2023-01,2025-11,negative
N08000633,PORTORA,other-crime,2,0.05714285714285714,-0.10465724751439037,-100.0,-0.0012312617354634165,35,2023-01,2025-11,negative
N08000633,PORTORA,other-theft,5,0.14285714285714285,-0.5232862375719519,-100.0,-0.00729962314596168,35,2023-01,2025-11,negative
N08000633,PORTORA,possession-of-weapons,1,0.02857142857142857,-0.10465724751439037,-100.0,-0.001495103535919862,35,2023-01,2025-11,negative
N08000633,PORTORA,robbery,1,0.02857142857142857,-0.10465724751439037,-100.0,-0.001495103535919862,35,2023-01,2025-11,negative
N08000633,PORTORA,shoplifting,9,0.2571428571428571,-0.9419152276295133,-100.0,-0.013192090022822315,35,2023-01,2025-11,negative
N08000633,PORTORA,vehicle-crime,1,0.02857142857142857,-0.10465724751439037,-100.0,-0.001495103535919862,35,2023-01,2025-11,negative
N08000633,PORTORA,violent-crime,15,0.42857142857142855,-1.3605442176870748,-100.0,-0.019876082301052284,35,2023-01,2025-11,negative
N08000634,ROSSLEA,anti-social-behaviour,56,1.6,0.429000429000429,100.0,0.014179846112619215,35,2023-01,2025-11,positive
N08000634,ROSSLEA,burglary,1,0.02857142857142857,-0.143000143000143,-100.0,-0.0020428591857163283,35,2023-01,2025-11,negative
N08000634,ROSSLEA,other-crime,1,0.02857142857142857,0.0,0.0,0.0008411773117655468,35,2023-01,2025-11,positive
N08000634,ROSSLEA,other-theft,1,0.02857142857142857,-0.143000143000143,-100.0,-0.0020428591857163283,35,2023-01,2025-11,negative
N08000635,ROSSORRY,anti-social-behaviour,173,4.942857142857143,-0.2621575566915715,-18.181818181818173,-0.02599545520134909,35,2023-01,2025-11,negative
N08000635,ROSSORRY,criminal-damage-arson,3,0.08571428571428572,-0.3932363350373575,-100.0,-0.005617661929105106,35,2023-01,2025-11,negative
N08000635,ROSSORRY,drugs,2,0.05714285714285714,-0.26215755669157165,-100.0,-0.0035248074849286923,35,2023-01,2025-11,negative
N08000635,ROSSORRY,other-theft,3,0.08571428571428572,-0.3932363350373575,-100.0,-0.005617661929105106,35,2023-01,2025-11,negative
N08000635,ROSSORRY,shoplifting,1,0.02857142857142857,-0.13107877834578582,-100.0,-0.0018725539763683686,35,2023-01,2025-11,negative
N08000635,ROSSORRY,violent-crime,1,0.02857142857142857,0.0,0.0,-0.0008812018712321731,35,2023-01,2025-11,negative
N08000636,SIXMILECROSS,anti-social-behaviour,32,0.9142857142857143,0.3536067892503536,150.0,0.0009904952079841847,35,2023-01,2025-11,positive
N08000636,SIXMILECROSS,criminal-damage-arson,4,0.11428571428571428,-0.47147571900047147,-100.0,-0.006537268372695612,35,2023-01,2025-11,negative
N08000636,SIXMILECROSS,other-crime,1,0.02857142857142857,-0.11786892975011787,-100.0,-0.0016838418535731119,35,2023-01,2025-11,negative
N08000636,SIXMILECROSS,other-theft,1,0.02857142857142857,-0.11786892975011787,-100.0,-0.0016838418535731119,35,2023-01,2025-11,negative
N08000636,SIXMILECROSS,violent-crime,2,0.05714285714285714,-0.23573785950023574,-100.0,-0.0033676837071462237,35,2023-01,2025-11,negative
N08000637,STRULE,anti-social-behaviour,361,10.314285714285715,2.69269606193201,92.30769230769232,0.022910544224421493,35,2023-01,2025-11,positive
N08000637,STRULE,criminal-damage-arson,11,0.3142857142857143,-0.3365870077415012,-100.0,-0.0074482839248119275,35,2023-01,2025-11,negative
N08000637,STRULE,drugs,4,0.11428571428571428,-0.22439133849433412,-100.0,-0.002451333949938103,35,2023-01,2025-11,negative
N08000637,STRULE,other-theft,4,0.11428571428571428,-0.3365870077415012,-100.0,-0.003582718849909536,35,2023-01,2025-11,negative
N08000637,STRULE,possession-of-weapons,2,0.05714285714285714,-0.11219566924716706,-100.0,-0.001414231124964291,35,2023-01,2025-11,negative
N08000637,STRULE,shoplifting,2,0.05714285714285714,-0.22439133849433412,-100.0,-0.0031113084749214395,35,2023-01,2025-11,negative
N08000637,STRULE,violent-crime,24,0.6857142857142857,-1.0097610232245036,-100.0,-0.01291664427467385,35,2023-01,2025-11,negative
N08000638,TEMPO,anti-social-behaviour,47,1.3428571428571427,-0.463284688441047,-66.66666666666666,-0.008564927013195825,35,2023-01,2025-11,negative
N08000638,TEMPO,burglary,1,0.02857142857142857,-0.11582117211026176,-100.0,-0.0015572594569446972,35,2023-01,2025-11,negative
N08000638,TEMPO,violent-crime,3,0.08571428571428572,-0.34746351633078526,-100.0,-0.004866435802952172,35,2023-01,2025-11,negative
N08000639,TERMON,anti-social-behaviour,27,0.7714285714285715,0.3705075954057058,0.0,0.002179456443562977,35,2023-01,2025-11,positive
N08000639,TERMON,criminal-damage-arson,1,0.02857142857142857,0.0,0.0,0.0010378364016966546,35,2023-01,2025-11,positive
N08000639,TERMON,violent-crime,2,0.05714285714285714,-0.12350253180190195,-100.0,-0.0010378364016966543,35,2023-01,2025-11,negative
N08000640,TRILLICK,anti-social-behaviour,36,1.0285714285714285,0.522466039707419,0.0,0.012073795035255477,35,2023-01,2025-11,positive
N08000640,TRILLICK,burglary,1,0.02857142857142857,-0.13061650992685475,-100.0,-0.00186595014181221,35,2023-01,2025-11,negative
N08000640,TRILLICK,criminal-damage-arson,2,0.05714285714285714,-0.2612330198537095,-100.0,-0.00373190028362442,35,2023-01,2025-11,negative
N08000640,TRILLICK,other-theft,2,0.05714285714285714,-0.2612330198537095,-100.0,-0.00373190028362442,35,2023-01,2025-11,negative
N08000640,TRILLICK,violent-crime,1,0.02857142857142857,-0.13061650992685475,-100.0,-0.00186595014181221,35,2023-01,2025-11,negative
N08000701,BALLINDERRY,anti-social-behaviour,118,3.3714285714285714,0.2550369803621524,42.85714285714283,-0.012859007413217759,35,2023-01,2025-11,negative
N08000701,BALLINDERRY,burglary,1,0.02857142857142857,-0.08501232678738417,-100.0,-0.001214461811248345,35,2023-01,2025-11,negative
N08000701,BALLINDERRY,criminal-damage-arson,1,0.02857142857142857,0.0,0.0,0.0007858282308077525,35,2023-01,2025-11,positive
N08000701,BALLINDERRY,drugs,2,0.05714285714285714,-0.08501232678738417,-100.0,-0.0006429503706608885,35,2023-01,2025-11,negative
N08000701,BALLINDERRY,other-crime,2,0.05714285714285714,-0.17002465357476834,-100.0,-0.00242892362249669,35,2023-01,2025-11,negative
N08000701,BALLINDERRY,violent-crime,4,0.11428571428571428,-0.2550369803621525,-100.0,-0.002928996133010714,35,2023-01,2025-11,negative
N08000702,BALLYHANWOOD,anti-social-behaviour,129,3.6857142857142855,0.5504183179216204,50.0,0.006845538743899156,35,2023-01,2025-11,positive
N08000702,BALLYHANWOOD,burglary,1,0.02857142857142857,0.0,0.0,0.0012025946441984983,35,2023-01,2025-11,positive
N08000702,BALLYHANWOOD,criminal-damage-arson,5,0.14285714285714285,-0.5504183179216204,-100.0,-0.007863118827451717,35,2023-01,2025-11,negative
N08000702,BALLYHANWOOD,drugs,4,0.11428571428571428,-0.44033465433729635,-100.0,-0.006197987781638413,35,2023-01,2025-11,negative
N08000702,BALLYHANWOOD,other-crime,1,0.02857142857142857,-0.11008366358432409,-100.0,-0.0015726237654903434,35,2023-01,2025-11,negative
N08000702,BALLYHANWOOD,other-theft,3,0.08571428571428572,-0.33025099075297226,-100.0,-0.00462536401614807,35,2023-01,2025-11,negative
N08000702,BALLYHANWOOD,possession-of-weapons,1,0.02857142857142857,-0.11008366358432409,-100.0,-0.0015726237654903434,35,2023-01,2025-11,negative
N08000702,BALLYHANWOOD,shoplifting,2,0.05714285714285714,-0.22016732716864817,-100.0,-0.0030527402506577276,35,2023-01,2025-11,negative
N08000702,BALLYHANWOOD,violent-crime,12,0.34285714285714286,-1.1008366358432409,-100.0,-0.013321048366506442,35,2023-01,2025-11,negative
N08000703,BALLYMACASH,anti-social-behaviour,145,4.142857142857143,-0.10625863351397302,-9.090909090909092,-0.015358390726389382,35,2023-01,2025-11,negative
N08000703,BALLYMACASH,criminal-damage-arson,2,0.05714285714285714,0.0,0.0,-0.0008929296933947309,35,2023-01,2025-11,negative
N08000703,BALLYMACASH,shoplifting,1,0.02857142857142857,-0.10625863351397301,-100.0,-0.001517980478771043,35,2023-01,2025-11,negative
N08000703,BALLYMACASH,vehicle-crime,1,0.02857142857142857,0.0,0.0,-0.00017858593867894592,35,2023-01,2025-11,negative
N08000703,BALLYMACASH,violent-crime,7,0.2,-0.212517267027946,-66.66666666666666,-0.0024109101721657726,35,2023-01,2025-11,negative
N08000704,BALLYMACBRENNAN,anti-social-behaviour,28,0.8,0.21637996321540626,200.00000000000006,-0.0012728233130317992,35,2023-01,2025-11,negative
N08000704,BALLYMACBRENNAN,other-theft,1,0.02857142857142857,0.0,0.0,-0.0005454957055850573,35,2023-01,2025-11,negative
N08000704,BALLYMACBRENNAN,violent-crime,2,0.05714285714285714,-0.21637996321540623,-100.0,-0.0030002263807178153,35,2023-01,2025-11,negative
N08000705,BALLYMACOSS,anti-social-behaviour,312,8.914285714285715,-0.39051603905160415,-36.842105263157904,-0.006469533420062569,35,2023-01,2025-11,negative
N08000705,BALLYMACOSS,criminal-damage-arson,4,0.11428571428571428,-0.22315202231520226,-100.0,-0.0030941246791603674,35,2023-01,2025-11,negative
N08000705,BALLYMACOSS,violent-crime,4,0.11428571428571428,-0.22315202231520226,-100.0,-0.0031410053561173423,35,2023-01,2025-11,negative
N08000706,BEECHILL,anti-social-behaviour,106,3.0285714285714285,-0.5910165484633572,-40.000000000000014,-0.0068703604373191425,35,2023-01,2025-11,negative
N08000706,BEECHILL,burglary,2,0.05714285714285714,-0.1970055161544523,-100.0,-0.0026488136625808707,35,2023-01,2025-11,negative
N08000706,BEECHILL,shoplifting,2,0.05714285714285714,-0.1970055161544523,-100.0,-0.0028143645164921756,35,2023-01,2025-11,negative
N08000706,BEECHILL,violent-crime,6,0.17142857142857143,-0.39401103230890466,-80.0,-0.005711504459940002,35,2023-01,2025-11,negative
N08000707,BLARIS,anti-social-behaviour,219,6.257142857142857,0.1952171791117614,13.3333333333333,-0.005741681738581229,35,2023-01,2025-11,negative
N08000707,BLARIS,criminal-damage-arson,2,0.05714285714285714,-0.09760858955588092,-100.0,-0.0002460720745106245,35,2023-01,2025-11,negative
N08000707,BLARIS,drugs,4,0.11428571428571428,-0.3904343582235237,-100.0,-0.005495609664070605,35,2023-01,2025-11,negative
N08000707,BLARIS,other-crime,3,0.08571428571428572,-0.19521717911176184,-100.0,-0.003198936968638114,35,2023-01,2025-11,negative
N08000707,BLARIS,other-theft,1,0.02857142857142857,0.0,0.0,0.0004921441490212482,35,2023-01,2025-11,positive
N08000707,BLARIS,public-order,2,0.05714285714285714,-0.19521717911176184,-100.0,-0.002460720745106241,35,2023-01,2025-11,negative
N08000707,BLARIS,shoplifting,5,0.14285714285714285,-0.4880429477794046,-100.0,-0.006972042111134351,35,2023-01,2025-11,negative
N08000707,BLARIS,vehicle-crime,1,0.02857142857142857,-0.09760858955588092,-100.0,-0.001312384397389995,35,2023-01,2025-11,negative
N08000707,BLARIS,violent-crime,6,0.17142857142857143,-0.29282576866764276,-100.0,-0.002706792819616865,35,2023-01,2025-11,negative
N08000708,CAIRNSHILL,anti-social-behaviour,38,1.0857142857142856,0.2846569883290635,300.0,0.0016744528725238998,35,2023-01,2025-11,positive
N08000708,CAIRNSHILL,violent-crime,4,0.11428571428571428,-0.379542651105418,-100.0,-0.005103094468644275,35,2023-01,2025-11,negative
N08000709,CARROWREAGH,anti-social-behaviour,132,3.7714285714285714,0.2721532767254518,100.0,0.0036134636741698718,35,2023-01,2025-11,positive
N08000709,CARROWREAGH,criminal-damage-arson,3,0.08571428571428572,-0.05443065534509036,-100.0,-0.0004116604185763136,35,2023-01,2025-11,negative
N08000709,CARROWREAGH,drugs,2,0.05714285714285714,-0.10886131069018072,-100.0,-0.0015551615812882957,35,2023-01,2025-11,negative
N08000709,CARROWREAGH,other-crime,1,0.02857142857142857,0.0,0.0,-0.00036592037206783416,35,2023-01,2025-11,negative
N08000709,CARROWREAGH,other-theft,2,0.05714285714285714,-0.10886131069018072,-100.0,-0.0015094215347798154,35,2023-01,2025-11,negative
N08000709,CARROWREAGH,violent-crime,6,0.17142857142857143,-0.2721532767254518,-100.0,-0.003933643999729219,35,2023-01,2025-11,negative
N08000710,CARRYDUFF EAST,anti-social-behaviour,117,3.342857142857143,0.3487662394280233,44.44444444444444,-0.006081428124480236,35,2023-01,2025-11,negative
N08000710,CARRYDUFF EAST,burglary,1,0.02857142857142857,0.0,0.0,0.0003663510918361587,35,2023-01,2025-11,positive
N08000710,CARRYDUFF EAST,violent-crime,4,0.11428571428571428,-0.3487662394280233,-100.0,-0.004762564193870066,35,2023-01,2025-11,negative
N08000711,CARRYDUFF WEST,anti-social-behaviour,121,3.4571428571428573,0.19894558838157772,25.000000000000018,0.0008359058335360376,35,2023-01,2025-11,positive
N08000712,DERRYAGHY,anti-social-behaviour,287,8.2,1.080613788631943,100.0,0.030874679675198358,35,2023-01,2025-11,positive
N08000712,DERRYAGHY,burglary,1,0.02857142857142857,-0.07204091924212953,-100.0,-0.0010291559891732786,35,2023-01,2025-11,negative
N08000712,DERRYAGHY,criminal-damage-arson,1,0.02857142857142857,0.0,0.0,0.0002421543503937126,35,2023-01,2025-11,positive
N08000712,DERRYAGHY,drugs,2,0.05714285714285714,-0.07204091924212953,-100.0,-0.001513464689960704,35,2023-01,2025-11,negative
N08000712,DERRYAGHY,public-order,1,0.02857142857142857,-0.07204091924212953,-100.0,-0.0009686174015748499,35,2023-01,2025-11,negative
N08000712,DERRYAGHY,violent-crime,7,0.2,-0.5042864346949067,-100.0,-0.007083014749016095,35,2023-01,2025-11,negative
N08000713,DROMARA,anti-social-behaviour,68,1.9428571428571428,0.5780346820809248,199.99999999999994,-0.001295315814186944,35,2023-01,2025-11,negative
N08000713,DROMARA,other-theft,1,0.02857142857142857,-0.09633911368015415,-100.0,-0.0013762730525736305,35,2023-01,2025-11,negative
N08000713,DROMARA,violent-crime,4,0.11428571428571428,-0.3853564547206166,-100.0,-0.005505092210294522,35,2023-01,2025-11,negative
N08000714,DRUMBO,anti-social-behaviour,92,2.6285714285714286,-0.6581112207963146,-100.0,-0.005069484193809139,35,2023-01,2025-11,negative
N08000714,DRUMBO,criminal-damage-arson,1,0.02857142857142857,-0.10968520346605243,-100.0,-0.0015669314780864627,35,2023-01,2025-11,negative
N08000714,DRUMBO,drugs,1,0.02857142857142857,-0.10968520346605243,-100.0,-0.001382586598311585,35,2023-01,2025-11,negative
N08000714,DRUMBO,other-theft,2,0.05714285714285714,-0.10968520346605243,-100.0,-0.000276517319662317,35,2023-01,2025-11,negative
N08000714,DRUMBO,violent-crime,3,0.08571428571428572,-0.21937040693210486,-100.0,-0.0021199661174110965,35,2023-01,2025-11,negative
N08000715,DUNDONALD,anti-social-behaviour,289,8.257142857142858,0.5367686527106819,22.727272727272734,0.0010825586273156703,35,2023-01,2025-11,positive
N08000715,DUNDONALD,criminal-damage-arson,2,0.05714285714285714,-0.21470746108427266,-100.0,-0.0028868230061750936,35,2023-01,2025-11,negative
N08000715,DUNDONALD,drugs,2,0.05714285714285714,-0.21470746108427266,-100.0,-0.0030672494440610373,35,2023-01,2025-11,negative
N08000715,DUNDONALD,violent-crime,12,0.34285714285714286,-1.1808910359634999,-100.0,-0.01777200413176542,35,2023-01,2025-11,negative
N08000716,ENLER,anti-social-behaviour,200,5.714285714285714,0.7280291211648462,49.999999999999964,0.040290687257742396,35,2023-01,2025-11,positive
N08000716,ENLER,criminal-damage-arson,3,0.08571428571428572,-0.31201248049922,-100.0,-0.004457321149988857,35,2023-01,2025-11,negative
N08000716,ENLER,other-theft,2,0.05714285714285714,-0.20800832033281333,-100.0,-0.002971547433325904,35,2023-01,2025-11,negative
N08000716,ENLER,violent-crime,5,0.14285714285714285,-0.5200208008320333,-100.0,-0.0074288685833147575,35,2023-01,2025-11,negative
N08000717,GALWALLY,anti-social-behaviour,99,2.8285714285714287,-0.10964912280701766,-12.500000000000014,-0.0033171163202122874,35,2023-01,2025-11,negative
N08000717,GALWALLY,criminal-damage-arson,2,0.05714285714285714,-0.21929824561403508,-100.0,-0.0031328320802005006,35,2023-01,2025-11,negative
N08000717,GALWALLY,drugs,1,0.02857142857142857,-0.10964912280701754,-100.0,-0.0013821318000884558,35,2023-01,2025-11,negative
N08000717,GALWALLY,other-theft,1,0.02857142857142857,-0.10964912280701754,-100.0,-0.0015664160401002503,35,2023-01,2025-11,negative
N08000717,GALWALLY,violent-crime,5,0.14285714285714285,-0.5482456140350876,-100.0,-0.00783208020050125,35,2023-01,2025-11,negative
N08000718,GLENAVY,anti-social-behaviour,106,3.0285714285714285,0.6537550053117593,160.0,0.013390990129810197,35,2023-01,2025-11,positive
N08000718,GLENAVY,burglary,1,0.02857142857142857,-0.08171937566396992,-100.0,-0.0011674196523424273,35,2023-01,2025-11,negative
N08000718,GLENAVY,criminal-damage-arson,1,0.02857142857142857,-0.08171937566396992,-100.0,-0.0011674196523424273,35,2023-01,2025-11,negative
N08000718,GLENAVY,other-crime,1,0.02857142857142857,-0.08171937566396992,-100.0,-0.0010300761638315531,35,2023-01,2025-11,negative
N08000718,GLENAVY,other-theft,1,0.02857142857142857,-0.08171937566396992,-100.0,-0.0011674196523424273,35,2023-01,2025-11,negative
N08000718,GLENAVY,violent-crime,11,0.3142857142857143,-0.8989131323036692,-100.0,-0.012841616175766698,35,2023-01,2025-11,negative
N08000719,GRAHAM'S BRIDGE,anti-social-behaviour,224,6.4,-0.4025764895330113,-19.047619047619047,0.00972611266728913,35,2023-01,2025-11,positive
N08000719,GRAHAM'S BRIDGE,burglary,1,0.02857142857142857,-0.10064412238325282,-100.0,-0.0014377731769036107,35,2023-01,2025-11,negative
N08000719,GRAHAM'S BRIDGE,criminal-damage-arson,4,0.11428571428571428,-0.4025764895330113,-100.0,-0.005751092707614443,35,2023-01,2025-11,negative
N08000719,GRAHAM'S BRIDGE,drugs,2,0.05714285714285714,-0.20128824476650564,-100.0,-0.002706396568289151,35,2023-01,2025-11,negative
N08000719,GRAHAM'S BRIDGE,other-theft,4,0.11428571428571428,-0.4025764895330113,-100.0,-0.005666517814855411,35,2023-01,2025-11,negative
N08000719,GRAHAM'S BRIDGE,shoplifting,16,0.45714285714285713,-1.6103059581320451,-100.0,-0.02300437083045777,35,2023-01,2025-11,negative
N08000719,GRAHAM'S BRIDGE,vehicle-crime,1,0.02857142857142857,-0.10064412238325282,-100.0,-0.0014377731769036107,35,2023-01,2025-11,negative
N08000719,GRAHAM'S BRIDGE,violent-crime,3,0.08571428571428572,-0.20128824476650564,-100.0,-0.0028755463538072223,35,2023-01,2025-11,negative
N08000720,HARMONY HILL,anti-social-behaviour,88,2.5142857142857142,-1.5442311934701083,-87.50000000000001,-0.024563101216661394,35,2023-01,2025-11,negative
N08000720,HARMONY HILL,bicycle-theft,1,0.02857142857142857,-0.11030222810500773,-100.0,-0.0015757461157858243,35,2023-01,2025-11,negative
N08000720,HARMONY HILL,criminal-damage-arson,5,0.14285714285714285,-0.5515111405250387,-100.0,-0.00787873057892912,35,2023-01,2025-11,negative
N08000720,HARMONY HILL,drugs,1,0.02857142857142857,-0.11030222810500773,-100.0,-0.0015757461157858243,35,2023-01,2025-11,negative
N08000720,HARMONY HILL,other-theft,1,0.02857142857142857,-0.11030222810500773,-100.0,-0.0015757461157858243,35,2023-01,2025-11,negative
N08000720,HARMONY HILL,violent-crime,11,0.3142857142857143,-0.9927200529450695,-100.0,-0.012235205134336987,35,2023-01,2025-11,negative
N08000721,HILDEN,anti-social-behaviour,1096,31.314285714285713,-8.881784197001252e-16,-1.3160780482290714e-14,-0.060300901498477215,35,2023-01,2025-11,negative
N08000721,HILDEN,bicycle-theft,1,0.02857142857142857,-0.085426277122843,-100.0,-0.0012203753874691855,35,2023-01,2025-11,negative
N08000721,HILDEN,burglary,1,0.02857142857142857,-0.085426277122843,-100.0,-0.0012203753874691855,35,2023-01,2025-11,negative
N08000721,HILDEN,criminal-damage-arson,6,0.17142857142857143,-0.341705108491372,-100.0,-0.0036611261624075564,35,2023-01,2025-11,negative
N08000721,HILDEN,drugs,10,0.2857142857142857,-0.768836494105587,-100.0,-0.011701246362204544,35,2023-01,2025-11,negative
N08000721,HILDEN,other-crime,2,0.05714285714285714,-0.170852554245686,-100.0,-0.0022971771999419958,35,2023-01,2025-11,negative
N08000721,HILDEN,other-theft,5,0.14285714285714285,-0.25627883136852897,-75.0,-0.0037329129499057436,35,2023-01,2025-11,negative
N08000721,HILDEN,shoplifting,8,0.22857142857142856,-0.683410216982744,-100.0,-0.009475855949760735,35,2023-01,2025-11,negative
N08000721,HILDEN,vehicle-crime,1,0.02857142857142857,-0.085426277122843,-100.0,-0.0011485885999709987,35,2023-01,2025-11,negative
N08000721,HILDEN,violent-crime,34,0.9714285714285714,-2.733640867930976,-100.0,-0.03747270307405381,35,2023-01,2025-11,negative
N08000722,HILLHALL,anti-social-behaviour,153,4.371428571428571,-0.08200082000819997,-9.09090909090908,-0.018260686808548754,35,2023-01,2025-11,negative
N08000722,HILLHALL,criminal-damage-arson,1,0.02857142857142857,-0.08200082000820007,-100.0,-0.0011714402858314294,35,2023-01,2025-11,negative
N08000722,HILLHALL,drugs,2,0.05714285714285714,-0.08200082000820007,-100.0,-0.0015159815463700853,35,2023-01,2025-11,negative
N08000722,HILLHALL,other-crime,1,0.02857142857142857,-0.08200082000820007,-100.0,-0.0010336237816159668,35,2023-01,2025-11,negative
N08000722,HILLHALL,other-theft,2,0.05714285714285714,-0.08200082000820007,-100.0,-0.0006201742689695805,35,2023-01,2025-11,negative
N08000722,HILLHALL,violent-crime,8,0.22857142857142856,-0.6560065600656007,-100.0,-0.008958072774005049,35,2023-01,2025-11,negative
N08000723,HILLSBOROUGH,anti-social-behaviour,122,3.4857142857142858,-0.10064412238325282,-11.11111111111111,-0.016914978551807187,35,2023-01,2025-11,negative
N08000723,HILLSBOROUGH,burglary,1,0.02857142857142857,0.0,0.0,-8.457489275903577e-05,35,2023-01,2025-11,negative
N08000723,HILLSBOROUGH,other-theft,2,0.05714285714285714,-0.20128824476650564,-100.0,-0.0028755463538072215,35,2023-01,2025-11,negative
N08000723,HILLSBOROUGH,violent-crime,5,0.14285714285714285,-0.5032206119162641,-100.0,-0.007188865884518057,35,2023-01,2025-11,negative
N08000724,KNOCKBRACKEN,anti-social-behaviour,59,1.6857142857142857,0.0,0.0,0.001664502813009751,35,2023-01,2025-11,positive
N08000724,KNOCKBRACKEN,other-theft,5,0.14285714285714285,-0.47160913035276364,-100.0,-0.006658011252039014,35,2023-01,2025-11,negative
N08000724,KNOCKBRACKEN,shoplifting,1,0.02857142857142857,-0.09432182607055273,-100.0,-0.0011889305807212527,35,2023-01,2025-11,negative
N08000724,KNOCKBRACKEN,violent-crime,4,0.11428571428571428,-0.3772873042822109,-100.0,-0.005310556593888265,35,2023-01,2025-11,negative
N08000725,KNOCKMORE,anti-social-behaviour,254,7.257142857142857,0.07156147130384993,5.882352941176464,0.0031871915790790254,35,2023-01,2025-11,positive
N08000725,KNOCKMORE,criminal-damage-arson,2,0.05714285714285714,-0.1431229426077,-100.0,-0.0019243420854816798,35,2023-01,2025-11,negative
N08000725,KNOCKMORE,drugs,1,0.02857142857142857,0.0,0.0,-0.000360814141027815,35,2023-01,2025-11,negative
N08000725,KNOCKMORE,shoplifting,1,0.02857142857142857,-0.07156147130385,-100.0,-0.0010223067329121426,35,2023-01,2025-11,negative
N08000725,KNOCKMORE,violent-crime,15,0.42857142857142855,-1.07342206955775,-100.0,-0.014793379782140424,35,2023-01,2025-11,negative
N08000726,LAGAN,anti-social-behaviour,39,1.1142857142857143,0.09586808551433226,49.99999999999999,-0.004994807816713111,35,2023-01,2025-11,negative
N08000726,LAGAN,criminal-damage-arson,1,0.02857142857142857,-0.09586808551433228,-100.0,-0.0013695440787761751,35,2023-01,2025-11,negative
N08000726,LAGAN,other-theft,3,0.08571428571428572,-0.2876042565429968,-100.0,-0.003866947987132731,35,2023-01,2025-11,negative
N08000726,LAGAN,shoplifting,1,0.02857142857142857,-0.09586808551433228,-100.0,-0.001288982662377576,35,2023-01,2025-11,negative
N08000726,LAGAN,violent-crime,1,0.02857142857142857,-0.09586808551433228,-100.0,-0.0013695440787761751,35,2023-01,2025-11,negative
N08000727,LAGAN VALLEY,anti-social-behaviour,324,9.257142857142858,0.39250318908841164,14.285714285714295,-0.025892017095327978,35,2023-01,2025-11,negative
N08000727,LAGAN VALLEY,burglary,1,0.02857142857142857,-0.09812579727210284,-100.0,-0.0014017971038871831,35,2023-01,2025-11,negative
N08000727,LAGAN VALLEY,criminal-damage-arson,4,0.11428571428571428,-0.39250318908841136,-100.0,-0.005359812456039227,35,2023-01,2025-11,negative
N08000727,LAGAN VALLEY,drugs,1,0.02857142857142857,-0.09812579727210284,-100.0,-0.0014017971038871831,35,2023-01,2025-11,negative
N08000727,LAGAN VALLEY,other-theft,4,0.11428571428571428,-0.39250318908841136,-100.0,-0.005442271109209064,35,2023-01,2025-11,negative
N08000727,LAGAN VALLEY,shoplifting,6,0.17142857142857143,-0.5887547836326171,-100.0,-0.008080948010643765,35,2023-01,2025-11,negative
N08000727,LAGAN VALLEY,violent-crime,8,0.22857142857142856,-0.6868805809047198,-100.0,-0.00997749703354995,35,2023-01,2025-11,negative
N08000728,LAMBEG,anti-social-behaviour,308,8.8,-0.5239717055279014,-19.999999999999996,-0.029647698744155713,35,2023-01,2025-11,negative
N08000728,LAMBEG,burglary,1,0.02857142857142857,-0.08732861758798359,-100.0,-0.0011741662868972598,35,2023-01,2025-11,negative
N08000728,LAMBEG,criminal-damage-arson,3,0.08571428571428572,-0.26198585276395076,-100.0,-0.0036692696465539317,35,2023-01,2025-11,negative
N08000728,LAMBEG,drugs,2,0.05714285714285714,-0.17465723517596718,-100.0,-0.0024951033596566728,35,2023-01,2025-11,negative
N08000728,LAMBEG,other-theft,1,0.02857142857142857,-0.08732861758798359,-100.0,-0.0011741662868972598,35,2023-01,2025-11,negative
N08000728,LAMBEG,public-order,1,0.02857142857142857,-0.08732861758798359,-100.0,-0.0011007808939661788,35,2023-01,2025-11,negative
N08000728,LAMBEG,violent-crime,7,0.2,-0.611300323115885,-100.0,-0.008512705580005121,35,2023-01,2025-11,negative
N08000729,LISNAGARVEY,anti-social-behaviour,189,5.4,-0.34025178632187814,-17.64705882352941,-0.03431110450304654,35,2023-01,2025-11,negative
N08000729,LISNAGARVEY,drugs,1,0.02857142857142857,0.0,0.0,-0.001239012107054458,35,2023-01,2025-11,negative
N08000729,LISNAGARVEY,shoplifting,6,0.17142857142857143,-0.5670863105364636,-100.0,-0.009149627867479077,35,2023-01,2025-11,negative
N08000729,LISNAGARVEY,violent-crime,10,0.2857142857142857,-1.0207553589656346,-100.0,-0.015439997026370942,35,2023-01,2025-11,negative
N08000730,MAGHABERRY,anti-social-behaviour,140,4.0,-0.20911752404851514,-24.999999999999986,0.00954794297476415,35,2023-01,2025-11,positive
N08000730,MAGHABERRY,criminal-damage-arson,1,0.02857142857142857,-0.06970584134950508,-100.0,-0.0009372213962958663,35,2023-01,2025-11,negative
N08000730,MAGHABERRY,drugs,2,0.05714285714285714,-0.13941168269901016,-100.0,-0.001991595467128716,35,2023-01,2025-11,negative
N08000730,MAGHABERRY,other-crime,1,0.02857142857142857,-0.06970584134950508,-100.0,-0.000995797733564358,35,2023-01,2025-11,negative
N08000730,MAGHABERRY,other-theft,3,0.08571428571428572,-0.20911752404851525,-100.0,-0.0028702405261560905,35,2023-01,2025-11,negative
N08000730,MAGHABERRY,public-order,1,0.02857142857142857,-0.06970584134950508,-100.0,-0.000995797733564358,35,2023-01,2025-11,negative
N08000730,MAGHABERRY,violent-crime,5,0.14285714285714285,-0.3485292067475254,-100.0,-0.004803259656016317,35,2023-01,2025-11,negative
N08000731,MAGHERALAVE,anti-social-behaviour,170,4.857142857142857,-0.7050528789659226,-52.941176470588246,-0.0471351878001494,35,2023-01,2025-11,negative
N08000731,MAGHERALAVE,criminal-damage-arson,3,0.08571428571428572,-0.07833920877399138,-100.0,-0.0006583126787730365,35,2023-01,2025-11,negative
N08000731,MAGHERALAVE,drugs,2,0.05714285714285714,-0.15667841754798276,-100.0,-0.002238263107828325,35,2023-01,2025-11,negative
N08000731,MAGHERALAVE,other-crime,1,0.02857142857142857,-0.07833920877399138,-100.0,-0.0011191315539141626,35,2023-01,2025-11,negative
N08000731,MAGHERALAVE,shoplifting,1,0.02857142857142857,-0.07833920877399138,-100.0,-0.0010533002860368585,35,2023-01,2025-11,negative
N08000731,MAGHERALAVE,vehicle-crime,1,0.02857142857142857,0.0,0.0,0.0007241439466503403,35,2023-01,2025-11,positive
N08000731,MAGHERALAVE,violent-crime,6,0.17142857142857143,-0.47003525264394835,-100.0,-0.006583126787730369,35,2023-01,2025-11,negative
N08000732,MAZE,anti-social-behaviour,77,2.2,0.20652622883106153,50.0,-0.005813973668773585,35,2023-01,2025-11,negative
N08000732,MAZE,drugs,1,0.02857142857142857,-0.10326311441553077,-100.0,-0.001475187348793296,35,2023-01,2025-11,negative
N08000732,MAZE,other-crime,1,0.02857142857142857,-0.10326311441553077,-100.0,-0.001475187348793296,35,2023-01,2025-11,negative
N08000732,MAZE,other-theft,1,0.02857142857142857,0.0,0.0,2.0616290996730377e-19,35,2023-01,2025-11,flat
N08000732,MAZE,shoplifting,1,0.02857142857142857,-0.10326311441553077,-100.0,-0.001301635895994085,35,2023-01,2025-11,negative
N08000732,MAZE,violent-crime,3,0.08571428571428572,-0.20652622883106153,-100.0,-0.004078459140781467,35,2023-01,2025-11,negative
N08000733,MOIRA,anti-social-behaviour,65,1.8571428571428572,0.08896005693443643,24.999999999999996,-0.004036842919713922,35,2023-01,2025-11,negative
N08000733,MOIRA,other-theft,2,0.05714285714285714,-0.08896005693443644,-100.0,-0.002242690510952178,35,2023-01,2025-11,negative
N08000733,MOIRA,shoplifting,1,0.02857142857142857,-0.08896005693443644,-100.0,-0.0011961016058411635,35,2023-01,2025-11,negative
N08000733,MOIRA,violent-crime,5,0.14285714285714285,-0.4448002846721822,-100.0,-0.006204777080301025,35,2023-01,2025-11,negative
N08000734,MONEYREAGH,anti-social-behaviour,90,2.5714285714285716,-1.4933333333333334,-82.35294117647058,-0.00618487394957983,35,2023-01,2025-11,negative
N08000734,MONEYREAGH,burglary,1,0.02857142857142857,-0.10666666666666667,-100.0,-0.0015238095238095232,35,2023-01,2025-11,negative
N08000734,MONEYREAGH,criminal-damage-arson,2,0.05714285714285714,-0.10666666666666667,-100.0,-0.001523809523809524,35,2023-01,2025-11,negative
N08000734,MONEYREAGH,drugs,1,0.02857142857142857,-0.10666666666666667,-100.0,-0.0014341736694677878,35,2023-01,2025-11,negative
N08000734,MONEYREAGH,robbery,1,0.02857142857142857,0.0,0.0,-0.0008963585434173663,35,2023-01,2025-11,negative
N08000734,MONEYREAGH,violent-crime,8,0.22857142857142856,-0.7466666666666667,-100.0,-0.011294117647058823,35,2023-01,2025-11,negative
N08000735,NEWTOWNBREDA,anti-social-behaviour,95,2.7142857142857144,0.2344940790245046,24.999999999999993,-0.004729292350074035,35,2023-01,2025-11,negative
N08000735,NEWTOWNBREDA,drugs,3,0.08571428571428572,-0.351741118536757,-100.0,-0.00502487312195367,35,2023-01,2025-11,negative
N08000735,NEWTOWNBREDA,other-theft,1,0.02857142857142857,-0.11724703951225231,-100.0,-0.0016749577073178897,35,2023-01,2025-11,negative
N08000735,NEWTOWNBREDA,possession-of-weapons,1,0.02857142857142857,-0.11724703951225231,-100.0,-0.0016749577073178897,35,2023-01,2025-11,negative
N08000735,NEWTOWNBREDA,violent-crime,5,0.14285714285714285,-0.5862351975612615,-100.0,-0.008276261612629576,35,2023-01,2025-11,negative
N08000736,OLD WARREN,anti-social-behaviour,462,13.2,-3.315542616852661,-69.49152542372883,-0.09710822708510862,35,2023-01,2025-11,negative
N08000736,OLD WARREN,burglary,1,0.02857142857142857,-0.08086689309396733,-100.0,-0.0011552413299138185,35,2023-01,2025-11,negative
N08000736,OLD WARREN,criminal-damage-arson,8,0.22857142857142856,-0.40433446546983665,-83.33333333333334,-0.005504385160177608,35,2023-01,2025-11,negative
N08000736,OLD WARREN,drugs,5,0.14285714285714285,-0.3234675723758693,-100.0,-0.004213233085568045,35,2023-01,2025-11,negative
N08000736,OLD WARREN,other-crime,1,0.02857142857142857,-0.08086689309396733,-100.0,-0.0011552413299138185,35,2023-01,2025-11,negative
N08000736,OLD WARREN,other-theft,1,0.02857142857142857,-0.08086689309396733,-100.0,-0.0011552413299138185,35,2023-01,2025-11,negative
N08000736,OLD WARREN,shoplifting,1,0.02857142857142857,-0.08086689309396733,-100.0,-0.0011552413299138185,35,2023-01,2025-11,negative
N08000736,OLD WARREN,violent-crime,23,0.6571428571428571,-1.6173378618793466,-100.0,-0.022697094364189145,35,2023-01,2025-11,negative
N08000737,RAVERNET,anti-social-behaviour,48,1.3714285714285714,0.32299741602067183,75.0,0.019361749867905814,35,2023-01,2025-11,positive
N08000738,STONYFORD,anti-social-behaviour,157,4.485714285714286,0.0,0.0,0.01939168808202862,35,2023-01,2025-11,positive
N08000738,STONYFORD,criminal-damage-arson,1,0.02857142857142857,0.0,0.0,0.0010674323714878135,35,2023-01,2025-11,positive
N08000738,STONYFORD,drugs,3,0.08571428571428572,-0.31756113051762463,-100.0,-0.004536587578823209,35,2023-01,2025-11,negative
N08000738,STONYFORD,other-theft,1,0.02857142857142857,0.0,0.0,-0.0006226688833678914,35,2023-01,2025-11,negative
N08000738,STONYFORD,robbery,1,0.02857142857142857,-0.10585371017254154,-100.0,-0.001512195859607736,35,2023-01,2025-11,negative
N08000738,STONYFORD,vehicle-crime,1,0.02857142857142857,-0.10585371017254154,-100.0,-0.001512195859607736,35,2023-01,2025-11,negative
N08000739,WALLACE PARK,anti-social-behaviour,168,4.8,-0.6041774555498013,-46.666666666666664,-0.014070879517006179,35,2023-01,2025-11,negative
N08000739,WALLACE PARK,bicycle-theft,1,0.02857142857142857,-0.08631106507854307,-100.0,-0.0012330152154077577,35,2023-01,2025-11,negative
N08000739,WALLACE PARK,burglary,1,0.02857142857142857,-0.08631106507854307,-100.0,-0.0011604849086190652,35,2023-01,2025-11,negative
N08000739,WALLACE PARK,criminal-damage-arson,1,0.02857142857142857,-0.08631106507854307,-100.0,-0.0012330152154077577,35,2023-01,2025-11,negative
N08000739,WALLACE PARK,drugs,1,0.02857142857142857,-0.08631106507854307,-100.0,-0.0012330152154077577,35,2023-01,2025-11,negative
N08000739,WALLACE PARK,vehicle-crime,1,0.02857142857142857,-0.08631106507854307,-100.0,-0.0011604849086190652,35,2023-01,2025-11,negative
N08000739,WALLACE PARK,violent-crime,9,0.2571428571428571,-0.43155532539271535,-100.0,-0.0069629094517143966,35,2023-01,2025-11,negative
N08000740,WHITE MOUNTAIN,anti-social-behaviour,206,5.885714285714286,0.0,0.0,-0.008123158028281369,35,2023-01,2025-11,negative
N08000740,WHITE MOUNTAIN,burglary,1,0.02857142857142857,-0.054306505919409144,-100.0,-0.0007301715081601233,35,2023-01,2025-11,negative
N08000740,WHITE MOUNTAIN,criminal-damage-arson,1,0.02857142857142857,-0.054306505919409144,-100.0,-0.0007301715081601233,35,2023-01,2025-11,negative
N08000740,WHITE MOUNTAIN,drugs,6,0.17142857142857143,-0.16291951775822744,-100.0,-0.0024643288400404157,35,2023-01,2025-11,negative
N08000740,WHITE MOUNTAIN,other-crime,1,0.02857142857142857,-0.054306505919409144,-100.0,-0.0007758072274201302,35,2023-01,2025-11,negative
N08000740,WHITE MOUNTAIN,other-theft,4,0.11428571428571428,-0.10861301183881829,-100.0,-0.0023274216822603915,35,2023-01,2025-11,negative
N08000740,WHITE MOUNTAIN,shoplifting,4,0.11428571428571428,-0.21722602367763658,-100.0,-0.0030575931904205152,35,2023-01,2025-11,negative
N08000740,WHITE MOUNTAIN,violent-crime,9,0.2571428571428571,-0.2715325295970457,-100.0,-0.003924671856360661,35,2023-01,2025-11,negative
N08000801,ACADEMY,anti-social-behaviour,29,0.8285714285714286,-0.2597065316192702,-50.0,-0.009056992489243458,35,2023-01,2025-11,negative
N08000801,ACADEMY,other-theft,1,0.02857142857142857,-0.1298532658096351,-100.0,-0.0018550466544233588,35,2023-01,2025-11,negative
N08000801,ACADEMY,violent-crime,6,0.17142857142857143,-0.2597065316192702,-100.0,-0.00043648156574667207,35,2023-01,2025-11,negative
N08000802,AHOGHILL,anti-social-behaviour,149,4.257142857142857,-0.6468903058867017,-41.17647058823529,-0.014522027275007562,35,2023-01,2025-11,negative
N08000802,AHOGHILL,criminal-damage-arson,1,0.02857142857142857,-0.0924129008409574,-100.0,-0.001242526397861613,35,2023-01,2025-11,negative
N08000802,AHOGHILL,other-theft,1,0.02857142857142857,-0.0924129008409574,-100.0,-0.0013201842977279626,35,2023-01,2025-11,negative
N08000802,AHOGHILL,public-order,1,0.02857142857142857,0.0,0.0,0.0003882894993317536,35,2023-01,2025-11,positive
N08000802,AHOGHILL,violent-crime,6,0.17142857142857143,-0.5544774050457444,-100.0,-0.007843447886501428,35,2023-01,2025-11,negative
N08000803,ARDEEVIN,anti-social-behaviour,90,2.5714285714285716,0.26917900403768513,42.85714285714287,-0.0014326053436179264,35,2023-01,2025-11,negative
N08000803,ARDEEVIN,criminal-damage-arson,5,0.14285714285714285,-0.08972633467922835,-100.0,0.000527801968701343,35,2023-01,2025-11,positive
N08000803,ARDEEVIN,drugs,2,0.05714285714285714,-0.08972633467922835,-100.0,-0.0016588061873470783,35,2023-01,2025-11,negative
N08000803,ARDEEVIN,other-crime,1,0.02857142857142857,0.0,0.0,-0.00022620084372914687,35,2023-01,2025-11,negative
N08000803,ARDEEVIN,violent-crime,2,0.05714285714285714,-0.1794526693584567,-100.0,-0.0024882092810206173,35,2023-01,2025-11,negative
N08000804,BALLEE and HARRYVILLE,anti-social-behaviour,386,11.028571428571428,-2.229654403567446,-54.54545454545454,-0.04051787939255971,35,2023-01,2025-11,negative
N08000804,BALLEE and HARRYVILLE,burglary,7,0.2,-0.5574136008918618,-100.0,-0.008041120573089878,35,2023-01,2025-11,negative
N08000804,BALLEE and HARRYVILLE,criminal-damage-arson,12,0.34285714285714286,-0.929022668153103,-100.0,-0.011554231503080608,35,2023-01,2025-11,negative
N08000804,BALLEE and HARRYVILLE,drugs,5,0.14285714285714285,-0.2787068004459309,-100.0,-0.0019517282944392918,35,2023-01,2025-11,negative
N08000804,BALLEE and HARRYVILLE,other-crime,2,0.05714285714285714,-0.18580453363062058,-100.0,-0.0026543504804374366,35,2023-01,2025-11,negative
N08000804,BALLEE and HARRYVILLE,other-theft,4,0.11428571428571428,-0.37160906726124115,-100.0,-0.0052306318290973024,35,2023-01,2025-11,negative
N08000804,BALLEE and HARRYVILLE,vehicle-crime,1,0.02857142857142857,-0.09290226681531029,-100.0,-0.0013271752402187183,35,2023-01,2025-11,negative
N08000804,BALLEE and HARRYVILLE,violent-crime,27,0.7714285714285715,-1.8580453363062057,-100.0,-0.026231228277264082,35,2023-01,2025-11,negative
N08000805,BALLYCARRY and GLYNN,anti-social-behaviour,110,3.142857142857143,-0.1779201138688729,-28.571428571428577,-0.010166863649649869,35,2023-01,2025-11,negative
N08000805,BALLYCARRY and GLYNN,criminal-damage-arson,1,0.02857142857142857,-0.08896005693443644,-100.0,-0.0012708579562062347,35,2023-01,2025-11,negative
N08000805,BALLYCARRY and GLYNN,other-theft,1,0.02857142857142857,0.0,0.0,7.89389882533726e-20,35,2023-01,2025-11,flat
N08000805,BALLYCARRY and GLYNN,violent-crime,3,0.08571428571428572,-0.2668801708033093,-100.0,-0.003812573868618703,35,2023-01,2025-11,negative
N08000806,BALLYKEEL,anti-social-behaviour,397,11.342857142857143,-2.4234412866270105,-40.74074074074074,-0.045358526755051025,35,2023-01,2025-11,negative
N08000806,BALLYKEEL,burglary,3,0.08571428571428572,-0.2203128442388191,-100.0,-0.00305475792431976,35,2023-01,2025-11,negative
N08000806,BALLYKEEL,criminal-damage-arson,2,0.05714285714285714,-0.2203128442388191,-100.0,-0.002962189502370675,35,2023-01,2025-11,negative
N08000806,BALLYKEEL,drugs,2,0.05714285714285714,-0.2203128442388191,-100.0,-0.0031473263462688424,35,2023-01,2025-11,negative
N08000806,BALLYKEEL,other-crime,2,0.05714285714285714,-0.11015642211940956,-100.0,-0.0018513684389816728,35,2023-01,2025-11,negative
N08000806,BALLYKEEL,other-theft,2,0.05714285714285714,-0.2203128442388191,-100.0,-0.0031473263462688424,35,2023-01,2025-11,negative
N08000806,BALLYKEEL,possession-of-weapons,2,0.05714285714285714,-0.2203128442388191,-100.0,-0.0031473263462688424,35,2023-01,2025-11,negative
N08000806,BALLYKEEL,shoplifting,10,0.2857142857142857,-0.9914077990746861,-100.0,-0.014903515933802469,35,2023-01,2025-11,negative
N08000806,BALLYKEEL,violent-crime,23,0.6571428571428571,-1.9828155981493722,-100.0,-0.02712254763108151,35,2023-01,2025-11,negative
N08000807,BONEYBEFORE,anti-social-behaviour,90,2.5714285714285716,-0.8147113594040968,-77.77777777777779,-0.01956089698449212,35,2023-01,2025-11,negative
N08000807,BONEYBEFORE,drugs,1,0.02857142857142857,-0.11638733705772812,-100.0,-0.0014670672738369083,35,2023-01,2025-11,negative
N08000807,BONEYBEFORE,violent-crime,5,0.14285714285714285,-0.5819366852886406,-100.0,-0.007726554308874385,35,2023-01,2025-11,negative
N08000808,BRAIDWATER,anti-social-behaviour,128,3.657142857142857,1.0371292263015972,125.0,0.021526967974495322,35,2023-01,2025-11,positive
N08000808,BRAIDWATER,burglary,2,0.05714285714285714,-0.20742584526031946,-100.0,-0.002876072644365772,35,2023-01,2025-11,negative
N08000808,BRAIDWATER,criminal-damage-arson,4,0.11428571428571428,-0.4148516905206389,-100.0,-0.005926452721723412,35,2023-01,2025-11,negative
N08000808,BRAIDWATER,drugs,2,0.05714285714285714,-0.20742584526031946,-100.0,-0.002788918927869841,35,2023-01,2025-11,negative
N08000808,BRAIDWATER,other-crime,1,0.02857142857142857,-0.10371292263015973,-100.0,-0.0013944594639349207,35,2023-01,2025-11,negative
N08000808,BRAIDWATER,public-order,1,0.02857142857142857,0.0,0.0,0.0006100760154715275,35,2023-01,2025-11,positive
N08000808,BRAIDWATER,shoplifting,2,0.05714285714285714,-0.20742584526031946,-100.0,-0.0027017652113739085,35,2023-01,2025-11,negative
N08000808,BRAIDWATER,violent-crime,11,0.3142857142857143,-1.0371292263015972,-100.0,-0.01594913011875565,35,2023-01,2025-11,negative
N08000809,BROUGHSHANE,anti-social-behaviour,117,3.342857142857143,-0.26838432635534093,-21.428571428571434,-0.0022553304735742925,35,2023-01,2025-11,negative
N08000809,BROUGHSHANE,criminal-damage-arson,2,0.05714285714285714,-0.17892288423689393,-100.0,-0.002556041203384198,35,2023-01,2025-11,negative
N08000809,BROUGHSHANE,other-theft,1,0.02857142857142857,-0.08946144211844696,-100.0,-0.001127665236787146,35,2023-01,2025-11,negative
N08000809,BROUGHSHANE,possession-of-weapons,1,0.02857142857142857,-0.08946144211844696,-100.0,-0.001278020601692099,35,2023-01,2025-11,negative
N08000809,BROUGHSHANE,vehicle-crime,1,0.02857142857142857,-0.08946144211844696,-100.0,-0.001278020601692099,35,2023-01,2025-11,negative
N08000809,BROUGHSHANE,violent-crime,4,0.11428571428571428,-0.35784576847378785,-100.0,-0.005112082406768396,35,2023-01,2025-11,negative
N08000810,BURLEIGH HILL,anti-social-behaviour,40,1.1428571428571428,-0.38550501156515043,-60.00000000000001,-0.00788287558662632,35,2023-01,2025-11,negative
N08000810,BURLEIGH HILL,other-crime,3,0.08571428571428572,-0.3855050115651504,-100.0,-0.005507214450930718,35,2023-01,2025-11,negative
N08000810,BURLEIGH HILL,violent-crime,3,0.08571428571428572,-0.25700334104343353,-100.0,-0.002159691941541458,35,2023-01,2025-11,negative
N08000811,CAIRNCASTLE,anti-social-behaviour,42,1.2,-0.3089280197713933,-60.00000000000001,-3.559854797154941e-18,35,2023-01,2025-11,flat
N08000811,CAIRNCASTLE,criminal-damage-arson,6,0.17142857142857143,-0.5148800329523221,-100.0,-0.007528497960815465,35,2023-01,2025-11,negative
N08000811,CAIRNCASTLE,drugs,3,0.08571428571428572,-0.3089280197713933,-100.0,-0.004413257425305617,35,2023-01,2025-11,negative
N08000811,CAIRNCASTLE,other-theft,1,0.02857142857142857,-0.10297600659046442,-100.0,-0.0013845513491154867,35,2023-01,2025-11,negative
N08000811,CAIRNCASTLE,vehicle-crime,1,0.02857142857142857,-0.10297600659046442,-100.0,-0.0014710858084352057,35,2023-01,2025-11,negative
N08000811,CAIRNCASTLE,violent-crime,5,0.14285714285714285,-0.4119040263618577,-100.0,-0.004759395262584489,35,2023-01,2025-11,negative
N08000812,CARNLOUGH and GLENARM,anti-social-behaviour,138,3.942857142857143,-0.5312931675698648,-38.461538461538446,-0.011965257891489403,35,2023-01,2025-11,negative
N08000812,CARNLOUGH and GLENARM,drugs,1,0.02857142857142857,-0.10625863351397301,-100.0,-0.001517980478771043,35,2023-01,2025-11,negative
N08000812,CARNLOUGH and GLENARM,violent-crime,2,0.05714285714285714,-0.21251726702794602,-100.0,-0.002857375018863138,35,2023-01,2025-11,negative
N08000813,CASTLE,anti-social-behaviour,730,20.857142857142858,0.9370474486753544,16.923076923076895,0.011739937477674461,35,2023-01,2025-11,positive
N08000813,CASTLE,bicycle-theft,1,0.02857142857142857,0.0,0.0,7.158498461996618e-05,35,2023-01,2025-11,positive
N08000813,CASTLE,criminal-damage-arson,7,0.2,-0.5963029218843173,-100.0,-0.008375443200536027,35,2023-01,2025-11,negative
N08000813,CASTLE,drugs,5,0.14285714285714285,-0.425930658488798,-100.0,-0.006084723692697114,35,2023-01,2025-11,negative
N08000813,CASTLE,other-crime,1,0.02857142857142857,-0.08518613169775961,-100.0,-0.001216944738539423,35,2023-01,2025-11,negative
N08000813,CASTLE,other-theft,6,0.17142857142857143,-0.5111167901865576,-100.0,-0.007158498461996604,35,2023-01,2025-11,negative
N08000813,CASTLE,robbery,1,0.02857142857142857,-0.08518613169775961,-100.0,-0.001216944738539423,35,2023-01,2025-11,negative
N08000813,CASTLE,shoplifting,11,0.3142857142857143,-0.9370474486753556,-100.0,-0.013243222154693713,35,2023-01,2025-11,negative
N08000813,CASTLE,violent-crime,17,0.4857142857142857,-1.2777919754663942,-100.0,-0.0191847758781509,35,2023-01,2025-11,negative
N08000814,CASTLE DEMESNE,anti-social-behaviour,1522,43.48571428571429,-2.5491078122657056,-25.757575757575747,-0.06375919688613188,35,2023-01,2025-11,negative
N08000814,CASTLE DEMESNE,bicycle-theft,1,0.02857142857142857,-0.0749737591842855,-100.0,-0.00107105370263265,35,2023-01,2025-11,negative
N08000814,CASTLE DEMESNE,burglary,9,0.2571428571428571,-0.6747638326585695,-100.0,-0.00957648016471546,35,2023-01,2025-11,negative
N08000814,CASTLE DEMESNE,criminal-damage-arson,9,0.2571428571428571,-0.5248163142899985,-100.0,-0.008127407508212458,35,2023-01,2025-11,negative
N08000814,CASTLE DEMESNE,drugs,11,0.3142857142857143,-0.29989503673714196,-66.66666666666666,-0.003780189538703469,35,2023-01,2025-11,negative
N08000814,CASTLE DEMESNE,other-crime,4,0.11428571428571428,-0.149947518368571,-66.66666666666666,-0.0019530979283301259,35,2023-01,2025-11,negative
N08000814,CASTLE DEMESNE,other-theft,5,0.14285714285714285,-0.2249212775528565,-75.0,-0.00315015794891956,35,2023-01,2025-11,negative
N08000814,CASTLE DEMESNE,possession-of-weapons,1,0.02857142857142857,-0.0749737591842855,-100.0,-0.00107105370263265,35,2023-01,2025-11,negative
N08000814,CASTLE DEMESNE,shoplifting,10,0.2857142857142857,-0.7497375918428549,-100.0,-0.01033251807245615,35,2023-01,2025-11,negative
N08000814,CASTLE DEMESNE,vehicle-crime,1,0.02857142857142857,-0.0749737591842855,-100.0,-0.00107105370263265,35,2023-01,2025-11,negative
N08000814,CASTLE DEMESNE,violent-crime,33,0.9428571428571428,-1.4994751836857099,-100.0,-0.021232064575717816,35,2023-01,2025-11,negative
N08000815,CRAIGYHILL,anti-social-behaviour,295,8.428571428571429,-1.445578231292517,-60.71428571428571,-0.08310467043960437,35,2023-01,2025-11,negative
N08000815,CRAIGYHILL,criminal-damage-arson,1,0.02857142857142857,-0.08503401360544217,-100.0,-0.001214771622934888,35,2023-01,2025-11,negative
N08000815,CRAIGYHILL,other-theft,4,0.11428571428571428,0.0,0.0,0.0005716572343223001,35,2023-01,2025-11,positive
N08000815,CRAIGYHILL,public-order,1,0.02857142857142857,-0.08503401360544217,-100.0,-0.001214771622934888,35,2023-01,2025-11,negative
N08000815,CRAIGYHILL,violent-crime,7,0.2,-0.42517006802721086,-100.0,-0.007145715429028753,35,2023-01,2025-11,negative
N08000816,CULLYBACKEY,anti-social-behaviour,205,5.857142857142857,-0.929476007900546,-38.095238095238095,-0.011227913960983455,35,2023-01,2025-11,negative
N08000816,CULLYBACKEY,criminal-damage-arson,1,0.02857142857142857,-0.11618450098756826,-100.0,-0.0015621445510933549,35,2023-01,2025-11,negative
N08000816,CULLYBACKEY,drugs,1,0.02857142857142857,-0.11618450098756826,-100.0,-0.001659778585536689,35,2023-01,2025-11,negative
N08000816,CULLYBACKEY,other-crime,3,0.08571428571428572,-0.34855350296270476,-100.0,-0.004784067687723398,35,2023-01,2025-11,negative
N08000816,CULLYBACKEY,other-theft,1,0.02857142857142857,-0.11618450098756826,-100.0,-0.001659778585536689,35,2023-01,2025-11,negative
N08000816,CULLYBACKEY,shoplifting,2,0.05714285714285714,-0.23236900197513652,-100.0,-0.003124289102186709,35,2023-01,2025-11,negative
N08000816,CULLYBACKEY,violent-crime,11,0.3142857142857143,-1.278029510863251,-100.0,-0.01815993040646025,35,2023-01,2025-11,negative
N08000817,CURRAN and INVER,anti-social-behaviour,655,18.714285714285715,-4.038613081166272,-52.564102564102555,-0.11456119090662269,35,2023-01,2025-11,negative
N08000817,CURRAN and INVER,burglary,1,0.02857142857142857,-0.09850275807722615,-100.0,-0.0012416314043347837,35,2023-01,2025-11,negative
N08000817,CURRAN and INVER,criminal-damage-arson,9,0.2571428571428571,-0.3940110323089046,-100.0,-0.0024832628086695653,35,2023-01,2025-11,negative
N08000817,CURRAN and INVER,drugs,8,0.22857142857142856,-0.4925137903861308,-100.0,-0.005463178179073047,35,2023-01,2025-11,negative
N08000817,CURRAN and INVER,other-crime,1,0.02857142857142857,-0.09850275807722615,-100.0,-0.0014071822582460878,35,2023-01,2025-11,negative
N08000817,CURRAN and INVER,other-theft,7,0.2,-0.19700551615445233,-66.66666666666667,-0.0032282416512704345,35,2023-01,2025-11,negative
N08000817,CURRAN and INVER,possession-of-weapons,1,0.02857142857142857,0.0,0.0,0.0004966525617339132,35,2023-01,2025-11,positive
N08000817,CURRAN and INVER,public-order,1,0.02857142857142857,-0.09850275807722615,-100.0,-0.0014071822582460878,35,2023-01,2025-11,negative
N08000817,CURRAN and INVER,shoplifting,7,0.2,-0.29550827423167847,-100.0,-0.0037248942130043484,35,2023-01,2025-11,negative
N08000817,CURRAN and INVER,violent-crime,33,0.9428571428571428,-2.955082742316785,-100.0,-0.04296044658998351,35,2023-01,2025-11,negative
N08000818,FAIR GREEN,anti-social-behaviour,570,16.285714285714285,1.407789770061005,36.73469387755104,-0.002628925807770316,35,2023-01,2025-11,negative
N08000818,FAIR GREEN,burglary,5,0.14285714285714285,-0.39105271390583446,-100.0,-0.005455021051123402,35,2023-01,2025-11,negative
N08000818,FAIR GREEN,criminal-damage-arson,2,0.05714285714285714,-0.15642108556233378,-100.0,-0.002234586936604768,35,2023-01,2025-11,negative
N08000818,FAIR GREEN,drugs,3,0.08571428571428572,-0.23463162834350068,-100.0,-0.0032861572597128936,35,2023-01,2025-11,negative
N08000818,FAIR GREEN,other-theft,4,0.11428571428571428,-0.3128421711246676,-100.0,-0.004337727582821019,35,2023-01,2025-11,negative
N08000818,FAIR GREEN,robbery,1,0.02857142857142857,-0.07821054278116689,-100.0,-0.001117293468302384,35,2023-01,2025-11,negative
N08000818,FAIR GREEN,shoplifting,4,0.11428571428571428,-0.31284217112466756,-100.0,-0.004469173873209536,35,2023-01,2025-11,negative
N08000818,FAIR GREEN,vehicle-crime,1,0.02857142857142857,-0.07821054278116689,-100.0,-0.001117293468302384,35,2023-01,2025-11,negative
N08000818,FAIR GREEN,violent-crime,8,0.22857142857142856,-0.6256843422493351,-100.0,-0.008806901456030554,35,2023-01,2025-11,negative
N08000819,GALGORM,anti-social-behaviour,65,1.8571428571428572,-0.10243802499487809,-20.0,-0.009813390629761424,35,2023-01,2025-11,negative
N08000819,GALGORM,criminal-damage-arson,3,0.08571428571428572,-0.20487604998975617,-100.0,-0.002065976974686616,35,2023-01,2025-11,negative
N08000819,GALGORM,other-crime,1,0.02857142857142857,-0.10243802499487809,-100.0,-0.0014634003570696864,35,2023-01,2025-11,negative
N08000819,GALGORM,possession-of-weapons,1,0.02857142857142857,-0.10243802499487809,-100.0,-0.0014634003570696864,35,2023-01,2025-11,negative
N08000819,GALGORM,robbery,1,0.02857142857142857,-0.10243802499487809,-100.0,-0.0014634003570696864,35,2023-01,2025-11,negative
N08000819,GALGORM,violent-crime,3,0.08571428571428572,0.0,0.0,0.00017216474789055137,35,2023-01,2025-11,positive
N08000820,GARDENMORE,anti-social-behaviour,193,5.514285714285714,-1.1144883485309018,-45.83333333333334,-0.018730896613964744,35,2023-01,2025-11,negative
N08000820,GARDENMORE,criminal-damage-arson,1,0.02857142857142857,-0.10131712259371835,-100.0,-0.0014473874656245477,35,2023-01,2025-11,negative
N08000820,GARDENMORE,drugs,1,0.02857142857142857,-0.10131712259371835,-100.0,-0.0014473874656245477,35,2023-01,2025-11,negative
N08000820,GARDENMORE,violent-crime,6,0.17142857142857143,-0.4052684903748734,-100.0,-0.007662639523894665,35,2023-01,2025-11,negative
N08000821,GLENRAVEL,anti-social-behaviour,52,1.4857142857142858,-1.1102230246251565e-16,-2.993438830145578e-14,0.004129607336675972,35,2023-01,2025-11,positive
N08000821,GLENRAVEL,burglary,1,0.02857142857142857,-0.09272137227630971,-100.0,-0.0011687567933988615,35,2023-01,2025-11,negative
N08000821,GLENRAVEL,drugs,1,0.02857142857142857,0.0,0.0,0.0008570883151591651,35,2023-01,2025-11,positive
N08000821,GLENRAVEL,other-theft,1,0.02857142857142857,0.0,0.0,1.1500625138033055e-19,35,2023-01,2025-11,flat
N08000821,GLENRAVEL,vehicle-crime,1,0.02857142857142857,-0.09272137227630971,-100.0,-0.0013245910325187095,35,2023-01,2025-11,negative
N08000821,GLENRAVEL,violent-crime,2,0.05714285714285714,-0.18544274455261942,-100.0,-0.002493347825917571,35,2023-01,2025-11,negative
N08000822,GLENWHIRRY,anti-social-behaviour,47,1.3428571428571427,0.3164556962025317,75.00000000000001,0.0015955749388362943,35,2023-01,2025-11,positive
N08000822,GLENWHIRRY,drugs,2,0.05714285714285714,-0.2109704641350211,-100.0,-0.003013863773357444,35,2023-01,2025-11,negative
N08000822,GLENWHIRRY,vehicle-crime,1,0.02857142857142857,0.0,0.0,1.5907648331380353e-19,35,2023-01,2025-11,flat
N08000822,GLENWHIRRY,violent-crime,7,0.2,0.10548523206751055,0.0,0.0013296457823635793,35,2023-01,2025-11,positive
N08000823,GORTALEE,anti-social-behaviour,134,3.8285714285714287,-0.45130426933838785,-31.249999999999993,-0.012666859324287509,35,2023-01,2025-11,negative
N08000823,GORTALEE,criminal-damage-arson,1,0.02857142857142857,-0.09026085386767758,-100.0,-0.0011377418554749277,35,2023-01,2025-11,negative
N08000823,GORTALEE,possession-of-weapons,1,0.02857142857142857,-0.09026085386767758,-100.0,-0.0012894407695382513,35,2023-01,2025-11,negative
N08000823,GORTALEE,shoplifting,1,0.02857142857142857,-0.09026085386767758,-100.0,-0.0012894407695382513,35,2023-01,2025-11,negative
N08000823,GORTALEE,violent-crime,4,0.11428571428571428,-0.36104341547071034,-100.0,-0.005157763078153005,35,2023-01,2025-11,negative
N08000824,GRANGE,anti-social-behaviour,53,1.5142857142857142,-0.17921146953405015,-66.66666666666666,-0.00015059787355802857,35,2023-01,2025-11,negative
N08000824,GRANGE,criminal-damage-arson,2,0.05714285714285714,-0.08960573476702509,-100.0,-0.0006023914942321017,35,2023-01,2025-11,negative
N08000824,GRANGE,other-theft,4,0.11428571428571428,-0.08960573476702509,-50.0,-0.002108370229812355,35,2023-01,2025-11,negative
N08000825,GREENISLAND,anti-social-behaviour,107,3.057142857142857,0.09673050880247636,11.11111111111112,0.004958454652900041,35,2023-01,2025-11,positive
N08000825,GREENISLAND,drugs,2,0.05714285714285714,-0.1934610176049526,-100.0,-0.0027637288229278934,35,2023-01,2025-11,negative
N08000825,GREENISLAND,other-crime,1,0.02857142857142857,-0.0967305088024763,-100.0,-0.0013818644114639467,35,2023-01,2025-11,negative
N08000825,GREENISLAND,other-theft,1,0.02857142857142857,-0.0967305088024763,-100.0,-0.0013818644114639467,35,2023-01,2025-11,negative
N08000825,GREENISLAND,shoplifting,1,0.02857142857142857,-0.0967305088024763,-100.0,-0.0012192921277623058,35,2023-01,2025-11,negative
N08000825,GREENISLAND,violent-crime,4,0.11428571428571428,-0.3869220352099052,-100.0,-0.005364885362154147,35,2023-01,2025-11,negative
N08000826,ISLANDMAGEE,anti-social-behaviour,101,2.8857142857142857,0.10936132983377078,11.11111111111111,-0.003492210532506968,35,2023-01,2025-11,negative
N08000826,ISLANDMAGEE,burglary,1,0.02857142857142857,-0.10936132983377078,-100.0,-0.0015623047119110106,35,2023-01,2025-11,negative
N08000826,ISLANDMAGEE,other-theft,1,0.02857142857142857,-0.10936132983377078,-100.0,-0.0015623047119110106,35,2023-01,2025-11,negative
N08000826,ISLANDMAGEE,vehicle-crime,1,0.02857142857142857,-0.10936132983377078,-100.0,-0.0015623047119110106,35,2023-01,2025-11,negative
N08000826,ISLANDMAGEE,violent-crime,1,0.02857142857142857,-0.10936132983377078,-100.0,-0.0015623047119110106,35,2023-01,2025-11,negative
N08000827,KELLS,anti-social-behaviour,133,3.8,1.641085046819191,169.99999999999997,0.01768445576898584,35,2023-01,2025-11,positive
N08000827,KELLS,criminal-damage-arson,1,0.02857142857142857,-0.09653441451877594,-100.0,-0.001297941707815475,35,2023-01,2025-11,negative
N08000827,KELLS,drugs,1,0.02857142857142857,-0.09653441451877594,-100.0,-0.001297941707815475,35,2023-01,2025-11,negative
N08000827,KELLS,other-crime,1,0.02857142857142857,-0.09653441451877594,-100.0,-0.0013790630645539417,35,2023-01,2025-11,negative
N08000827,KELLS,other-theft,2,0.05714285714285714,-0.19306882903755188,-100.0,-0.0027581261291078833,35,2023-01,2025-11,negative
N08000827,KELLS,shoplifting,1,0.02857142857142857,-0.09653441451877594,-100.0,-0.001216820351077007,35,2023-01,2025-11,negative
N08000827,KELLS,violent-crime,7,0.2,-0.6757409016314316,-100.0,-0.008517742457539054,35,2023-01,2025-11,negative
N08000828,KILROOT,anti-social-behaviour,135,3.857142857142857,-0.31343049678733736,-33.33333333333333,-0.011786567001036422,35,2023-01,2025-11,negative
N08000828,KILROOT,criminal-damage-arson,3,0.08571428571428572,-0.07835762419683436,-100.0,-0.0005267739441803987,35,2023-01,2025-11,negative
N08000828,KILROOT,drugs,3,0.08571428571428572,-0.23507287259050305,-100.0,-0.0032923371511274935,35,2023-01,2025-11,negative
N08000828,KILROOT,violent-crime,3,0.08571428571428572,-0.23507287259050305,-100.0,-0.0032923371511274935,35,2023-01,2025-11,negative
N08000829,KILWAUGHTER,anti-social-behaviour,142,4.057142857142857,0.2782995895081055,44.44444444444445,5.8466300316833764e-05,35,2023-01,2025-11,positive
N08000829,KILWAUGHTER,burglary,1,0.02857142857142857,0.0,0.0,0.00029233150158414434,35,2023-01,2025-11,positive
N08000829,KILWAUGHTER,criminal-damage-arson,2,0.05714285714285714,-0.13914979475405273,-100.0,-0.0019878542107721817,35,2023-01,2025-11,negative
N08000829,KILWAUGHTER,drugs,2,0.05714285714285714,-0.06957489737702637,-100.0,-0.0007015956038019464,35,2023-01,2025-11,negative
N08000829,KILWAUGHTER,other-theft,1,0.02857142857142857,-0.06957489737702637,-100.0,-0.0009939271053860908,35,2023-01,2025-11,negative
N08000829,KILWAUGHTER,public-order,1,0.02857142857142857,-0.06957489737702637,-100.0,-0.0009939271053860908,35,2023-01,2025-11,negative
N08000829,KILWAUGHTER,shoplifting,1,0.02857142857142857,-0.06957489737702637,-100.0,-0.0009354608050692624,35,2023-01,2025-11,negative
N08000829,KILWAUGHTER,vehicle-crime,1,0.02857142857142857,0.0,0.0,0.00029233150158414434,35,2023-01,2025-11,positive
N08000829,KILWAUGHTER,violent-crime,5,0.14285714285714285,-0.27829958950810546,-100.0,-0.004268039923128507,35,2023-01,2025-11,negative
N08000830,KIRKINRIOLA,anti-social-behaviour,44,1.2571428571428571,0.4130524576621231,400.0000000000001,0.016053509383927047,35,2023-01,2025-11,positive
N08000830,KIRKINRIOLA,burglary,1,0.02857142857142857,0.0,0.0,0.00017355145279921122,35,2023-01,2025-11,positive
N08000830,KIRKINRIOLA,drugs,1,0.02857142857142857,0.0,0.0,-0.0004338786319980283,35,2023-01,2025-11,negative
N08000830,KIRKINRIOLA,other-theft,5,0.14285714285714285,0.0,0.0,0.0019958417071909303,35,2023-01,2025-11,positive
N08000830,KIRKINRIOLA,vehicle-crime,2,0.05714285714285714,-0.20652622883106153,-100.0,-0.002950374697586592,35,2023-01,2025-11,negative
N08000831,LOVE LANE,anti-social-behaviour,143,4.085714285714285,-0.5495109352676117,-29.411764705882348,0.011821411716681399,35,2023-01,2025-11,positive
N08000831,LOVE LANE,criminal-damage-arson,3,0.08571428571428572,-0.3297065611605671,-100.0,-0.00461773895182867,35,2023-01,2025-11,negative
N08000831,LOVE LANE,other-crime,1,0.02857142857142857,-0.10990218705352238,-100.0,-0.0015700312436217482,35,2023-01,2025-11,negative
N08000831,LOVE LANE,possession-of-weapons,1,0.02857142857142857,-0.10990218705352238,-100.0,-0.0014776764645851742,35,2023-01,2025-11,negative
N08000831,LOVE LANE,violent-crime,5,0.14285714285714285,-0.3297065611605671,-100.0,-0.00517186762604811,35,2023-01,2025-11,negative
N08000832,MAINE,anti-social-behaviour,47,1.3428571428571427,0.10950503723171265,49.99999999999999,-0.006533493818026548,35,2023-01,2025-11,negative
N08000832,MAINE,other-theft,1,0.02857142857142857,0.0,0.0,-0.0001840420793810296,35,2023-01,2025-11,negative
N08000832,MAINE,violent-crime,2,0.05714285714285714,-0.10950503723171266,-100.0,-0.0011962735159766922,35,2023-01,2025-11,negative
N08000833,PARK,anti-social-behaviour,91,2.6,-0.45646468104530413,-33.33333333333333,-0.008534738784250427,35,2023-01,2025-11,negative
N08000833,PARK,criminal-damage-arson,1,0.02857142857142857,-0.11411617026132602,-100.0,-0.0014384391209410832,35,2023-01,2025-11,negative
N08000833,PARK,other-theft,1,0.02857142857142857,-0.11411617026132602,-100.0,-0.0014384391209410832,35,2023-01,2025-11,negative
N08000833,PARK,shoplifting,3,0.08571428571428572,-0.34234851078397804,-100.0,-0.0047947970698036125,35,2023-01,2025-11,negative
N08000833,PARK,violent-crime,2,0.05714285714285714,-0.22823234052265204,-100.0,-0.0032604620074664576,35,2023-01,2025-11,negative
N08000834,PORTGLENONE,anti-social-behaviour,145,4.142857142857143,-0.6963095593355217,-33.33333333333333,-0.00877701125212844,35,2023-01,2025-11,negative
N08000834,PORTGLENONE,other-theft,1,0.02857142857142857,-0.09947279419078882,-100.0,-0.0012538587503040607,35,2023-01,2025-11,negative
N08000834,PORTGLENONE,violent-crime,6,0.17142857142857143,-0.5968367651447329,-100.0,-0.008526239502067611,35,2023-01,2025-11,negative
N08000835,SLEMISH,anti-social-behaviour,18,0.5142857142857142,0.0,0.0,-0.0003493757964676362,35,2023-01,2025-11,negative
N08000835,SLEMISH,criminal-damage-arson,1,0.02857142857142857,0.0,0.0,0.00017468789823381787,35,2023-01,2025-11,positive
N08000835,SLEMISH,drugs,1,0.02857142857142857,-0.10393929944912171,-100.0,-0.0014848471349874527,35,2023-01,2025-11,negative
N08000835,SLEMISH,other-theft,2,0.05714285714285714,-0.10393929944912171,-100.0,-0.002096254778805816,35,2023-01,2025-11,negative
N08000835,SLEMISH,violent-crime,3,0.08571428571428572,-0.3118178983473651,-100.0,-0.004454541404962358,35,2023-01,2025-11,negative
N08000836,SUNNYLANDS,anti-social-behaviour,209,5.9714285714285715,-0.3254413798714504,-19.999999999999986,-0.011075946121675423,35,2023-01,2025-11,negative
N08000836,SUNNYLANDS,criminal-damage-arson,2,0.05714285714285714,-0.08136034496786267,-100.0,-0.0018459910202792364,35,2023-01,2025-11,negative
N08000836,SUNNYLANDS,drugs,2,0.05714285714285714,-0.16272068993572533,-100.0,-0.002324581284796076,35,2023-01,2025-11,negative
N08000836,SUNNYLANDS,shoplifting,1,0.02857142857142857,-0.08136034496786267,-100.0,-0.001162290642398038,35,2023-01,2025-11,negative
N08000836,SUNNYLANDS,violent-crime,5,0.14285714285714285,-0.40680172483931337,-100.0,-0.0058114532119901904,35,2023-01,2025-11,negative
N08000837,THE MAIDENS,anti-social-behaviour,145,4.142857142857143,0.0,0.0,-0.012791620429439956,35,2023-01,2025-11,negative
N08000837,THE MAIDENS,criminal-damage-arson,3,0.08571428571428572,-0.29086678301337987,-100.0,-0.0041552397573339965,35,2023-01,2025-11,negative
N08000837,THE MAIDENS,other-crime,2,0.05714285714285714,-0.19391118867558657,-100.0,-0.002607209259503682,35,2023-01,2025-11,negative
N08000837,THE MAIDENS,violent-crime,7,0.2,-0.4847779716889664,-100.0,-0.00700687488491615,35,2023-01,2025-11,negative
N08000838,VICTORIA,anti-social-behaviour,164,4.685714285714286,-0.6068881808526779,-53.333333333333336,-0.005992383298335265,35,2023-01,2025-11,negative
N08000838,VICTORIA,criminal-damage-arson,2,0.05714285714285714,-0.15172204521316948,-100.0,-0.002167457788759564,35,2023-01,2025-11,negative
N08000838,VICTORIA,violent-crime,6,0.17142857142857143,-0.30344409042633896,-80.0,-0.004271166819026198,35,2023-01,2025-11,negative
N08000839,WHITEHEAD SOUTH,anti-social-behaviour,171,4.885714285714286,0.3986048829098159,33.33333333333336,0.022274978750842632,35,2023-01,2025-11,positive
N08000839,WHITEHEAD SOUTH,criminal-damage-arson,3,0.08571428571428572,-0.29895366218236175,-100.0,-0.004270766602605168,35,2023-01,2025-11,negative
N08000839,WHITEHEAD SOUTH,drugs,2,0.05714285714285714,-0.19930244145490783,-100.0,-0.0026796966918306987,35,2023-01,2025-11,negative
N08000839,WHITEHEAD SOUTH,violent-crime,9,0.2571428571428571,-0.8968609865470852,-100.0,-0.012644818764576085,35,2023-01,2025-11,negative
N08000840,WOODBURN,anti-social-behaviour,109,3.1142857142857143,-0.09723842862699339,-10.0,-0.002042824130819185,35,2023-01,2025-11,negative
N08000840,WOODBURN,burglary,1,0.02857142857142857,0.0,0.0,-0.000490277791396605,35,2023-01,2025-11,negative
N08000840,WOODBURN,criminal-damage-arson,3,0.08571428571428572,0.0,0.0,-0.0005719907566293719,35,2023-01,2025-11,negative
N08000840,WOODBURN,other-theft,5,0.14285714285714285,-0.48619214313496695,-100.0,-0.006782176114319705,35,2023-01,2025-11,negative
N08000840,WOODBURN,shoplifting,2,0.05714285714285714,-0.19447685725398675,-100.0,-0.002451388956983025,35,2023-01,2025-11,negative
N08000840,WOODBURN,vehicle-crime,1,0.02857142857142857,0.0,0.0,0.00024513889569830247,35,2023-01,2025-11,positive
N08000840,WOODBURN,violent-crime,7,0.2,-0.09723842862699338,-100.0,-0.001879398200353652,35,2023-01,2025-11,negative
N08000901,ARDBOE,anti-social-behaviour,64,1.8285714285714285,-0.08730574471800245,-25.0,-0.007483349547257347,35,2023-01,2025-11,negative
N08000901,ARDBOE,burglary,1,0.02857142857142857,-0.08730574471800245,-100.0,-0.0011738587525109581,35,2023-01,2025-11,negative
N08000901,ARDBOE,criminal-damage-arson,3,0.08571428571428572,0.0,0.0,-0.0016140557847025658,35,2023-01,2025-11,negative
N08000901,ARDBOE,drugs,3,0.08571428571428572,-0.08730574471800245,-100.0,-0.00036683086015967445,35,2023-01,2025-11,negative
N08000901,ARDBOE,other-crime,3,0.08571428571428572,-0.08730574471800245,-100.0,-0.0013939572686067618,35,2023-01,2025-11,negative
N08000901,ARDBOE,other-theft,1,0.02857142857142857,-0.08730574471800245,-100.0,-0.001247224924542892,35,2023-01,2025-11,negative
N08000901,ARDBOE,violent-crime,9,0.2571428571428571,-0.5238344683080147,-100.0,-0.008877306815864114,35,2023-01,2025-11,negative
N08000902,AUGHER and CLOGHER,anti-social-behaviour,147,4.2,-0.3853564547206165,-26.66666666666666,0.009552954129628744,35,2023-01,2025-11,positive
N08000902,AUGHER and CLOGHER,criminal-damage-arson,1,0.02857142857142857,-0.09633911368015415,-100.0,-0.0013762730525736305,35,2023-01,2025-11,negative
N08000902,AUGHER and CLOGHER,drugs,1,0.02857142857142857,-0.09633911368015415,-100.0,-0.0013762730525736305,35,2023-01,2025-11,negative
N08000902,AUGHER and CLOGHER,other-crime,1,0.02857142857142857,-0.09633911368015415,-100.0,-0.0013762730525736305,35,2023-01,2025-11,negative
N08000902,AUGHER and CLOGHER,robbery,1,0.02857142857142857,-0.09633911368015415,-100.0,-0.0013762730525736305,35,2023-01,2025-11,negative
N08000902,AUGHER and CLOGHER,shoplifting,1,0.02857142857142857,-0.09633911368015415,-100.0,-0.0013762730525736305,35,2023-01,2025-11,negative
N08000902,AUGHER and CLOGHER,vehicle-crime,1,0.02857142857142857,-0.09633911368015415,-100.0,-0.0013762730525736305,35,2023-01,2025-11,negative
N08000903,AUGHNACLOY,anti-social-behaviour,128,3.657142857142857,-1.4430014430014424,-66.66666666666666,-0.020235366874022324,35,2023-01,2025-11,negative
N08000903,AUGHNACLOY,drugs,1,0.02857142857142857,-0.09018759018759019,-100.0,-0.0012883941455370022,35,2023-01,2025-11,negative
N08000903,AUGHNACLOY,other-crime,1,0.02857142857142857,0.0,0.0,1.7415955743392656e-19,35,2023-01,2025-11,flat
N08000903,AUGHNACLOY,violent-crime,4,0.11428571428571428,-0.36075036075036077,-100.0,-0.005153576582148009,35,2023-01,2025-11,negative
N08000904,BALLYGAWLEY,anti-social-behaviour,81,2.3142857142857145,-1.015228426395939,-66.66666666666666,-0.012299335978046024,35,2023-01,2025-11,negative
N08000904,BALLYGAWLEY,criminal-damage-arson,3,0.08571428571428572,-0.08460236886632827,-50.0,-0.0011375108419002117,35,2023-01,2025-11,negative
N08000904,BALLYGAWLEY,other-crime,1,0.02857142857142857,0.0,0.0,0.0007109442761876323,35,2023-01,2025-11,positive
N08000904,BALLYGAWLEY,other-theft,1,0.02857142857142857,-0.08460236886632827,-100.0,-0.0012086052695189752,35,2023-01,2025-11,negative
N08000904,BALLYGAWLEY,vehicle-crime,1,0.02857142857142857,-0.08460236886632827,-100.0,-0.0012086052695189752,35,2023-01,2025-11,negative
N08000904,BALLYGAWLEY,violent-crime,11,0.3142857142857143,-0.8460236886632826,-100.0,-0.012512619260902325,35,2023-01,2025-11,negative
N08000905,BALLYMAGUIGAN,anti-social-behaviour,92,2.6285714285714286,1.0456885456885454,1299.9999999999995,0.015681948455057694,35,2023-01,2025-11,positive
N08000905,BALLYMAGUIGAN,criminal-damage-arson,1,0.02857142857142857,-0.08043758043758044,-100.0,-0.0011491082919654347,35,2023-01,2025-11,negative
N08000905,BALLYMAGUIGAN,drugs,1,0.02857142857142857,-0.08043758043758044,-100.0,-0.0011491082919654347,35,2023-01,2025-11,negative
N08000905,BALLYMAGUIGAN,other-theft,1,0.02857142857142857,0.0,0.0,6.759460540973164e-05,35,2023-01,2025-11,positive
N08000905,BALLYMAGUIGAN,vehicle-crime,2,0.05714285714285714,-0.16087516087516088,-100.0,-0.0022982165839308694,35,2023-01,2025-11,negative
N08000905,BALLYMAGUIGAN,violent-crime,2,0.05714285714285714,-0.08043758043758044,-100.0,-0.0020954327677016743,35,2023-01,2025-11,negative
N08000906,BALLYSAGGART,anti-social-behaviour,579,16.542857142857144,0.39510075069142614,18.181818181818173,-0.03375510615150836,35,2023-01,2025-11,negative
N08000906,BALLYSAGGART,criminal-damage-arson,8,0.22857142857142856,-0.46095087580666405,-100.0,-0.007083038667857503,35,2023-01,2025-11,negative
N08000906,BALLYSAGGART,drugs,3,0.08571428571428572,-0.13170025023047544,-100.0,-0.0026008032608539258,35,2023-01,2025-11,negative
N08000906,BALLYSAGGART,other-theft,3,0.08571428571428572,-0.19755037534571318,-100.0,-0.0028221482192244732,35,2023-01,2025-11,negative
N08000906,BALLYSAGGART,possession-of-weapons,1,0.02857142857142857,-0.06585012511523772,-100.0,-0.0009407160730748246,35,2023-01,2025-11,negative
N08000906,BALLYSAGGART,shoplifting,2,0.05714285714285714,-0.13170025023047544,-100.0,-0.0017707596669643752,35,2023-01,2025-11,negative
N08000906,BALLYSAGGART,violent-crime,15,0.42857142857142855,-0.9877518767285657,-100.0,-0.014055404856529726,35,2023-01,2025-11,negative
N08000907,BELLAGHY,anti-social-behaviour,52,1.4857142857142858,0.34373120219987974,400.0,0.0062102696195776574,35,2023-01,2025-11,positive
N08000907,BELLAGHY,drugs,2,0.05714285714285714,-0.17186560109993987,-100.0,-0.0023107979979823845,35,2023-01,2025-11,negative
N08000907,BELLAGHY,other-theft,2,0.05714285714285714,0.08593280054996993,0.0,0.0016608860610498387,35,2023-01,2025-11,positive
N08000907,BELLAGHY,violent-crime,3,0.08571428571428572,-0.2577984016499098,-100.0,-0.003538409434410525,35,2023-01,2025-11,negative
N08000908,CALEDON,anti-social-behaviour,105,3.0,0.5046681806712087,66.66666666666666,0.017741136323315587,35,2023-01,2025-11,positive
N08000908,CALEDON,burglary,2,0.05714285714285714,0.0,0.0,3.174161768327795e-19,35,2023-01,2025-11,flat
N08000908,CALEDON,criminal-damage-arson,2,0.05714285714285714,0.0,0.0,-0.00014136363604235535,35,2023-01,2025-11,negative
N08000908,CALEDON,drugs,1,0.02857142857142857,0.0,0.0,2.180235407013726e-19,35,2023-01,2025-11,flat
N08000908,CALEDON,other-theft,2,0.05714285714285714,-0.08411136344520144,-100.0,-0.00028272727208471064,35,2023-01,2025-11,negative
N08000908,CALEDON,violent-crime,4,0.11428571428571428,-0.25233409033560433,-100.0,-0.0031806818109529973,35,2023-01,2025-11,negative
N08000909,CASTLECAULFIELD,anti-social-behaviour,60,1.7142857142857142,-0.5320563979781856,-66.66666666666666,-0.008047911902191025,35,2023-01,2025-11,negative
N08000909,CASTLECAULFIELD,criminal-damage-arson,5,0.14285714285714285,-0.44338033164848806,-100.0,-0.006334004737835542,35,2023-01,2025-11,negative
N08000909,CASTLECAULFIELD,drugs,1,0.02857142857142857,-0.08867606632969761,-100.0,-0.0012668009475671085,35,2023-01,2025-11,negative
N08000909,CASTLECAULFIELD,other-theft,3,0.08571428571428572,-0.26602819898909286,-100.0,-0.003651367437105195,35,2023-01,2025-11,negative
N08000909,CASTLECAULFIELD,violent-crime,4,0.11428571428571428,-0.35470426531879046,-100.0,-0.005067203790268434,35,2023-01,2025-11,negative
N08000910,CASTLEDAWSON,anti-social-behaviour,166,4.742857142857143,0.527426160337553,50.00000000000002,0.0022160763039393056,35,2023-01,2025-11,positive
N08000910,CASTLEDAWSON,drugs,1,0.02857142857142857,-0.08790436005625879,-100.0,-0.0012557765722322682,35,2023-01,2025-11,negative
N08000910,CASTLEDAWSON,other-crime,1,0.02857142857142857,-0.08790436005625879,-100.0,-0.0012557765722322682,35,2023-01,2025-11,negative
N08000910,CASTLEDAWSON,possession-of-weapons,1,0.02857142857142857,-0.08790436005625879,-100.0,-0.0012557765722322682,35,2023-01,2025-11,negative
N08000910,CASTLEDAWSON,shoplifting,1,0.02857142857142857,-0.08790436005625879,-100.0,-0.001108038151969648,35,2023-01,2025-11,negative
N08000910,CASTLEDAWSON,violent-crime,7,0.2,-0.6153305203938115,-100.0,-0.008790436005625875,35,2023-01,2025-11,negative
N08000911,COAGH,anti-social-behaviour,70,2.0,0.2966478789676654,150.0,0.005567341145891761,35,2023-01,2025-11,positive
N08000911,COAGH,burglary,1,0.02857142857142857,0.0,0.0,0.0005816625077797357,35,2023-01,2025-11,positive
N08000911,COAGH,violent-crime,2,0.05714285714285714,-0.19776525264511027,-100.0,-0.002825217894930147,35,2023-01,2025-11,negative
N08000912,COALISLAND NORTH,anti-social-behaviour,107,3.057142857142857,0.3632071188595296,57.14285714285713,0.013200594866113162,35,2023-01,2025-11,positive
N08000912,COALISLAND NORTH,burglary,1,0.02857142857142857,-0.09080177971488242,-100.0,-0.0012971682816411772,35,2023-01,2025-11,negative
N08000912,COALISLAND NORTH,criminal-damage-arson,1,0.02857142857142857,-0.09080177971488242,-100.0,-0.0012971682816411772,35,2023-01,2025-11,negative
N08000912,COALISLAND NORTH,other-crime,2,0.05714285714285714,-0.18160355942976483,-100.0,-0.0025943365632823544,35,2023-01,2025-11,negative
N08000912,COALISLAND NORTH,other-theft,1,0.02857142857142857,-0.09080177971488242,-100.0,-0.0012208642650740498,35,2023-01,2025-11,negative
N08000912,COALISLAND NORTH,possession-of-weapons,1,0.02857142857142857,-0.09080177971488242,-100.0,-0.0012971682816411772,35,2023-01,2025-11,negative
N08000912,COALISLAND NORTH,violent-crime,3,0.08571428571428572,-0.2724053391446472,-100.0,-0.0038915048449235314,35,2023-01,2025-11,negative
N08000913,COALISLAND SOUTH,anti-social-behaviour,271,7.742857142857143,0.20652622883106164,15.789473684210535,0.025859166467082504,35,2023-01,2025-11,positive
N08000913,COALISLAND SOUTH,criminal-damage-arson,3,0.08571428571428572,-0.20652622883106156,-100.0,-0.002892524213320189,35,2023-01,2025-11,negative
N08000913,COALISLAND SOUTH,drugs,2,0.05714285714285714,-0.13768415255404104,-100.0,-0.0018512154965249206,35,2023-01,2025-11,negative
N08000913,COALISLAND SOUTH,other-crime,2,0.05714285714285714,-0.13768415255404104,-100.0,-0.001966916465057729,35,2023-01,2025-11,negative
N08000913,COALISLAND SOUTH,other-theft,2,0.05714285714285714,-0.13768415255404104,-100.0,-0.0018512154965249206,35,2023-01,2025-11,negative
N08000913,COALISLAND SOUTH,public-order,1,0.02857142857142857,-0.06884207627702052,-100.0,-0.0009834582325288644,35,2023-01,2025-11,negative
N08000913,COALISLAND SOUTH,shoplifting,1,0.02857142857142857,-0.06884207627702052,-100.0,-0.0009834582325288644,35,2023-01,2025-11,negative
N08000913,COALISLAND SOUTH,violent-crime,5,0.14285714285714285,-0.275368305108082,-100.0,-0.003702430993049843,35,2023-01,2025-11,negative
N08000914,COOKSTOWN EAST,anti-social-behaviour,320,9.142857142857142,1.0554089709762526,66.66666666666661,0.0205464771660643,35,2023-01,2025-11,positive
N08000914,COOKSTOWN EAST,criminal-damage-arson,2,0.05714285714285714,-0.08795074758135445,-100.0,-0.00221724573734507,35,2023-01,2025-11,negative
N08000914,COOKSTOWN EAST,drugs,3,0.08571428571428572,-0.2638522427440633,-100.0,-0.0037693177534866185,35,2023-01,2025-11,negative
N08000914,COOKSTOWN EAST,other-theft,1,0.02857142857142857,-0.08795074758135445,-100.0,-0.0011086228686725346,35,2023-01,2025-11,negative
N08000914,COOKSTOWN EAST,possession-of-weapons,1,0.02857142857142857,-0.08795074758135445,-100.0,-0.001256439251162206,35,2023-01,2025-11,negative
N08000914,COOKSTOWN EAST,robbery,1,0.02857142857142857,-0.08795074758135445,-100.0,-0.001256439251162206,35,2023-01,2025-11,negative
N08000914,COOKSTOWN EAST,shoplifting,1,0.02857142857142857,-0.08795074758135445,-100.0,-0.0011086228686725346,35,2023-01,2025-11,negative
N08000914,COOKSTOWN EAST,violent-crime,8,0.22857142857142856,-0.7036059806508356,-100.0,-0.010051514009297649,35,2023-01,2025-11,negative
N08000915,COOKSTOWN SOUTH,anti-social-behaviour,24,0.6857142857142857,0.0,0.0,0.003338452293516725,35,2023-01,2025-11,positive
N08000915,COOKSTOWN SOUTH,criminal-damage-arson,1,0.02857142857142857,0.0,0.0,0.00015897391873889158,35,2023-01,2025-11,positive
N08000915,COOKSTOWN SOUTH,other-crime,1,0.02857142857142857,-0.09458948164964055,-100.0,-0.001351278309280579,35,2023-01,2025-11,negative
N08000915,COOKSTOWN SOUTH,other-theft,2,0.05714285714285714,-0.09458948164964055,-100.0,-0.0017487131061278086,35,2023-01,2025-11,negative
N08000915,COOKSTOWN SOUTH,violent-crime,2,0.05714285714285714,0.0,0.0,-0.000476921756216675,35,2023-01,2025-11,negative
N08000916,COOKSTOWN WEST,anti-social-behaviour,283,8.085714285714285,-0.2711496746203903,-19.99999999999999,-0.024684494188130783,35,2023-01,2025-11,negative
N08000916,COOKSTOWN WEST,burglary,1,0.02857142857142857,-0.0903832248734635,-100.0,-0.0012152366369541305,35,2023-01,2025-11,negative
N08000916,COOKSTOWN WEST,criminal-damage-arson,2,0.05714285714285714,-0.180766449746927,-100.0,-0.002582377853527527,35,2023-01,2025-11,negative
N08000916,COOKSTOWN WEST,drugs,2,0.05714285714285714,-0.180766449746927,-100.0,-0.0024304732739082614,35,2023-01,2025-11,negative
N08000916,COOKSTOWN WEST,shoplifting,1,0.02857142857142857,-0.0903832248734635,-100.0,-0.0011392843471444973,35,2023-01,2025-11,negative
N08000916,COOKSTOWN WEST,theft-from-the-person,1,0.02857142857142857,-0.0903832248734635,-100.0,-0.0012911889267637636,35,2023-01,2025-11,negative
N08000916,COOKSTOWN WEST,violent-crime,9,0.2571428571428571,-0.723065798987708,-100.0,-0.011013082022396807,35,2023-01,2025-11,negative
N08000917,COOLSHINNY,anti-social-behaviour,44,1.2571428571428571,-0.1646903820816864,-66.66666666666666,-0.008995693138915638,35,2023-01,2025-11,negative
N08000917,COOLSHINNY,other-theft,1,0.02857142857142857,-0.08234519104084322,-100.0,-0.0011763598720120458,35,2023-01,2025-11,negative
N08000917,COOLSHINNY,vehicle-crime,1,0.02857142857142857,-0.08234519104084322,-100.0,-0.0011763598720120458,35,2023-01,2025-11,negative
N08000917,COOLSHINNY,violent-crime,2,0.05714285714285714,-0.16469038208168643,-100.0,-0.0023527197440240915,35,2023-01,2025-11,negative
N08000918,DONAGHMORE,anti-social-behaviour,51,1.457142857142857,0.34731266822957363,133.33333333333331,0.005399398623737071,35,2023-01,2025-11,positive
N08000918,DONAGHMORE,drugs,1,0.02857142857142857,-0.08682816705739342,-100.0,-0.0012404023865341914,35,2023-01,2025-11,negative
N08000918,DONAGHMORE,violent-crime,5,0.14285714285714285,-0.3473126682295737,-100.0,-0.0051075392386702,35,2023-01,2025-11,negative
N08000919,DRAPERSTOWN,anti-social-behaviour,192,5.485714285714286,0.2041232904674426,14.285714285714304,-0.01397987241436682,35,2023-01,2025-11,negative
N08000919,DRAPERSTOWN,criminal-damage-arson,1,0.02857142857142857,-0.10206164523372117,-100.0,-0.001458023503338874,35,2023-01,2025-11,negative
N08000919,DRAPERSTOWN,drugs,1,0.02857142857142857,-0.10206164523372117,-100.0,-0.001458023503338874,35,2023-01,2025-11,negative
N08000919,DRAPERSTOWN,other-crime,1,0.02857142857142857,-0.10206164523372117,-100.0,-0.0012864913264754763,35,2023-01,2025-11,negative
N08000919,DRAPERSTOWN,shoplifting,1,0.02857142857142857,-0.10206164523372117,-100.0,-0.001458023503338874,35,2023-01,2025-11,negative
N08000919,DRAPERSTOWN,violent-crime,5,0.14285714285714285,-0.5103082261686058,-100.0,-0.007204351428262672,35,2023-01,2025-11,negative
N08000920,FIVEMILETOWN,anti-social-behaviour,119,3.4,0.0,0.0,-0.00026475618602827904,35,2023-01,2025-11,negative
N08000920,FIVEMILETOWN,criminal-damage-arson,1,0.02857142857142857,-0.10501995379122032,-100.0,-0.0015002850541602898,35,2023-01,2025-11,negative
N08000920,FIVEMILETOWN,drugs,1,0.02857142857142857,0.0,0.0,-0.0012355288681320036,35,2023-01,2025-11,negative
N08000920,FIVEMILETOWN,possession-of-weapons,2,0.05714285714285714,0.0,0.0,0.0012355288681320036,35,2023-01,2025-11,positive
N08000920,FIVEMILETOWN,vehicle-crime,1,0.02857142857142857,0.0,0.0,1.6276763230185827e-19,35,2023-01,2025-11,flat
N08000920,FIVEMILETOWN,violent-crime,5,0.14285714285714285,-0.21003990758244065,-100.0,-0.002382805674254579,35,2023-01,2025-11,negative
N08000921,GLEBE,anti-social-behaviour,479,13.685714285714285,0.6935413957520589,19.999999999999996,-0.011073350016209333,35,2023-01,2025-11,negative
N08000921,GLEBE,criminal-damage-arson,7,0.2,-0.6068487212830517,-100.0,-0.008523565473003243,35,2023-01,2025-11,negative
N08000921,GLEBE,drugs,3,0.08571428571428572,-0.17338534893801472,-100.0,-0.003423996386591046,35,2023-01,2025-11,negative
N08000921,GLEBE,other-crime,1,0.02857142857142857,-0.08669267446900736,-100.0,-0.0010927648042311853,35,2023-01,2025-11,negative
N08000921,GLEBE,possession-of-weapons,1,0.02857142857142857,-0.08669267446900736,-100.0,-0.001238466778128676,35,2023-01,2025-11,negative
N08000921,GLEBE,shoplifting,1,0.02857142857142857,-0.08669267446900736,-100.0,-0.0011656157911799322,35,2023-01,2025-11,negative
N08000921,GLEBE,violent-crime,18,0.5142857142857142,-1.5604681404421326,-100.0,-0.022000998058521192,35,2023-01,2025-11,negative
N08000922,KILLYMAN,anti-social-behaviour,80,2.2857142857142856,-0.2763194252555956,-30.00000000000001,-0.0005418027946188045,35,2023-01,2025-11,negative
N08000922,KILLYMAN,criminal-damage-arson,1,0.02857142857142857,-0.09210647508519848,-100.0,-0.0013158067869314064,35,2023-01,2025-11,negative
N08000922,KILLYMAN,drugs,2,0.05714285714285714,-0.09210647508519848,-100.0,-0.0009288047907751106,35,2023-01,2025-11,negative
N08000922,KILLYMAN,other-crime,1,0.02857142857142857,0.0,0.0,0.0003870019961562959,35,2023-01,2025-11,positive
N08000922,KILLYMAN,other-theft,1,0.02857142857142857,-0.09210647508519848,-100.0,-0.0013158067869314064,35,2023-01,2025-11,negative
N08000922,KILLYMAN,violent-crime,2,0.05714285714285714,-0.18421295017039696,-100.0,-0.0025542131746315536,35,2023-01,2025-11,negative
N08000923,KILLYMEAL,anti-social-behaviour,270,7.714285714285714,0.666266906522753,100.0,0.011085785503487813,35,2023-01,2025-11,positive
N08000923,KILLYMEAL,criminal-damage-arson,3,0.08571428571428572,-0.1332533813045506,-100.0,-0.0025194967053381416,35,2023-01,2025-11,negative
N08000923,KILLYMEAL,drugs,1,0.02857142857142857,-0.0666266906522753,-100.0,-0.0009518098664610756,35,2023-01,2025-11,negative
N08000923,KILLYMEAL,other-crime,1,0.02857142857142857,-0.0666266906522753,-100.0,-0.0008398322351127135,35,2023-01,2025-11,negative
N08000923,KILLYMEAL,shoplifting,1,0.02857142857142857,-0.0666266906522753,-100.0,-0.0009518098664610756,35,2023-01,2025-11,negative
N08000923,KILLYMEAL,violent-crime,11,0.3142857142857143,-0.7328935971750283,-100.0,-0.010245953268375107,35,2023-01,2025-11,negative
N08000924,LISSAN,anti-social-behaviour,33,0.9428571428571428,0.18549434242255614,200.0,0.0015587759867441698,35,2023-01,2025-11,positive
N08000924,LISSAN,criminal-damage-arson,1,0.02857142857142857,0.0,0.0,0.0003117551973488337,35,2023-01,2025-11,positive
N08000924,LISSAN,other-crime,1,0.02857142857142857,-0.09274717121127807,-100.0,-0.0013249595887325435,35,2023-01,2025-11,negative
N08000924,LISSAN,other-theft,1,0.02857142857142857,-0.09274717121127807,-100.0,-0.0013249595887325435,35,2023-01,2025-11,negative
N08000924,LISSAN,violent-crime,4,0.11428571428571428,-0.37098868484511227,-100.0,-0.004910144358244132,35,2023-01,2025-11,negative
N08000925,LOUGHRY,anti-social-behaviour,34,0.9714285714285714,0.0,0.0,0.0022750216838004224,35,2023-01,2025-11,positive
N08000925,LOUGHRY,criminal-damage-arson,2,0.05714285714285714,0.0,0.0,0.001232303412058562,35,2023-01,2025-11,positive
N08000925,LOUGHRY,drugs,7,0.2,-0.11280315848843768,-100.0,0.0025593993942754764,35,2023-01,2025-11,positive
N08000925,LOUGHRY,other-crime,1,0.02857142857142857,0.0,0.0,0.0009479257015835093,35,2023-01,2025-11,positive
N08000925,LOUGHRY,other-theft,2,0.05714285714285714,0.0,0.0,0.0009479257015835098,35,2023-01,2025-11,positive
N08000925,LOUGHRY,possession-of-weapons,1,0.02857142857142857,0.0,0.0,0.0006635479911084567,35,2023-01,2025-11,positive
N08000926,LOWER GLENSHANE,anti-social-behaviour,40,1.1428571428571428,0.2114388413151496,100.0,0.0070183480940742915,35,2023-01,2025-11,positive
N08000926,LOWER GLENSHANE,violent-crime,2,0.05714285714285714,-0.1057194206575748,-100.0,-0.0018656368351336718,35,2023-01,2025-11,negative
N08000927,MAGHERA,anti-social-behaviour,197,5.628571428571429,0.3843566830018257,26.666666666666668,0.016876165283063342,35,2023-01,2025-11,positive
N08000927,MAGHERA,criminal-damage-arson,3,0.08571428571428572,-0.28826751225136926,-100.0,-0.0041181073178767034,35,2023-01,2025-11,negative
N08000927,MAGHERA,drugs,1,0.02857142857142857,-0.09608917075045642,-100.0,-0.0012112080346696184,35,2023-01,2025-11,negative
N08000927,MAGHERA,other-crime,2,0.05714285714285714,-0.19217834150091284,-100.0,-0.002745404878584468,35,2023-01,2025-11,negative
N08000927,MAGHERA,other-theft,1,0.02857142857142857,-0.09608917075045642,-100.0,-0.001372702439292234,35,2023-01,2025-11,negative
N08000927,MAGHERA,possession-of-weapons,1,0.02857142857142857,-0.09608917075045642,-100.0,-0.001372702439292234,35,2023-01,2025-11,negative
N08000927,MAGHERA,violent-crime,13,0.37142857142857144,-1.2491592197559336,-100.0,-0.017360648496931197,35,2023-01,2025-11,negative
N08000928,MOY,anti-social-behaviour,208,5.942857142857143,0.5063291139240508,60.00000000000002,0.002623834343864143,35,2023-01,2025-11,positive
N08000928,MOY,burglary,1,0.02857142857142857,0.0,0.0,0.00028365776690422994,35,2023-01,2025-11,positive
N08000928,MOY,criminal-damage-arson,2,0.05714285714285714,-0.1687763713080169,-100.0,-0.0024110910186859544,35,2023-01,2025-11,negative
N08000928,MOY,other-theft,1,0.02857142857142857,-0.08438818565400845,-100.0,-0.0011346310676169206,35,2023-01,2025-11,negative
N08000928,MOY,violent-crime,4,0.11428571428571428,-0.2531645569620253,-100.0,-0.0029784065524944147,35,2023-01,2025-11,negative
N08000929,MOYGASHEL,anti-social-behaviour,128,3.657142857142857,-0.2773155851358846,-30.0,-0.006058995977758815,35,2023-01,2025-11,negative
N08000929,MOYGASHEL,burglary,1,0.02857142857142857,-0.09243852837862822,-100.0,-0.0012428709697966825,35,2023-01,2025-11,negative
N08000929,MOYGASHEL,criminal-damage-arson,2,0.05714285714285714,0.0,0.0,7.767943561229252e-05,35,2023-01,2025-11,positive
N08000929,MOYGASHEL,other-theft,3,0.08571428571428572,-0.18487705675725644,-100.0,-0.002796459682042532,35,2023-01,2025-11,negative
N08000929,MOYGASHEL,shoplifting,1,0.02857142857142857,-0.09243852837862822,-100.0,-0.0013205504054089742,35,2023-01,2025-11,negative
N08000929,MOYGASHEL,vehicle-crime,1,0.02857142857142857,0.0,0.0,-0.00023303830683687793,35,2023-01,2025-11,negative
N08000929,MOYGASHEL,violent-crime,9,0.2571428571428571,-0.6470696986503975,-100.0,-0.010098326629598038,35,2023-01,2025-11,negative
N08000930,MULLAGHMORE,anti-social-behaviour,213,6.085714285714285,0.3024803387779794,50.0,-0.01232798019389243,35,2023-01,2025-11,negative
N08000930,MULLAGHMORE,criminal-damage-arson,3,0.08571428571428572,-0.22686025408348456,-100.0,-0.0031137681933027287,35,2023-01,2025-11,negative
N08000930,MULLAGHMORE,drugs,1,0.02857142857142857,-0.07562008469449485,-100.0,-0.0010802869242070691,35,2023-01,2025-11,negative
N08000930,MULLAGHMORE,other-theft,2,0.05714285714285714,-0.1512401693889897,-100.0,-0.0021605738484141383,35,2023-01,2025-11,negative
N08000930,MULLAGHMORE,shoplifting,1,0.02857142857142857,-0.07562008469449485,-100.0,-0.0010802869242070691,35,2023-01,2025-11,negative
N08000930,MULLAGHMORE,violent-crime,15,0.42857142857142855,-1.134301270417423,-100.0,-0.01550529467685441,35,2023-01,2025-11,negative
N08000931,OAKLANDS,anti-social-behaviour,40,1.1428571428571428,0.2929973630237328,150.0,0.012392885662908585,35,2023-01,2025-11,positive
N08000931,OAKLANDS,burglary,1,0.02857142857142857,-0.0976657876745776,-100.0,-0.0012310813572425738,35,2023-01,2025-11,negative
N08000931,OAKLANDS,criminal-damage-arson,1,0.02857142857142857,-0.0976657876745776,-100.0,-0.0013952255382082511,35,2023-01,2025-11,negative
N08000931,OAKLANDS,other-theft,3,0.08571428571428572,-0.1953315753491552,-100.0,-0.003118739438347855,35,2023-01,2025-11,negative
N08000931,OAKLANDS,vehicle-crime,1,0.02857142857142857,-0.0976657876745776,-100.0,-0.0013952255382082511,35,2023-01,2025-11,negative
N08000932,POMEROY,anti-social-behaviour,49,1.4,0.08593280054996993,33.33333333333333,0.0018775233733606882,35,2023-01,2025-11,positive
N08000932,POMEROY,criminal-damage-arson,2,0.05714285714285714,-0.17186560109993987,-100.0,-0.0024552228728562833,35,2023-01,2025-11,negative
N08000932,POMEROY,other-crime,1,0.02857142857142857,-0.08593280054996993,-100.0,-0.0012276114364281417,35,2023-01,2025-11,negative
N08000932,POMEROY,violent-crime,8,0.22857142857142856,-0.6874624043997595,-100.0,-0.009748679053988182,35,2023-01,2025-11,negative
N08000933,STEWARTSTOWN,anti-social-behaviour,50,1.4285714285714286,0.857449088960343,400.0,0.007025318165851554,35,2023-01,2025-11,positive
N08000933,STEWARTSTOWN,criminal-damage-arson,1,0.02857142857142857,0.0,0.0,-9.006818161348119e-05,35,2023-01,2025-11,negative
N08000933,STEWARTSTOWN,drugs,1,0.02857142857142857,-0.10718113612004287,-100.0,-0.0015311590874291835,35,2023-01,2025-11,negative
N08000933,STEWARTSTOWN,violent-crime,7,0.2,-0.5359056806002144,-100.0,-0.007835931800372882,35,2023-01,2025-11,negative
N08000934,SWATRAGH,anti-social-behaviour,69,1.9714285714285715,0.578368999421631,150.0,0.013608682339332493,35,2023-01,2025-11,positive
N08000934,SWATRAGH,other-theft,1,0.02857142857142857,-0.0963948332369385,-100.0,-0.0013770690462419784,35,2023-01,2025-11,negative
N08000934,SWATRAGH,violent-crime,1,0.02857142857142857,-0.0963948332369385,-100.0,-0.0013770690462419784,35,2023-01,2025-11,negative
N08000935,TAMLAGHT O'CRILLY,anti-social-behaviour,65,1.8571428571428572,1.0053925600950553,550.0,0.016666935488206792,35,2023-01,2025-11,positive
N08000935,TAMLAGHT O'CRILLY,burglary,1,0.02857142857142857,-0.09139932364500503,-100.0,-0.001228898469176539,35,2023-01,2025-11,negative
N08000935,TAMLAGHT O'CRILLY,criminal-damage-arson,1,0.02857142857142857,-0.09139932364500503,-100.0,-0.0013057046235000716,35,2023-01,2025-11,negative
N08000935,TAMLAGHT O'CRILLY,violent-crime,3,0.08571428571428572,-0.2741979709350151,-100.0,-0.0036098892532060796,35,2023-01,2025-11,negative
N08000936,THE LOUP,anti-social-behaviour,45,1.2857142857142858,0.2347417840375587,300.0,-0.0037479780644652217,35,2023-01,2025-11,negative
N08000936,THE LOUP,other-theft,4,0.11428571428571428,-0.3129890453834116,-100.0,-0.004471272076905879,35,2023-01,2025-11,negative
N08000936,THE LOUP,violent-crime,6,0.17142857142857143,-0.3912363067292645,-100.0,-0.0053260740916084735,35,2023-01,2025-11,negative
N08000937,TOBERMORE,anti-social-behaviour,51,1.457142857142857,0.19278966647387702,40.0,-0.0038881949540949903,35,2023-01,2025-11,negative
N08000937,TOBERMORE,criminal-damage-arson,2,0.05714285714285714,-0.192789666473877,-100.0,-0.002754138092483957,35,2023-01,2025-11,negative
N08000937,TOBERMORE,drugs,1,0.02857142857142857,0.0,0.0,-0.0011340568616110412,35,2023-01,2025-11,negative
N08000937,TOBERMORE,other-theft,1,0.02857142857142857,-0.0963948332369385,-100.0,-0.001296064984698334,35,2023-01,2025-11,negative
N08000938,TOWN PARKS EAST,anti-social-behaviour,285,8.142857142857142,0.9371192952862899,49.99999999999999,-0.0011024932885720829,35,2023-01,2025-11,negative
N08000938,TOWN PARKS EAST,criminal-damage-arson,3,0.08571428571428572,-0.281135788585887,-100.0,-0.004016225551226956,35,2023-01,2025-11,negative
N08000938,TOWN PARKS EAST,possession-of-weapons,1,0.02857142857142857,-0.093711929528629,-100.0,-0.001338741850408985,35,2023-01,2025-11,negative
N08000938,TOWN PARKS EAST,violent-crime,16,0.45714285714285713,-1.405678942929435,-100.0,-0.021026122003482303,35,2023-01,2025-11,negative
N08000939,VALLEY,anti-social-behaviour,50,1.4285714285714286,0.09681479330041626,24.999999999999986,0.0051254890570808665,35,2023-01,2025-11,positive
N08000939,VALLEY,criminal-damage-arson,1,0.02857142857142857,-0.09681479330041631,-100.0,-0.0013830684757202326,35,2023-01,2025-11,negative
N08000939,VALLEY,drugs,1,0.02857142857142857,-0.09681479330041631,-100.0,-0.0013830684757202326,35,2023-01,2025-11,negative
N08000939,VALLEY,violent-crime,1,0.02857142857142857,-0.09681479330041631,-100.0,-0.0012203545374002056,35,2023-01,2025-11,negative
N08000940,WASHING BAY,anti-social-behaviour,46,1.3142857142857143,-0.35669698591046906,-80.0,-0.009367042697228697,35,2023-01,2025-11,negative
N08000940,WASHING BAY,criminal-damage-arson,1,0.02857142857142857,0.0,0.0,-0.0002997453663113184,35,2023-01,2025-11,negative
N08000940,WASHING BAY,possession-of-weapons,1,0.02857142857142857,-0.08917424647761725,-100.0,-0.0012739178068231032,35,2023-01,2025-11,negative
N08000940,WASHING BAY,violent-crime,2,0.05714285714285714,-0.1783484929552345,-100.0,-0.0025478356136462064,35,2023-01,2025-11,negative
N08001001,ABBEY,anti-social-behaviour,519,14.82857142857143,1.3065490772497137,44.44444444444442,0.023193990972185094,35,2023-01,2025-11,positive
N08001001,ABBEY,bicycle-theft,1,0.02857142857142857,-0.08165931732810713,-100.0,-0.0011665616761158154,35,2023-01,2025-11,negative
N08001001,ABBEY,criminal-damage-arson,3,0.08571428571428572,-0.2449779519843214,-100.0,-0.0033624424782161756,35,2023-01,2025-11,negative
N08001001,ABBEY,drugs,2,0.05714285714285714,-0.16331863465621427,-100.0,-0.002333123352231631,35,2023-01,2025-11,negative
N08001001,ABBEY,other-crime,3,0.08571428571428572,-0.2449779519843214,-100.0,-0.003431063753281813,35,2023-01,2025-11,negative
N08001001,ABBEY,other-theft,5,0.14285714285714285,-0.32663726931242854,-100.0,-0.004254519054069447,35,2023-01,2025-11,negative
N08001001,ABBEY,public-order,1,0.02857142857142857,-0.08165931732810713,-100.0,-0.0011665616761158154,35,2023-01,2025-11,negative
N08001001,ABBEY,shoplifting,3,0.08571428571428572,-0.2449779519843214,-100.0,-0.003499685028347448,35,2023-01,2025-11,negative
N08001001,ABBEY,theft-from-the-person,2,0.05714285714285714,-0.16331863465621427,-100.0,-0.002264502077165997,35,2023-01,2025-11,negative
N08001001,ABBEY,vehicle-crime,1,0.02857142857142857,-0.08165931732810713,-100.0,-0.0011665616761158154,35,2023-01,2025-11,negative
N08001001,ABBEY,violent-crime,19,0.5428571428571428,-1.5515270292340355,-100.0,-0.021752944195806683,35,2023-01,2025-11,negative
N08001002,ANNALONG,anti-social-behaviour,144,4.114285714285714,0.230043708304578,27.272727272727288,6.443801353068574e-05,35,2023-01,2025-11,positive
N08001002,ANNALONG,criminal-damage-arson,1,0.02857142857142857,-0.07668123610152595,-100.0,-0.001095446230021799,35,2023-01,2025-11,negative
N08001002,ANNALONG,other-crime,1,0.02857142857142857,-0.07668123610152595,-100.0,-0.001095446230021799,35,2023-01,2025-11,negative
N08001002,ANNALONG,possession-of-weapons,2,0.05714285714285714,-0.1533624722030519,-100.0,-0.002190892460043598,35,2023-01,2025-11,negative
N08001002,ANNALONG,violent-crime,6,0.17142857142857143,-0.46008741660915575,-100.0,-0.006443801353069407,35,2023-01,2025-11,negative
N08001003,BALLYBOT,anti-social-behaviour,1247,35.628571428571426,-1.5573413069208257,-21.367521367521377,-0.00502537026771088,35,2023-01,2025-11,negative
N08001003,BALLYBOT,burglary,5,0.14285714285714285,-0.18688095683049896,-100.0,-0.003664332486872529,35,2023-01,2025-11,negative
N08001003,BALLYBOT,criminal-damage-arson,11,0.3142857142857143,-0.6852301750451629,-100.0,-0.00947491685891325,35,2023-01,2025-11,negative
N08001003,BALLYBOT,drugs,5,0.14285714285714285,-0.311468261384165,-100.0,-0.004449546591202356,35,2023-01,2025-11,negative
N08001003,BALLYBOT,other-crime,3,0.08571428571428572,-0.18688095683049896,-100.0,-0.002669727954721413,35,2023-01,2025-11,negative
N08001003,BALLYBOT,other-theft,9,0.2571428571428571,-0.560642870491497,-100.0,-0.007695098222432312,35,2023-01,2025-11,negative
N08001003,BALLYBOT,public-order,1,0.02857142857142857,-0.062293652276832985,-100.0,-0.0008899093182404711,35,2023-01,2025-11,negative
N08001003,BALLYBOT,robbery,2,0.05714285714285714,-0.12458730455366597,-100.0,-0.0017798186364809422,35,2023-01,2025-11,negative
N08001003,BALLYBOT,shoplifting,6,0.17142857142857143,-0.373761913660998,-100.0,-0.005287108302487504,35,2023-01,2025-11,negative
N08001003,BALLYBOT,theft-from-the-person,1,0.02857142857142857,-0.062293652276832985,-100.0,-0.000837561711285149,35,2023-01,2025-11,negative
N08001003,BALLYBOT,vehicle-crime,1,0.02857142857142857,-0.062293652276832985,-100.0,-0.000837561711285149,35,2023-01,2025-11,negative
N08001003,BALLYBOT,violent-crime,35,1.0,-1.9933968728586555,-100.0,-0.02999517878539941,35,2023-01,2025-11,negative
N08001004,BALLYDUGAN,anti-social-behaviour,97,2.7714285714285714,-0.08839388314328644,-11.111111111111107,-0.012404855869688081,35,2023-01,2025-11,negative
N08001004,BALLYDUGAN,drugs,1,0.02857142857142857,-0.08839388314328649,-100.0,-0.0011142086110498292,35,2023-01,2025-11,negative
N08001004,BALLYDUGAN,other-crime,1,0.02857142857142857,-0.08839388314328649,-100.0,-0.0011884891851198166,35,2023-01,2025-11,negative
N08001004,BALLYDUGAN,public-order,1,0.02857142857142857,-0.08839388314328649,-100.0,-0.0011884891851198166,35,2023-01,2025-11,negative
N08001004,BALLYDUGAN,violent-crime,8,0.22857142857142856,-0.7071510651462919,-100.0,-0.010027877499448463,35,2023-01,2025-11,negative
N08001005,BALLYNAHINCH,anti-social-behaviour,579,16.542857142857144,0.07120985544399394,1.9607843137255037,0.001675526010446885,35,2023-01,2025-11,positive
N08001005,BALLYNAHINCH,criminal-damage-arson,2,0.05714285714285714,-0.1424197108879869,-100.0,-0.001974727083740995,35,2023-01,2025-11,negative
N08001005,BALLYNAHINCH,drugs,1,0.02857142857142857,-0.07120985544399346,-100.0,-0.0010172836491999062,35,2023-01,2025-11,negative
N08001005,BALLYNAHINCH,other-crime,1,0.02857142857142857,-0.07120985544399346,-100.0,-0.0010172836491999062,35,2023-01,2025-11,negative
N08001005,BALLYNAHINCH,other-theft,5,0.14285714285714285,-0.35604927721996726,-100.0,-0.004847057387364259,35,2023-01,2025-11,negative
N08001005,BALLYNAHINCH,possession-of-weapons,1,0.02857142857142857,0.0,0.0,-0.000837763005223452,35,2023-01,2025-11,negative
N08001005,BALLYNAHINCH,public-order,1,0.02857142857142857,-0.07120985544399346,-100.0,-0.00089760321988227,35,2023-01,2025-11,negative
N08001005,BALLYNAHINCH,violent-crime,17,0.4857142857142857,-1.2105675425478888,-100.0,-0.01681510031912786,35,2023-01,2025-11,negative
N08001006,BALLYWARD,anti-social-behaviour,95,2.7142857142857144,0.5927243091057273,133.33333333333334,0.008529751086920652,35,2023-01,2025-11,positive
N08001006,BALLYWARD,other-crime,2,0.05714285714285714,-0.0740905386382159,-100.0,-0.0018678287051651066,35,2023-01,2025-11,negative
N08001006,BALLYWARD,violent-crime,3,0.08571428571428572,-0.1481810772764318,-100.0,-0.0013074800936155742,35,2023-01,2025-11,negative
N08001007,BESSBROOK,anti-social-behaviour,304,8.685714285714285,1.2646793134598016,110.52631578947374,0.02550613741431532,35,2023-01,2025-11,positive
N08001007,BESSBROOK,burglary,1,0.02857142857142857,-0.06022282445046673,-100.0,-0.0008603260635780958,35,2023-01,2025-11,negative
N08001007,BESSBROOK,criminal-damage-arson,1,0.02857142857142857,-0.06022282445046673,-100.0,-0.0008603260635780958,35,2023-01,2025-11,negative
N08001007,BESSBROOK,drugs,1,0.02857142857142857,-0.06022282445046673,-100.0,-0.0008097186480735024,35,2023-01,2025-11,negative
N08001007,BESSBROOK,other-crime,1,0.02857142857142857,-0.06022282445046673,-100.0,-0.0008097186480735024,35,2023-01,2025-11,negative
N08001007,BESSBROOK,other-theft,2,0.05714285714285714,-0.12044564890093346,-100.0,-0.0016194372961470048,35,2023-01,2025-11,negative
N08001007,BESSBROOK,shoplifting,1,0.02857142857142857,-0.06022282445046673,-100.0,-0.0008603260635780958,35,2023-01,2025-11,negative
N08001007,BESSBROOK,vehicle-crime,1,0.02857142857142857,0.0,0.0,0.0004048593240367509,35,2023-01,2025-11,positive
N08001007,BESSBROOK,violent-crime,19,0.5428571428571428,-1.0237880156579342,-100.0,-0.013613394770735752,35,2023-01,2025-11,negative
N08001008,BINNIAN,anti-social-behaviour,121,3.4571428571428573,-0.15493066852583476,-28.57142857142858,-0.012173123955601295,35,2023-01,2025-11,negative
N08001008,BINNIAN,other-theft,2,0.05714285714285714,-0.15493066852583467,-100.0,-0.0022132952646547804,35,2023-01,2025-11,negative
N08001008,BINNIAN,violent-crime,3,0.08571428571428572,-0.23239600278875203,-100.0,-0.0033199428969821715,35,2023-01,2025-11,negative
N08001009,BURREN,anti-social-behaviour,96,2.742857142857143,0.772141147401745,500.0,0.020568801993811184,35,2023-01,2025-11,positive
N08001009,BURREN,criminal-damage-arson,1,0.02857142857142857,-0.0772141147401745,-100.0,-0.001103058782002493,35,2023-01,2025-11,negative
N08001009,BURREN,other-crime,1,0.02857142857142857,0.0,0.0,0.0005190864856482318,35,2023-01,2025-11,positive
N08001009,BURREN,other-theft,1,0.02857142857142857,-0.0772141147401745,-100.0,-0.001103058782002493,35,2023-01,2025-11,negative
N08001009,BURREN,vehicle-crime,5,0.14285714285714285,-0.308856458960698,-100.0,-0.003568719588831593,35,2023-01,2025-11,negative
N08001009,BURREN,violent-crime,5,0.14285714285714285,-0.308856458960698,-100.0,-0.004282463506597912,35,2023-01,2025-11,negative
N08001010,CAMLOUGH,anti-social-behaviour,103,2.942857142857143,1.2056908608632744,749.9999999999999,0.020736531892718502,35,2023-01,2025-11,positive
N08001010,CAMLOUGH,burglary,2,0.05714285714285714,-0.1607587814484366,-100.0,-0.0021614626077100718,35,2023-01,2025-11,negative
N08001010,CAMLOUGH,criminal-damage-arson,2,0.05714285714285714,-0.1607587814484366,-100.0,-0.002296554020691951,35,2023-01,2025-11,negative
N08001010,CAMLOUGH,drugs,2,0.05714285714285714,-0.1607587814484366,-100.0,-0.002296554020691951,35,2023-01,2025-11,negative
N08001010,CAMLOUGH,violent-crime,15,0.42857142857142855,-0.6430351257937464,-100.0,-0.009659036028204386,35,2023-01,2025-11,negative
N08001011,CASTLEWELLAN,anti-social-behaviour,235,6.714285714285714,-0.5209496167299249,-36.8421052631579,-0.02632890619967569,35,2023-01,2025-11,negative
N08001011,CASTLEWELLAN,criminal-damage-arson,4,0.11428571428571428,-0.14884274763712138,-100.0,-0.0026891756926034527,35,2023-01,2025-11,negative
N08001011,CASTLEWELLAN,drugs,1,0.02857142857142857,-0.07442137381856069,-100.0,-0.0010631624831222953,35,2023-01,2025-11,negative
N08001011,CASTLEWELLAN,other-theft,3,0.08571428571428572,-0.14884274763712138,-100.0,-0.0023764808446263075,35,2023-01,2025-11,negative
N08001011,CASTLEWELLAN,vehicle-crime,1,0.02857142857142857,-0.07442137381856069,-100.0,-0.0010631624831222953,35,2023-01,2025-11,negative
N08001011,CASTLEWELLAN,violent-crime,10,0.2857142857142857,-0.7442137381856068,-100.0,-0.01038146895284124,35,2023-01,2025-11,negative
N08001012,CATHEDRAL,anti-social-behaviour,652,18.62857142857143,-1.5809026954390961,-37.037037037037045,-0.06443174851159329,35,2023-01,2025-11,negative
N08001012,CATHEDRAL,burglary,1,0.02857142857142857,-0.07904513477195478,-100.0,-0.0011292162110279255,35,2023-01,2025-11,negative
N08001012,CATHEDRAL,criminal-damage-arson,17,0.4857142857142857,-1.2647221563512765,-100.0,-0.0185324307574583,35,2023-01,2025-11,negative
N08001012,CATHEDRAL,drugs,7,0.2,-0.4742708086317287,-100.0,-0.007306693130180693,35,2023-01,2025-11,negative
N08001012,CATHEDRAL,other-crime,1,0.02857142857142857,0.0,0.0,-0.0008635182790213545,35,2023-01,2025-11,negative
N08001012,CATHEDRAL,other-theft,2,0.05714285714285714,-0.15809026954390956,-100.0,-0.002258432422055851,35,2023-01,2025-11,negative
N08001012,CATHEDRAL,public-order,1,0.02857142857142857,-0.07904513477195478,-100.0,-0.0011292162110279255,35,2023-01,2025-11,negative
N08001012,CATHEDRAL,shoplifting,2,0.05714285714285714,-0.15809026954390956,-100.0,-0.002125583456052565,35,2023-01,2025-11,negative
N08001012,CATHEDRAL,vehicle-crime,1,0.02857142857142857,-0.07904513477195478,-100.0,-0.0010627917280262827,35,2023-01,2025-11,negative
N08001012,CATHEDRAL,violent-crime,33,0.9428571428571428,-2.3713540431586435,-100.0,-0.03626776771889689,35,2023-01,2025-11,negative
N08001013,CROSSGAR and KILLYLEAGH,anti-social-behaviour,33,0.9428571428571428,0.0,0.0,-0.00693283671325024,35,2023-01,2025-11,negative
N08001013,CROSSGAR and KILLYLEAGH,burglary,2,0.05714285714285714,-0.15137753557372086,-100.0,-0.002098932215938146,35,2023-01,2025-11,negative
N08001013,CROSSGAR and KILLYLEAGH,violent-crime,3,0.08571428571428572,-0.22706630336058128,-100.0,-0.0032438043337225894,35,2023-01,2025-11,negative
N08001014,CROSSMAGLEN,anti-social-behaviour,104,2.9714285714285715,-0.4194982800570519,-38.46153846153847,-0.018754040755491717,35,2023-01,2025-11,negative
N08001014,CROSSMAGLEN,burglary,2,0.05714285714285714,-0.16779931202282072,-100.0,-0.002326629116282808,35,2023-01,2025-11,negative
N08001014,CROSSMAGLEN,drugs,2,0.05714285714285714,-0.16779931202282072,-100.0,-0.0022561252036681773,35,2023-01,2025-11,negative
N08001014,CROSSMAGLEN,other-crime,1,0.02857142857142857,-0.08389965601141036,-100.0,-0.0011985665144487192,35,2023-01,2025-11,negative
N08001014,CROSSMAGLEN,other-theft,1,0.02857142857142857,-0.08389965601141036,-100.0,-0.0011985665144487192,35,2023-01,2025-11,negative
N08001014,CROSSMAGLEN,violent-crime,1,0.02857142857142857,-0.08389965601141036,-100.0,-0.0011985665144487192,35,2023-01,2025-11,negative
N08001015,DAMOLLY,anti-social-behaviour,601,17.17142857142857,1.5189488873699402,62.500000000000014,0.02291187607419365,35,2023-01,2025-11,positive
N08001015,DAMOLLY,burglary,1,0.02857142857142857,-0.075947444368497,-100.0,-0.0010849634909785287,35,2023-01,2025-11,negative
N08001015,DAMOLLY,criminal-damage-arson,6,0.17142857142857143,-0.45568466621098197,-100.0,-0.006254495418582104,35,2023-01,2025-11,negative
N08001015,DAMOLLY,drugs,3,0.08571428571428572,-0.22784233310549099,-100.0,-0.003191069091113318,35,2023-01,2025-11,negative
N08001015,DAMOLLY,other-crime,1,0.02857142857142857,-0.075947444368497,-100.0,-0.0010849634909785287,35,2023-01,2025-11,negative
N08001015,DAMOLLY,other-theft,3,0.08571428571428572,-0.22784233310549099,-100.0,-0.003127247709291052,35,2023-01,2025-11,negative
N08001015,DAMOLLY,possession-of-weapons,1,0.02857142857142857,-0.075947444368497,-100.0,-0.0010849634909785287,35,2023-01,2025-11,negative
N08001015,DAMOLLY,public-order,1,0.02857142857142857,-0.075947444368497,-100.0,-0.0010849634909785287,35,2023-01,2025-11,negative
N08001015,DAMOLLY,shoplifting,8,0.22857142857142856,-0.607579554947976,-100.0,-0.008615886546005962,35,2023-01,2025-11,negative
N08001015,DAMOLLY,vehicle-crime,3,0.08571428571428572,-0.22784233310549104,-100.0,-0.003254890472935585,35,2023-01,2025-11,negative
N08001015,DAMOLLY,violent-crime,14,0.4,-0.9113693324219639,-100.0,-0.01340249018267594,35,2023-01,2025-11,negative
N08001016,DERRYBOY,anti-social-behaviour,54,1.542857142857143,0.24721878862793573,74.99999999999999,0.0031854521783991705,35,2023-01,2025-11,positive
N08001016,DERRYBOY,burglary,1,0.02857142857142857,-0.08240626287597859,-100.0,-0.001177232326799694,35,2023-01,2025-11,negative
N08001016,DERRYBOY,criminal-damage-arson,3,0.08571428571428572,-0.2472187886279357,-100.0,-0.003531696980399081,35,2023-01,2025-11,negative
N08001016,DERRYBOY,other-theft,1,0.02857142857142857,-0.08240626287597859,-100.0,-0.001177232326799694,35,2023-01,2025-11,negative
N08001016,DERRYBOY,shoplifting,1,0.02857142857142857,-0.08240626287597859,-100.0,-0.001177232326799694,35,2023-01,2025-11,negative
N08001016,DERRYBOY,violent-crime,2,0.05714285714285714,-0.16481252575195718,-100.0,-0.002354464653599388,35,2023-01,2025-11,negative
N08001017,DERRYLECKAGH,anti-social-behaviour,71,2.0285714285714285,0.2038320423970647,49.999999999999964,0.008107605047726387,35,2023-01,2025-11,positive
N08001017,DERRYLECKAGH,burglary,1,0.02857142857142857,0.0,0.0,0.0004567664815620499,35,2023-01,2025-11,positive
N08001017,DERRYLECKAGH,criminal-damage-arson,2,0.05714285714285714,-0.1358880282647099,-100.0,-0.0019412575466387124,35,2023-01,2025-11,negative
N08001017,DERRYLECKAGH,other-theft,1,0.02857142857142857,-0.06794401413235494,-100.0,-0.0009706287733193562,35,2023-01,2025-11,negative
N08001017,DERRYLECKAGH,vehicle-crime,1,0.02857142857142857,-0.06794401413235494,-100.0,-0.0009706287733193562,35,2023-01,2025-11,negative
N08001017,DERRYLECKAGH,violent-crime,7,0.2,-0.4756080989264846,-100.0,-0.006680209792844983,35,2023-01,2025-11,negative
N08001018,DONARD,anti-social-behaviour,721,20.6,0.08872327211427589,1.5384615384615439,0.00917055669752596,35,2023-01,2025-11,positive
N08001018,DONARD,burglary,1,0.02857142857142857,-0.0887232721142756,-100.0,-0.0012674753159182225,35,2023-01,2025-11,negative
N08001018,DONARD,criminal-damage-arson,8,0.22857142857142856,-0.4436163605713778,-83.33333333333333,-0.006113704465017308,35,2023-01,2025-11,negative
N08001018,DONARD,drugs,6,0.17142857142857143,-0.44361636057137793,-100.0,-0.007008392923312523,35,2023-01,2025-11,negative
N08001018,DONARD,other-crime,1,0.02857142857142857,0.0,0.0,0.0008201310867706143,35,2023-01,2025-11,positive
N08001018,DONARD,other-theft,1,0.02857142857142857,-0.0887232721142756,-100.0,-0.0011929179443936225,35,2023-01,2025-11,negative
N08001018,DONARD,violent-crime,6,0.17142857142857143,-0.3548930884571024,-100.0,-0.0036533112047054637,35,2023-01,2025-11,negative
N08001019,DRUMALANE,anti-social-behaviour,352,10.057142857142857,-0.6642752756742396,-32.25806451612904,0.013006398254798148,35,2023-01,2025-11,positive
N08001019,DRUMALANE,criminal-damage-arson,4,0.11428571428571428,-0.26571011026969577,-100.0,-0.0036842158146638488,35,2023-01,2025-11,negative
N08001019,DRUMALANE,drugs,2,0.05714285714285714,-0.13285505513484788,-100.0,-0.0018979293590692553,35,2023-01,2025-11,negative
N08001019,DRUMALANE,other-crime,1,0.02857142857142857,-0.06642752756742394,-100.0,-0.0009489646795346276,35,2023-01,2025-11,negative
N08001019,DRUMALANE,other-theft,2,0.05714285714285714,-0.13285505513484788,-100.0,-0.0018979293590692553,35,2023-01,2025-11,negative
N08001019,DRUMALANE,shoplifting,12,0.34285714285714286,-0.7971303308090872,-100.0,-0.01094100454051688,35,2023-01,2025-11,negative
N08001019,DRUMALANE,violent-crime,10,0.2857142857142857,-0.6642752756742394,-100.0,-0.00943382534360894,35,2023-01,2025-11,negative
N08001020,DRUMANESS,anti-social-behaviour,82,2.342857142857143,0.6438113632705615,133.3333333333333,0.016162911325805066,35,2023-01,2025-11,positive
N08001020,DRUMANESS,burglary,1,0.02857142857142857,-0.0804764204088202,-100.0,-0.0011496631486974315,35,2023-01,2025-11,negative
N08001020,DRUMANESS,criminal-damage-arson,1,0.02857142857142857,-0.0804764204088202,-100.0,-0.0011496631486974315,35,2023-01,2025-11,negative
N08001020,DRUMANESS,drugs,1,0.02857142857142857,-0.0804764204088202,-100.0,-0.0011496631486974315,35,2023-01,2025-11,negative
N08001020,DRUMANESS,public-order,1,0.02857142857142857,-0.0804764204088202,-100.0,-0.0011496631486974315,35,2023-01,2025-11,negative
N08001020,DRUMANESS,violent-crime,5,0.14285714285714285,-0.40238210204410113,-100.0,-0.005613061255405106,35,2023-01,2025-11,negative
N08001021,DUNDRUM,anti-social-behaviour,308,8.8,0.29623046730356195,30.76923076923074,0.0036095309041190332,35,2023-01,2025-11,positive
N08001021,DUNDRUM,burglary,1,0.02857142857142857,-0.07405761682589054,-100.0,-0.001057965954655579,35,2023-01,2025-11,negative
N08001021,DUNDRUM,criminal-damage-arson,3,0.08571428571428572,-0.22217285047767163,-100.0,-0.0031738978639667364,35,2023-01,2025-11,negative
N08001021,DUNDRUM,drugs,2,0.05714285714285714,-0.1481152336517811,-100.0,-0.002115931909311158,35,2023-01,2025-11,negative
N08001021,DUNDRUM,other-crime,1,0.02857142857142857,-0.07405761682589054,-100.0,-0.001057965954655579,35,2023-01,2025-11,negative
N08001021,DUNDRUM,other-theft,5,0.14285714285714285,-0.3702880841294527,-100.0,-0.00516536319037724,35,2023-01,2025-11,negative
N08001021,DUNDRUM,violent-crime,6,0.17142857142857143,-0.2962304673035622,-100.0,-0.004169630527171987,35,2023-01,2025-11,negative
N08001022,FATHOM,anti-social-behaviour,114,3.257142857142857,0.0,0.0,0.002836418095591071,35,2023-01,2025-11,positive
N08001022,FATHOM,burglary,1,0.02857142857142857,0.0,0.0,0.0004412205926474998,35,2023-01,2025-11,positive
N08001022,FATHOM,criminal-damage-arson,3,0.08571428571428572,-0.22502250225022502,-100.0,-0.0032146071750032137,35,2023-01,2025-11,negative
N08001022,FATHOM,drugs,4,0.11428571428571428,-0.15001500150015,-66.66666666666666,-0.0022061029632375,35,2023-01,2025-11,negative
N08001022,FATHOM,other-crime,2,0.05714285714285714,0.0,0.0,-2.3809803411311385e-19,35,2023-01,2025-11,flat
N08001022,FATHOM,other-theft,2,0.05714285714285714,-0.15001500150015,-100.0,-0.002017008423531428,35,2023-01,2025-11,negative
N08001022,FATHOM,shoplifting,1,0.02857142857142857,-0.075007500750075,-100.0,-0.0009454726985303568,35,2023-01,2025-11,negative
N08001022,FATHOM,vehicle-crime,1,0.02857142857142857,-0.075007500750075,-100.0,-0.001071535725001071,35,2023-01,2025-11,negative
N08001022,FATHOM,violent-crime,12,0.34285714285714286,-0.8250825082508251,-100.0,-0.011219609355893568,35,2023-01,2025-11,negative
N08001023,FORKHILL,anti-social-behaviour,68,1.9428571428571428,-0.07985944737262418,-33.33333333333333,-0.0010066316895708857,35,2023-01,2025-11,negative
N08001023,FORKHILL,criminal-damage-arson,1,0.02857142857142857,-0.07985944737262418,-100.0,-0.001006631689570893,35,2023-01,2025-11,negative
N08001023,FORKHILL,drugs,2,0.05714285714285714,0.0,0.0,0.0002684351172189047,35,2023-01,2025-11,positive
N08001023,FORKHILL,other-crime,1,0.02857142857142857,-0.07985944737262418,-100.0,-0.0011408492481803452,35,2023-01,2025-11,negative
N08001023,FORKHILL,shoplifting,1,0.02857142857142857,-0.07985944737262418,-100.0,-0.001006631689570893,35,2023-01,2025-11,negative
N08001023,FORKHILL,vehicle-crime,1,0.02857142857142857,0.0,0.0,-0.0005368702344378093,35,2023-01,2025-11,negative
N08001023,FORKHILL,violent-crime,3,0.08571428571428572,-0.15971889474524836,-100.0,-0.00140928436539925,35,2023-01,2025-11,negative
N08001024,HILLTOWN,anti-social-behaviour,134,3.8285714285714287,0.19477989871445267,37.5,0.007529307009130096,35,2023-01,2025-11,positive
N08001024,HILLTOWN,criminal-damage-arson,2,0.05714285714285714,-0.1298532658096351,-100.0,-0.001800486458705025,35,2023-01,2025-11,negative
N08001024,HILLTOWN,other-crime,1,0.02857142857142857,-0.06492663290481755,-100.0,-0.0009275233272116794,35,2023-01,2025-11,negative
N08001024,HILLTOWN,other-theft,1,0.02857142857142857,0.0,0.0,-5.456019571833396e-05,35,2023-01,2025-11,negative
N08001024,HILLTOWN,violent-crime,6,0.17142857142857143,-0.38955979742890534,-100.0,-0.005565139963270075,35,2023-01,2025-11,negative
N08001025,KILKEEL,anti-social-behaviour,434,12.4,1.017552785550751,50.00000000000002,0.015534069135158556,35,2023-01,2025-11,positive
N08001025,KILKEEL,criminal-damage-arson,4,0.11428571428571428,-0.1695921309251251,-66.66666666666667,-0.0022802303317663885,35,2023-01,2025-11,negative
N08001025,KILKEEL,other-crime,1,0.02857142857142857,-0.08479606546256253,-100.0,-0.001211372363750893,35,2023-01,2025-11,negative
N08001025,KILKEEL,other-theft,1,0.02857142857142857,-0.08479606546256253,-100.0,-0.001211372363750893,35,2023-01,2025-11,negative
N08001025,KILKEEL,vehicle-crime,1,0.02857142857142857,-0.08479606546256253,-100.0,-0.001140115165883193,35,2023-01,2025-11,negative
N08001025,KILKEEL,violent-crime,13,0.37142857142857144,-1.102348851013313,-100.0,-0.015462811937290813,35,2023-01,2025-11,negative
N08001026,KILMORE,anti-social-behaviour,113,3.2285714285714286,0.25163563160543534,42.857142857142854,0.006484727761260512,35,2023-01,2025-11,positive
N08001026,KILMORE,violent-crime,2,0.05714285714285714,-0.16775708773695688,-100.0,-0.0023965298248136693,35,2023-01,2025-11,negative
N08001027,KNOCKNASHINNA,anti-social-behaviour,354,10.114285714285714,-0.4274417610600556,-18.181818181818183,-0.0035320817790676865,35,2023-01,2025-11,negative
N08001027,KNOCKNASHINNA,burglary,2,0.05714285714285714,-0.07124029351000925,-100.0,-0.00035919475719332385,35,2023-01,2025-11,negative
N08001027,KNOCKNASHINNA,criminal-damage-arson,14,0.4,-0.569922348080074,-80.0,-0.007722687279656467,35,2023-01,2025-11,negative
N08001027,KNOCKNASHINNA,drugs,2,0.05714285714285714,-0.07124029351000925,-100.0,-0.0005387921357899858,35,2023-01,2025-11,negative
N08001027,KNOCKNASHINNA,other-theft,3,0.08571428571428572,-0.2137208805300278,-100.0,-0.003053155436143254,35,2023-01,2025-11,negative
N08001027,KNOCKNASHINNA,possession-of-weapons,1,0.02857142857142857,-0.07124029351000925,-100.0,-0.001017718478714418,35,2023-01,2025-11,negative
N08001027,KNOCKNASHINNA,public-order,1,0.02857142857142857,-0.07124029351000925,-100.0,-0.001017718478714418,35,2023-01,2025-11,negative
N08001027,KNOCKNASHINNA,shoplifting,3,0.08571428571428572,-0.21372088053002777,-100.0,-0.002933423850412145,35,2023-01,2025-11,negative
N08001027,KNOCKNASHINNA,vehicle-crime,1,0.02857142857142857,-0.07124029351000925,-100.0,-0.001017718478714418,35,2023-01,2025-11,negative
N08001027,KNOCKNASHINNA,violent-crime,31,0.8857142857142857,-1.7810073377502313,-100.0,-0.026340948860843753,35,2023-01,2025-11,negative
N08001028,LECALE,anti-social-behaviour,214,6.114285714285714,-1.1102230246251565e-16,-1.1239727097762833e-14,0.003831028650347767,35,2023-01,2025-11,positive
N08001028,LECALE,burglary,1,0.02857142857142857,-0.07598206823189728,-100.0,-0.0010854581175985321,35,2023-01,2025-11,negative
N08001028,LECALE,drugs,2,0.05714285714285714,-0.15196413646379456,-100.0,-0.0021709162351970642,35,2023-01,2025-11,negative
N08001028,LECALE,violent-crime,9,0.2571428571428571,-0.6078565458551782,-100.0,-0.008300562075753483,35,2023-01,2025-11,negative
N08001029,LISNACREE,anti-social-behaviour,172,4.914285714285715,-0.35228633833579936,-33.333333333333336,-0.022972621726771465,35,2023-01,2025-11,negative
N08001029,LISNACREE,criminal-damage-arson,4,0.11428571428571428,-0.14091453533431972,-100.0,-0.0021906881543570715,35,2023-01,2025-11,negative
N08001029,LISNACREE,other-theft,1,0.02857142857142857,-0.07045726766715986,-100.0,-0.001006532395245141,35,2023-01,2025-11,negative
N08001029,LISNACREE,public-order,1,0.02857142857142857,-0.07045726766715986,-100.0,-0.001006532395245141,35,2023-01,2025-11,negative
N08001029,LISNACREE,violent-crime,6,0.17142857142857143,-0.28182907066863944,-100.0,-0.0044997918846253334,35,2023-01,2025-11,negative
N08001030,MAYOBRIDGE,anti-social-behaviour,66,1.8857142857142857,0.06272738677706685,16.666666666666664,0.001370514332944318,35,2023-01,2025-11,positive
N08001030,MAYOBRIDGE,burglary,1,0.02857142857142857,0.06272738677706687,0.0,0.0008433934356580417,35,2023-01,2025-11,positive
N08001030,MAYOBRIDGE,criminal-damage-arson,3,0.08571428571428572,-0.1881821603312006,-100.0,-0.002530180306974126,35,2023-01,2025-11,negative
N08001030,MAYOBRIDGE,violent-crime,6,0.17142857142857143,-0.31363693388533437,-100.0,-0.0039006946399184434,35,2023-01,2025-11,negative
N08001031,MULLAGHBANE,anti-social-behaviour,29,0.8285714285714286,0.0750581700818134,49.999999999999986,-0.00018922227751717283,35,2023-01,2025-11,negative
N08001031,MULLAGHBANE,drugs,1,0.02857142857142857,-0.07505817008181341,-100.0,-0.001072259572597334,35,2023-01,2025-11,negative
N08001031,MULLAGHBANE,other-theft,1,0.02857142857142857,-0.07505817008181341,-100.0,-0.001072259572597334,35,2023-01,2025-11,negative
N08001031,MULLAGHBANE,violent-crime,8,0.22857142857142856,-0.30023268032725364,-100.0,-0.006433557435584004,35,2023-01,2025-11,negative
N08001032,MURLOUGH,anti-social-behaviour,450,12.857142857142858,-0.06891323823306461,-3.2258064516129052,-0.0028955142114732795,35,2023-01,2025-11,negative
N08001032,MURLOUGH,burglary,1,0.02857142857142857,-0.06891323823306457,-100.0,-0.000984474831900922,35,2023-01,2025-11,negative
N08001032,MURLOUGH,criminal-damage-arson,8,0.22857142857142856,-0.20673971469919372,-100.0,-0.003474617053767961,35,2023-01,2025-11,negative
N08001032,MURLOUGH,drugs,5,0.14285714285714285,-0.13782647646612914,-100.0,-0.0033587964853090285,35,2023-01,2025-11,negative
N08001032,MURLOUGH,other-crime,2,0.05714285714285714,-0.06891323823306457,-100.0,-0.0013319365372777177,35,2023-01,2025-11,negative
N08001032,MURLOUGH,other-theft,1,0.02857142857142857,-0.06891323823306457,-100.0,-0.000984474831900922,35,2023-01,2025-11,negative
N08001032,MURLOUGH,possession-of-weapons,1,0.02857142857142857,-0.06891323823306457,-100.0,-0.000984474831900922,35,2023-01,2025-11,negative
N08001032,MURLOUGH,shoplifting,8,0.22857142857142856,-0.5513059058645166,-100.0,-0.00781788837097791,35,2023-01,2025-11,negative
N08001032,MURLOUGH,vehicle-crime,1,0.02857142857142857,0.0,0.0,0.0006949234107535919,35,2023-01,2025-11,positive
N08001032,MURLOUGH,violent-crime,11,0.3142857142857143,-0.34456619116532283,-100.0,-0.005154015296422475,35,2023-01,2025-11,negative
N08001033,NEWTOWNHAMILTON,anti-social-behaviour,177,5.057142857142857,0.8301260282242848,219.99999999999994,0.011034524744921746,35,2023-01,2025-11,positive
N08001033,NEWTOWNHAMILTON,burglary,1,0.02857142857142857,-0.07546600256584408,-100.0,-0.0010780857509406297,35,2023-01,2025-11,negative
N08001033,NEWTOWNHAMILTON,criminal-damage-arson,1,0.02857142857142857,0.0,0.0,0.000570751279909745,35,2023-01,2025-11,positive
N08001033,NEWTOWNHAMILTON,other-theft,1,0.02857142857142857,0.0,0.0,6.34168088788607e-05,35,2023-01,2025-11,positive
N08001033,NEWTOWNHAMILTON,vehicle-crime,5,0.14285714285714285,-0.22639800769753227,-100.0,-0.0016488370308503746,35,2023-01,2025-11,negative
N08001033,NEWTOWNHAMILTON,violent-crime,5,0.14285714285714285,-0.07546600256584408,-100.0,-0.0010780857509406299,35,2023-01,2025-11,negative
N08001034,QUOILE,anti-social-behaviour,67,1.9142857142857144,0.5592841163310961,349.99999999999994,0.0033570475169933736,35,2023-01,2025-11,positive
N08001034,QUOILE,criminal-damage-arson,1,0.02857142857142857,0.0,0.0,-0.00033570475169933736,35,2023-01,2025-11,negative
N08001034,QUOILE,drugs,6,0.17142857142857143,-0.23969319271332692,-100.0,-0.0029542018149541693,35,2023-01,2025-11,negative
N08001034,QUOILE,other-crime,1,0.02857142857142857,0.0,0.0,-0.0006714095033986746,35,2023-01,2025-11,negative
N08001034,QUOILE,vehicle-crime,1,0.02857142857142857,0.0,0.0,0.00020142285101960232,35,2023-01,2025-11,positive
N08001034,QUOILE,violent-crime,5,0.14285714285714285,-0.31959092361776925,-100.0,-0.003692752268692714,35,2023-01,2025-11,negative
N08001035,ROSTREVOR,anti-social-behaviour,155,4.428571428571429,0.30700744493053944,33.333333333333314,0.015737356420809163,35,2023-01,2025-11,positive
N08001035,ROSTREVOR,criminal-damage-arson,2,0.05714285714285714,-0.15350372246526978,-100.0,-0.0021929103209324253,35,2023-01,2025-11,negative
N08001035,ROSTREVOR,other-crime,1,0.02857142857142857,0.0,0.0,0.0002579894495214617,35,2023-01,2025-11,positive
N08001035,ROSTREVOR,other-theft,1,0.02857142857142857,-0.07675186123263489,-100.0,-0.0010319577980858468,35,2023-01,2025-11,negative
N08001035,ROSTREVOR,vehicle-crime,1,0.02857142857142857,-0.07675186123263489,-100.0,-0.0010964551604662127,35,2023-01,2025-11,negative
N08001035,ROSTREVOR,violent-crime,2,0.05714285714285714,-0.07675186123263489,-100.0,-0.00070947098618402,35,2023-01,2025-11,negative
N08001036,SAINTFIELD,anti-social-behaviour,120,3.4285714285714284,0.3237817710862878,199.99999999999994,-0.002516791077771561,35,2023-01,2025-11,negative
N08001036,SAINTFIELD,criminal-damage-arson,5,0.14285714285714285,-0.40472721385785976,-100.0,-0.005781817340826566,35,2023-01,2025-11,negative
N08001036,SAINTFIELD,other-crime,1,0.02857142857142857,-0.08094544277157197,-100.0,-0.0011563634681653135,35,2023-01,2025-11,negative
N08001036,SAINTFIELD,other-theft,3,0.08571428571428572,-0.16189088554314393,-100.0,-0.0031970048825746902,35,2023-01,2025-11,negative
N08001036,SAINTFIELD,shoplifting,1,0.02857142857142857,-0.08094544277157197,-100.0,-0.0011563634681653135,35,2023-01,2025-11,negative
N08001036,SAINTFIELD,violent-crime,6,0.17142857142857143,-0.40472721385785976,-100.0,-0.005441710438425004,35,2023-01,2025-11,negative
N08001037,ST. PATRICK'S,anti-social-behaviour,402,11.485714285714286,1.0720411663807887,49.999999999999986,0.01723674032220093,35,2023-01,2025-11,positive
N08001037,ST. PATRICK'S,criminal-damage-arson,4,0.11428571428571428,-0.2858776443682104,-100.0,-0.004023908019468506,35,2023-01,2025-11,negative
N08001037,ST. PATRICK'S,drugs,3,0.08571428571428572,-0.2144082332761578,-100.0,-0.0028827997751416173,35,2023-01,2025-11,negative
N08001037,ST. PATRICK'S,other-theft,1,0.02857142857142857,-0.0714694110920526,-100.0,-0.0009008749297317551,35,2023-01,2025-11,negative
N08001037,ST. PATRICK'S,shoplifting,1,0.02857142857142857,-0.0714694110920526,-100.0,-0.0009008749297317551,35,2023-01,2025-11,negative
N08001037,ST. PATRICK'S,vehicle-crime,1,0.02857142857142857,-0.0714694110920526,-100.0,-0.0009008749297317551,35,2023-01,2025-11,negative
N08001037,ST. PATRICK'S,violent-crime,22,0.6285714285714286,-1.5723270440251573,-100.0,-0.022041406614103618,35,2023-01,2025-11,negative
N08001038,STRANGFORD,anti-social-behaviour,89,2.5428571428571427,0.0,0.0,-0.006280539121478194,35,2023-01,2025-11,negative
N08001038,STRANGFORD,criminal-damage-arson,1,0.02857142857142857,-0.07473841554559044,-100.0,-0.0010048862594365102,35,2023-01,2025-11,negative
N08001038,STRANGFORD,other-theft,1,0.02857142857142857,-0.07473841554559044,-100.0,-0.001067691650651292,35,2023-01,2025-11,negative
N08001038,STRANGFORD,violent-crime,9,0.2571428571428571,-0.14947683109118087,-66.66666666666666,-0.0021353833013025834,35,2023-01,2025-11,negative
N08001039,TOLLYMORE,anti-social-behaviour,107,3.057142857142857,-0.8521186768920906,-78.57142857142857,-0.01282409315108799,35,2023-01,2025-11,negative
N08001039,TOLLYMORE,possession-of-weapons,1,0.02857142857142857,-0.07746533426291734,-100.0,-0.0011066476323273902,35,2023-01,2025-11,negative
N08001039,TOLLYMORE,violent-crime,10,0.2857142857142857,-0.6197226741033387,-100.0,-0.00826730878268109,35,2023-01,2025-11,negative
N08001040,WARRENPOINT,anti-social-behaviour,510,14.571428571428571,1.2281462216442707,56.66666666666664,0.021673168617251846,35,2023-01,2025-11,positive
N08001040,WARRENPOINT,criminal-damage-arson,4,0.11428571428571428,-0.2889755815633579,-100.0,-0.0040675134379716356,35,2023-01,2025-11,negative
N08001040,WARRENPOINT,drugs,1,0.02857142857142857,-0.07224389539083947,-100.0,-0.0010320556484405637,35,2023-01,2025-11,negative
N08001040,WARRENPOINT,other-theft,5,0.14285714285714285,-0.36121947695419737,-100.0,-0.005038859930621577,35,2023-01,2025-11,negative
N08001040,WARRENPOINT,shoplifting,6,0.17142857142857143,-0.4334633723450369,-100.0,-0.006192333890643383,35,2023-01,2025-11,negative
N08001040,WARRENPOINT,vehicle-crime,5,0.14285714285714285,-0.36121947695419737,-100.0,-0.0051602782422028185,35,2023-01,2025-11,negative
N08001040,WARRENPOINT,violent-crime,17,0.4857142857142857,-1.2281462216442711,-100.0,-0.017423527711908336,35,2023-01,2025-11,negative
N08001041,WHITECROSS,anti-social-behaviour,64,1.8285714285714285,-0.08200082000820005,-24.999999999999993,-0.0028252383364169753,35,2023-01,2025-11,negative
N08001041,WHITECROSS,drugs,3,0.08571428571428572,-0.24600246002460024,-100.0,-0.0035143208574942887,35,2023-01,2025-11,negative
N08001041,WHITECROSS,other-theft,1,0.02857142857142857,-0.08200082000820007,-100.0,-0.0011714402858314294,35,2023-01,2025-11,negative
N08001041,WHITECROSS,vehicle-crime,1,0.02857142857142857,-0.08200082000820007,-100.0,-0.0011714402858314294,35,2023-01,2025-11,negative
N08001041,WHITECROSS,violent-crime,3,0.08571428571428572,-0.24600246002460022,-100.0,-0.0032386878490633622,35,2023-01,2025-11,negative
N08001101,BALLYCROCHAN,anti-social-behaviour,22,0.6285714285714286,0.10690613641223005,100.0,0.0030544610403494287,35,2023-01,2025-11,positive
N08001101,BALLYCROCHAN,violent-crime,1,0.02857142857142857,-0.10690613641223005,-100.0,-0.0015272305201747148,35,2023-01,2025-11,negative
N08001102,BALLYGOWAN,anti-social-behaviour,170,4.857142857142857,0.9920634920634923,76.47058823529413,0.026805594032484798,35,2023-01,2025-11,positive
N08001102,BALLYGOWAN,other-crime,1,0.02857142857142857,-0.0763125763125763,-100.0,-0.0010901796616082325,35,2023-01,2025-11,negative
N08001102,BALLYGOWAN,other-theft,2,0.05714285714285714,-0.1526251526251526,-100.0,-0.002180359323216465,35,2023-01,2025-11,negative
N08001102,BALLYGOWAN,violent-crime,4,0.11428571428571428,-0.22893772893772893,-100.0,-0.0035911800617682964,35,2023-01,2025-11,negative
N08001103,BALLYGRAINEY,anti-social-behaviour,382,10.914285714285715,-0.31740993493096337,-19.35483870967742,-0.01911572437259303,35,2023-01,2025-11,negative
N08001103,BALLYGRAINEY,burglary,1,0.02857142857142857,-0.052901655821827216,-100.0,-0.0007557379403118173,35,2023-01,2025-11,negative
N08001103,BALLYGRAINEY,criminal-damage-arson,6,0.17142857142857143,-0.21160662328730886,-100.0,-0.0027117655505306377,35,2023-01,2025-11,negative
N08001103,BALLYGRAINEY,drugs,4,0.11428571428571428,-0.15870496746548168,-100.0,-0.002400579339814009,35,2023-01,2025-11,negative
N08001103,BALLYGRAINEY,other-crime,1,0.02857142857142857,-0.052901655821827216,-100.0,-0.0006668275943927797,35,2023-01,2025-11,negative
N08001103,BALLYGRAINEY,other-theft,1,0.02857142857142857,-0.052901655821827216,-100.0,-0.0007112827673522981,35,2023-01,2025-11,negative
N08001103,BALLYGRAINEY,shoplifting,5,0.14285714285714285,-0.26450827910913616,-100.0,-0.003600869009721011,35,2023-01,2025-11,negative
N08001103,BALLYGRAINEY,vehicle-crime,15,0.42857142857142855,-0.740623181505581,-100.0,-0.010669241510284477,35,2023-01,2025-11,negative
N08001103,BALLYGRAINEY,violent-crime,18,0.5142857142857142,-0.8993281489710628,-100.0,-0.011913986353151003,35,2023-01,2025-11,negative
N08001104,BALLYHOLME,anti-social-behaviour,188,5.371428571428571,-0.0856677803478113,-8.333333333333345,-0.04297786963667499,35,2023-01,2025-11,negative
N08001104,BALLYHOLME,criminal-damage-arson,2,0.05714285714285714,-0.1713355606956224,-100.0,-0.0024476508670803194,35,2023-01,2025-11,negative
N08001104,BALLYHOLME,other-crime,1,0.02857142857142857,-0.0856677803478112,-100.0,-0.0011518357021554448,35,2023-01,2025-11,negative
N08001104,BALLYHOLME,violent-crime,4,0.11428571428571428,-0.3426711213912448,-100.0,-0.0048233120027759225,35,2023-01,2025-11,negative
N08001105,BALLYMAGEE,anti-social-behaviour,73,2.085714285714286,0.32370316419843004,100.0,0.0029922141228426262,35,2023-01,2025-11,positive
N08001105,BALLYMAGEE,criminal-damage-arson,2,0.05714285714285714,-0.16185158209921502,-100.0,-0.0022441605921319717,35,2023-01,2025-11,negative
N08001105,BALLYMAGEE,public-order,1,0.02857142857142857,-0.08092579104960751,-100.0,-0.0010880778628518661,35,2023-01,2025-11,negative
N08001105,BALLYMAGEE,violent-crime,4,0.11428571428571428,-0.16185158209921502,-100.0,-0.003672262787125047,35,2023-01,2025-11,negative
N08001106,BALLYWALTER,anti-social-behaviour,207,5.914285714285715,-0.7890395237070508,-52.38095238095236,-0.02218231816074825,35,2023-01,2025-11,negative
N08001106,BALLYWALTER,criminal-damage-arson,3,0.08571428571428572,-0.21519259737465032,-100.0,-0.0029536238855344143,35,2023-01,2025-11,negative
N08001106,BALLYWALTER,drugs,2,0.05714285714285714,-0.14346173158310022,-100.0,-0.0018686191928891202,35,2023-01,2025-11,negative
N08001106,BALLYWALTER,other-theft,1,0.02857142857142857,-0.07173086579155011,-100.0,-0.0010247266541650011,35,2023-01,2025-11,negative
N08001106,BALLYWALTER,violent-crime,3,0.08571428571428572,-0.14346173158310022,-100.0,-0.0028330678085738267,35,2023-01,2025-11,negative
N08001107,BLOOMFIELD,anti-social-behaviour,267,7.628571428571429,0.0,0.0,-0.008828746398272764,35,2023-01,2025-11,negative
N08001107,BLOOMFIELD,criminal-damage-arson,5,0.14285714285714285,-0.3183699458771092,-100.0,-0.004548142083958702,35,2023-01,2025-11,negative
N08001107,BLOOMFIELD,other-crime,2,0.05714285714285714,-0.1591849729385546,-100.0,-0.0021403021571570363,35,2023-01,2025-11,negative
N08001107,BLOOMFIELD,other-theft,3,0.08571428571428572,-0.2387774594078319,-100.0,-0.0032104532357355546,35,2023-01,2025-11,negative
N08001107,BLOOMFIELD,public-order,2,0.05714285714285714,-0.1591849729385546,-100.0,-0.0022740710419793505,35,2023-01,2025-11,negative
N08001107,BLOOMFIELD,shoplifting,3,0.08571428571428572,-0.2387774594078319,-100.0,-0.003277337678146712,35,2023-01,2025-11,negative
N08001107,BLOOMFIELD,violent-crime,5,0.14285714285714285,-0.39796243234638656,-100.0,-0.005685177604948377,35,2023-01,2025-11,negative
N08001108,BROADWAY,anti-social-behaviour,117,3.342857142857143,-1.5589983435642598,-84.21052631578947,-0.03078694207879001,35,2023-01,2025-11,negative
N08001108,BROADWAY,violent-crime,8,0.22857142857142856,-0.7794991717821299,-100.0,-0.01105382228892726,35,2023-01,2025-11,negative
N08001109,BRYANSBURN,anti-social-behaviour,92,2.6285714285714286,-0.26602819898909286,-50.0,-0.0017139071643555066,35,2023-01,2025-11,negative
N08001109,BRYANSBURN,burglary,1,0.02857142857142857,-0.08867606632969761,-100.0,-0.0012668009475671085,35,2023-01,2025-11,negative
N08001109,BRYANSBURN,criminal-damage-arson,3,0.08571428571428572,-0.26602819898909286,-100.0,-0.003800402842701325,35,2023-01,2025-11,negative
N08001109,BRYANSBURN,shoplifting,1,0.02857142857142857,-0.08867606632969761,-100.0,-0.0012668009475671085,35,2023-01,2025-11,negative
N08001109,BRYANSBURN,violent-crime,3,0.08571428571428572,-0.26602819898909286,-100.0,-0.003800402842701325,35,2023-01,2025-11,negative
N08001110,CARROWDORE,anti-social-behaviour,178,5.085714285714285,0.6259780907668233,88.88888888888891,-0.012887784221669876,35,2023-01,2025-11,negative
N08001110,CARROWDORE,criminal-damage-arson,2,0.05714285714285714,-0.1564945226917058,-100.0,-0.0022356360384529397,35,2023-01,2025-11,negative
N08001110,CARROWDORE,other-theft,2,0.05714285714285714,-0.1564945226917058,-100.0,-0.0022356360384529397,35,2023-01,2025-11,negative
N08001110,CARROWDORE,violent-crime,7,0.2,-0.4694835680751173,-100.0,-0.0072986941255375375,35,2023-01,2025-11,negative
N08001111,CASTLE,anti-social-behaviour,566,16.17142857142857,-1.0755356995118723,-25.490196078431378,-0.05457631054407362,35,2023-01,2025-11,negative
N08001111,CASTLE,criminal-damage-arson,2,0.05714285714285714,-0.1654670306941342,-100.0,-0.002363814724201916,35,2023-01,2025-11,negative
N08001111,CASTLE,drugs,1,0.02857142857142857,-0.0827335153470671,-100.0,-0.001181907362100958,35,2023-01,2025-11,negative
N08001111,CASTLE,other-crime,1,0.02857142857142857,-0.0827335153470671,-100.0,-0.0010428594371479044,35,2023-01,2025-11,negative
N08001111,CASTLE,other-theft,3,0.08571428571428572,-0.24820054604120131,-100.0,-0.0034066741613498204,35,2023-01,2025-11,negative
N08001111,CASTLE,public-order,1,0.02857142857142857,-0.0827335153470671,-100.0,-0.001181907362100958,35,2023-01,2025-11,negative
N08001111,CASTLE,shoplifting,6,0.17142857142857143,-0.49640109208240263,-100.0,-0.006882872285176168,35,2023-01,2025-11,negative
N08001111,CASTLE,vehicle-crime,2,0.05714285714285714,-0.1654670306941342,-100.0,-0.002363814724201916,35,2023-01,2025-11,negative
N08001111,CASTLE,violent-crime,19,0.5428571428571428,-1.4892032762472078,-100.0,-0.021413380442770306,35,2023-01,2025-11,negative
N08001112,CLANDEBOYE,anti-social-behaviour,636,18.17142857142857,0.7957348611442667,41.66666666666667,0.06787150286230506,35,2023-01,2025-11,positive
N08001112,CLANDEBOYE,criminal-damage-arson,3,0.08571428571428572,-0.23872045834328004,-100.0,-0.0034102922620468565,35,2023-01,2025-11,negative
N08001112,CLANDEBOYE,drugs,2,0.05714285714285714,-0.07957348611442668,-100.0,-0.0013373695145281795,35,2023-01,2025-11,negative
N08001112,CLANDEBOYE,other-theft,1,0.02857142857142857,0.0,0.0,0.00033434237863204467,35,2023-01,2025-11,positive
N08001112,CLANDEBOYE,shoplifting,2,0.05714285714285714,-0.15914697222885335,-100.0,-0.002273528174697904,35,2023-01,2025-11,negative
N08001112,CLANDEBOYE,vehicle-crime,1,0.02857142857142857,-0.07957348611442668,-100.0,-0.001136764087348952,35,2023-01,2025-11,negative
N08001112,CLANDEBOYE,violent-crime,11,0.3142857142857143,-0.31829394445770676,-80.0,-0.003477160737773265,35,2023-01,2025-11,negative
N08001113,COMBER NORTH,anti-social-behaviour,147,4.2,0.08795074758135435,16.66666666666665,0.021581191843492005,35,2023-01,2025-11,positive
N08001113,COMBER NORTH,burglary,1,0.02857142857142857,-0.08795074758135445,-100.0,-0.001256439251162206,35,2023-01,2025-11,negative
N08001113,COMBER NORTH,criminal-damage-arson,2,0.05714285714285714,-0.1759014951627089,-100.0,-0.002512878502324412,35,2023-01,2025-11,negative
N08001113,COMBER NORTH,drugs,1,0.02857142857142857,0.0,0.0,0.000591265529958685,35,2023-01,2025-11,positive
N08001113,COMBER NORTH,other-crime,1,0.02857142857142857,-0.08795074758135445,-100.0,-0.001256439251162206,35,2023-01,2025-11,negative
N08001113,COMBER NORTH,vehicle-crime,1,0.02857142857142857,-0.08795074758135445,-100.0,-0.001256439251162206,35,2023-01,2025-11,negative
N08001113,COMBER NORTH,violent-crime,1,0.02857142857142857,0.0,0.0,-0.0002956327649793426,35,2023-01,2025-11,negative
N08001114,COMBER SOUTH,anti-social-behaviour,84,2.4,-0.7923930269413628,-69.23076923076923,-0.016498939776650207,35,2023-01,2025-11,negative
N08001114,COMBER SOUTH,burglary,1,0.02857142857142857,-0.08804366966015144,-100.0,-0.0012577667094307346,35,2023-01,2025-11,negative
N08001114,COMBER SOUTH,criminal-damage-arson,2,0.05714285714285714,-0.17608733932030288,-100.0,-0.0025155334188614693,35,2023-01,2025-11,negative
N08001114,COMBER SOUTH,other-theft,1,0.02857142857142857,-0.08804366966015144,-100.0,-0.0012577667094307346,35,2023-01,2025-11,negative
N08001114,COMBER SOUTH,shoplifting,2,0.05714285714285714,-0.17608733932030288,-100.0,-0.002367560864810794,35,2023-01,2025-11,negative
N08001114,COMBER SOUTH,violent-crime,4,0.11428571428571428,-0.35217467864060575,-100.0,-0.005031066837722939,35,2023-01,2025-11,negative
N08001115,COMBER WEST,anti-social-behaviour,117,3.342857142857143,-0.35023202871902637,-66.66666666666666,-0.010006629391972192,35,2023-01,2025-11,negative
N08001115,COMBER WEST,drugs,1,0.02857142857142857,-0.08755800717975659,-100.0,-0.0012508286739965223,35,2023-01,2025-11,negative
N08001115,COMBER WEST,other-crime,1,0.02857142857142857,-0.08755800717975659,-100.0,-0.0012508286739965223,35,2023-01,2025-11,negative
N08001115,COMBER WEST,other-theft,1,0.02857142857142857,-0.08755800717975659,-100.0,-0.0011036723594086962,35,2023-01,2025-11,negative
N08001115,COMBER WEST,violent-crime,5,0.14285714285714285,-0.35023202871902637,-100.0,-0.0045618457522226125,35,2023-01,2025-11,negative
N08001116,CONWAY SQUARE,anti-social-behaviour,920,26.285714285714285,1.9303528685043636,40.32258064516132,-0.046198697222692604,35,2023-01,2025-11,negative
N08001116,CONWAY SQUARE,bicycle-theft,1,0.02857142857142857,0.0,0.0,-0.0006488581070602898,35,2023-01,2025-11,negative
N08001116,CONWAY SQUARE,burglary,5,0.14285714285714285,-0.308856458960698,-100.0,-0.004736664181540116,35,2023-01,2025-11,negative
N08001116,CONWAY SQUARE,criminal-damage-arson,20,0.5714285714285714,-1.0809976063624431,-100.0,-0.019141314158278556,35,2023-01,2025-11,negative
N08001116,CONWAY SQUARE,drugs,9,0.2571428571428571,-0.154428229480349,-66.66666666666666,-0.00019465743211808688,35,2023-01,2025-11,negative
N08001116,CONWAY SQUARE,other-crime,3,0.08571428571428572,0.0,0.0,-0.0005190864856482318,35,2023-01,2025-11,negative
N08001116,CONWAY SQUARE,other-theft,10,0.2857142857142857,-0.46328468844104703,-100.0,-0.0075267540418993625,35,2023-01,2025-11,negative
N08001116,CONWAY SQUARE,possession-of-weapons,3,0.08571428571428572,-0.0772141147401745,-100.0,0.00038931486423617403,35,2023-01,2025-11,positive
N08001116,CONWAY SQUARE,public-order,1,0.02857142857142857,-0.0772141147401745,-100.0,-0.001103058782002493,35,2023-01,2025-11,negative
N08001116,CONWAY SQUARE,shoplifting,65,1.8571428571428572,-0.2316423442205235,-60.0,0.0035038337781255645,35,2023-01,2025-11,positive
N08001116,CONWAY SQUARE,vehicle-crime,1,0.02857142857142857,0.0,0.0,0.0007786297284723477,35,2023-01,2025-11,positive
N08001116,CONWAY SQUARE,violent-crime,33,0.9428571428571428,-1.4670681800633154,-95.0,-0.01966040064392679,35,2023-01,2025-11,negative
N08001117,CRONSTOWN,anti-social-behaviour,74,2.1142857142857143,0.37210686909280344,62.5,-0.005065656537229757,35,2023-01,2025-11,negative
N08001118,CULTRA,anti-social-behaviour,78,2.2285714285714286,0.0,0.0,-0.004893397338970518,35,2023-01,2025-11,negative
N08001118,CULTRA,criminal-damage-arson,1,0.02857142857142857,-0.08318775476249897,-100.0,-0.0011184908203361202,35,2023-01,2025-11,negative
N08001118,CULTRA,drugs,3,0.08571428571428572,-0.2495632642874969,-100.0,-0.0034253781372793678,35,2023-01,2025-11,negative
N08001118,CULTRA,other-theft,1,0.02857142857142857,-0.08318775476249897,-100.0,-0.0011883964966071278,35,2023-01,2025-11,negative
N08001118,CULTRA,violent-crime,4,0.11428571428571428,-0.3327510190499958,-100.0,-0.0046137746338864956,35,2023-01,2025-11,negative
N08001119,DONAGHADEE,anti-social-behaviour,197,5.628571428571429,2.601544142329641,238.4615384615385,0.07023957619301498,35,2023-01,2025-11,positive
N08001119,DONAGHADEE,criminal-damage-arson,1,0.02857142857142857,-0.08392077878482712,-100.0,-0.0011988682683546728,35,2023-01,2025-11,negative
N08001119,DONAGHADEE,other-crime,1,0.02857142857142857,-0.08392077878482712,-100.0,-0.0011988682683546728,35,2023-01,2025-11,negative
N08001119,DONAGHADEE,public-order,1,0.02857142857142857,-0.08392077878482712,-100.0,-0.0011988682683546728,35,2023-01,2025-11,negative
N08001119,DONAGHADEE,violent-crime,4,0.11428571428571428,-0.3356831151393085,-100.0,-0.004724951410574303,35,2023-01,2025-11,negative
N08001120,GLEN,anti-social-behaviour,130,3.7142857142857144,-0.36865000368650014,-31.250000000000007,-0.0010532857248185675,35,2023-01,2025-11,negative
N08001120,GLEN,other-theft,1,0.02857142857142857,-0.0737300007373,-100.0,-0.0010532857248185714,35,2023-01,2025-11,negative
N08001120,GLEN,violent-crime,1,0.02857142857142857,-0.0737300007373,-100.0,-0.0010532857248185714,35,2023-01,2025-11,negative
N08001121,GREGSTOWN,anti-social-behaviour,144,4.114285714285714,0.20944601528955908,24.999999999999996,-0.00994428559988243,35,2023-01,2025-11,negative
N08001121,GREGSTOWN,burglary,1,0.02857142857142857,-0.10472300764477956,-100.0,-0.0014960429663539933,35,2023-01,2025-11,negative
N08001121,GREGSTOWN,criminal-damage-arson,2,0.05714285714285714,-0.2094460152895591,-100.0,-0.0026400758229776344,35,2023-01,2025-11,negative
N08001121,GREGSTOWN,drugs,2,0.05714285714285714,-0.2094460152895591,-100.0,-0.00281608087784281,35,2023-01,2025-11,negative
N08001121,GREGSTOWN,shoplifting,1,0.02857142857142857,-0.10472300764477956,-100.0,-0.0014960429663539933,35,2023-01,2025-11,negative
N08001121,GREGSTOWN,vehicle-crime,1,0.02857142857142857,-0.10472300764477956,-100.0,-0.0014960429663539933,35,2023-01,2025-11,negative
N08001121,GREGSTOWN,violent-crime,4,0.11428571428571428,-0.4188920305791182,-100.0,-0.005984171865415973,35,2023-01,2025-11,negative
N08001122,GROOMSPORT,anti-social-behaviour,103,2.942857142857143,0.3673094582185489,49.999999999999964,-0.010726053506802167,35,2023-01,2025-11,negative
N08001122,GROOMSPORT,criminal-damage-arson,2,0.05714285714285714,-0.18365472910927452,-100.0,-0.00262363898727535,35,2023-01,2025-11,negative
N08001122,GROOMSPORT,drugs,1,0.02857142857142857,-0.09182736455463726,-100.0,-0.001157487788503831,35,2023-01,2025-11,negative
N08001122,GROOMSPORT,other-theft,2,0.05714285714285714,-0.09182736455463726,-100.0,-0.0013118194936376749,35,2023-01,2025-11,negative
N08001122,GROOMSPORT,violent-crime,5,0.14285714285714285,-0.4591368227731863,-100.0,-0.006481931615621456,35,2023-01,2025-11,negative
N08001123,HARBOUR,anti-social-behaviour,653,18.65714285714286,0.9118967452300786,30.232558139534888,0.042794895736072175,35,2023-01,2025-11,positive
N08001123,HARBOUR,criminal-damage-arson,1,0.02857142857142857,-0.07014590347923681,-100.0,-0.0010020843354176688,35,2023-01,2025-11,negative
N08001123,HARBOUR,public-order,1,0.02857142857142857,-0.07014590347923681,-100.0,-0.0010020843354176688,35,2023-01,2025-11,negative
N08001123,HARBOUR,shoplifting,2,0.05714285714285714,-0.14029180695847362,-100.0,-0.0018862763960803166,35,2023-01,2025-11,negative
N08001123,HARBOUR,violent-crime,18,0.5142857142857142,-1.2626262626262628,-100.0,-0.017683841213252966,35,2023-01,2025-11,negative
N08001124,HELEN'S BAY,anti-social-behaviour,202,5.771428571428571,-0.5981372297701443,-49.999999999999986,-0.007683155292365609,35,2023-01,2025-11,negative
N08001124,HELEN'S BAY,criminal-damage-arson,1,0.02857142857142857,0.0,0.0,-0.0009334674654275961,35,2023-01,2025-11,negative
N08001124,HELEN'S BAY,other-crime,1,0.02857142857142857,-0.0854481756814492,-100.0,-0.001220688224020703,35,2023-01,2025-11,negative
N08001124,HELEN'S BAY,other-theft,1,0.02857142857142857,-0.0854481756814492,-100.0,-0.001220688224020703,35,2023-01,2025-11,negative
N08001124,HELEN'S BAY,violent-crime,5,0.14285714285714285,-0.42724087840724606,-100.0,-0.0059598307408069585,35,2023-01,2025-11,negative
N08001125,HOLYWOOD,anti-social-behaviour,359,10.257142857142858,-3.116031160311603,-77.55102040816327,-0.0862042233867717,35,2023-01,2025-11,negative
N08001125,HOLYWOOD,criminal-damage-arson,9,0.2571428571428571,-0.7380073800738006,-100.0,-0.010474054320375133,35,2023-01,2025-11,negative
N08001125,HOLYWOOD,drugs,2,0.05714285714285714,-0.16400164001640014,-100.0,-0.002342880571662859,35,2023-01,2025-11,negative
N08001125,HOLYWOOD,other-theft,1,0.02857142857142857,-0.08200082000820007,-100.0,-0.0011714402858314294,35,2023-01,2025-11,negative
N08001125,HOLYWOOD,public-order,1,0.02857142857142857,-0.08200082000820007,-100.0,-0.0011714402858314294,35,2023-01,2025-11,negative
N08001125,HOLYWOOD,vehicle-crime,1,0.02857142857142857,-0.08200082000820007,-100.0,-0.0011714402858314294,35,2023-01,2025-11,negative
N08001125,HOLYWOOD,violent-crime,21,0.6,-1.6400164001640014,-100.0,-0.0241178882377059,35,2023-01,2025-11,negative
N08001126,KILCOOLEY,anti-social-behaviour,308,8.8,-0.45197740112994356,-26.08695652173913,-0.008102676098688056,35,2023-01,2025-11,negative
N08001126,KILCOOLEY,burglary,2,0.05714285714285714,0.0,0.0,-0.0006963237272310047,35,2023-01,2025-11,negative
N08001126,KILCOOLEY,criminal-damage-arson,4,0.11428571428571428,-0.3013182674199623,-100.0,-0.00405133804934403,35,2023-01,2025-11,negative
N08001126,KILCOOLEY,drugs,1,0.02857142857142857,-0.07532956685499058,-100.0,-0.0010128345123360076,35,2023-01,2025-11,negative
N08001126,KILCOOLEY,other-crime,2,0.05714285714285714,-0.15065913370998116,-100.0,-0.0021522733387140166,35,2023-01,2025-11,negative
N08001126,KILCOOLEY,other-theft,3,0.08571428571428572,-0.07532956685499058,-100.0,-0.0008229280412730063,35,2023-01,2025-11,negative
N08001126,KILCOOLEY,violent-crime,14,0.4,-0.9792843691148775,-100.0,-0.0130402443463261,35,2023-01,2025-11,negative
N08001127,KILLINCHY,anti-social-behaviour,52,1.4857142857142858,0.2675943270002676,300.0,0.001424171488236719,35,2023-01,2025-11,positive
N08001127,KILLINCHY,drugs,1,0.02857142857142857,-0.08919810900008919,-100.0,-0.001274258700001274,35,2023-01,2025-11,negative
N08001127,KILLINCHY,other-theft,1,0.02857142857142857,-0.08919810900008919,-100.0,-0.001274258700001274,35,2023-01,2025-11,negative
N08001127,KILLINCHY,violent-crime,2,0.05714285714285714,-0.17839621800017838,-100.0,-0.002548517400002548,35,2023-01,2025-11,negative
N08001128,KIRCUBBIN,anti-social-behaviour,174,4.9714285714285715,-0.7582650894752805,-71.42857142857142,-0.018797327848336796,35,2023-01,2025-11,negative
N08001128,KIRCUBBIN,criminal-damage-arson,1,0.02857142857142857,-0.07582650894752806,-100.0,-0.0010832358421075437,35,2023-01,2025-11,negative
N08001128,KIRCUBBIN,drugs,1,0.02857142857142857,0.0,0.0,0.0008283568204351803,35,2023-01,2025-11,positive
N08001128,KIRCUBBIN,other-theft,1,0.02857142857142857,0.0,0.0,0.000573477798762817,35,2023-01,2025-11,positive
N08001128,KIRCUBBIN,vehicle-crime,1,0.02857142857142857,-0.07582650894752806,-100.0,-0.0010195160866894525,35,2023-01,2025-11,negative
N08001128,KIRCUBBIN,violent-crime,4,0.11428571428571428,-0.22747952684258418,-100.0,-0.00401434459133972,35,2023-01,2025-11,negative
N08001129,LOUGHRIES,anti-social-behaviour,118,3.3714285714285714,-0.15987210231814541,-22.222222222222214,-0.007859258811438235,35,2023-01,2025-11,negative
N08001129,LOUGHRIES,possession-of-weapons,1,0.02857142857142857,-0.07993605115907275,-100.0,-0.0011419435879867531,35,2023-01,2025-11,negative
N08001129,LOUGHRIES,shoplifting,1,0.02857142857142857,-0.07993605115907275,-100.0,-0.0011419435879867531,35,2023-01,2025-11,negative
N08001129,LOUGHRIES,violent-crime,1,0.02857142857142857,-0.07993605115907275,-100.0,-0.0011419435879867531,35,2023-01,2025-11,negative
N08001130,LOUGHVIEW,anti-social-behaviour,251,7.171428571428572,-1.1440011440011437,-53.33333333333332,-0.037672726748356984,35,2023-01,2025-11,negative
N08001130,LOUGHVIEW,criminal-damage-arson,3,0.08571428571428572,-0.2145002145002145,-100.0,-0.003064288778574492,35,2023-01,2025-11,negative
N08001130,LOUGHVIEW,drugs,4,0.11428571428571428,-0.2145002145002145,-100.0,-0.0026437001226917193,35,2023-01,2025-11,negative
N08001130,LOUGHVIEW,other-theft,2,0.05714285714285714,-0.0715000715000715,-100.0,-0.0015621864361360157,35,2023-01,2025-11,negative
N08001130,LOUGHVIEW,shoplifting,2,0.05714285714285714,-0.143000143000143,-100.0,-0.0019827750920187906,35,2023-01,2025-11,negative
N08001130,LOUGHVIEW,violent-crime,10,0.2857142857142857,-0.7150007150007149,-100.0,-0.010214295928581639,35,2023-01,2025-11,negative
N08001131,MOVILLA,anti-social-behaviour,117,3.342857142857143,-0.1570845114671695,-22.222222222222243,-0.014190407548504789,35,2023-01,2025-11,negative
N08001131,MOVILLA,criminal-damage-arson,1,0.02857142857142857,-0.07854225573358467,-100.0,-0.0011220322247654953,35,2023-01,2025-11,negative
N08001131,MOVILLA,violent-crime,8,0.22857142857142856,-0.6283380458686774,-100.0,-0.008514244529102875,35,2023-01,2025-11,negative
N08001132,PORTAFERRY,anti-social-behaviour,40,1.1428571428571428,0.18811136192626032,200.0,0.009879798420496863,35,2023-01,2025-11,positive
N08001132,PORTAFERRY,other-theft,1,0.02857142857142857,-0.09405568096313016,-100.0,-0.0013436525851875736,35,2023-01,2025-11,negative
N08001132,PORTAFERRY,violent-crime,4,0.11428571428571428,-0.2821670428893905,-100.0,-0.0029244203324670726,35,2023-01,2025-11,negative
N08001133,PORTAVOGIE,anti-social-behaviour,141,4.0285714285714285,0.0,0.0,0.02094498860346207,35,2023-01,2025-11,positive
N08001133,PORTAVOGIE,other-crime,1,0.02857142857142857,-0.086244070720138,-100.0,-0.0012320581531448283,35,2023-01,2025-11,negative
N08001133,PORTAVOGIE,vehicle-crime,1,0.02857142857142857,0.0,0.0,-0.00036237004504259643,35,2023-01,2025-11,negative
N08001133,PORTAVOGIE,violent-crime,5,0.14285714285714285,-0.43122035360068994,-100.0,-0.006015342747707104,35,2023-01,2025-11,negative
N08001134,RATHGAEL,anti-social-behaviour,211,6.0285714285714285,0.09048136083966685,6.249999999999988,-0.0022810427102437003,35,2023-01,2025-11,negative
N08001134,RATHGAEL,burglary,4,0.11428571428571428,-0.3619254433586681,-100.0,-0.004638120177495533,35,2023-01,2025-11,negative
N08001134,RATHGAEL,criminal-damage-arson,3,0.08571428571428572,-0.2714440825190011,-100.0,-0.0035736335793818057,35,2023-01,2025-11,negative
N08001134,RATHGAEL,drugs,1,0.02857142857142857,-0.09048136083966703,-100.0,-0.0012925908691381004,35,2023-01,2025-11,negative
N08001134,RATHGAEL,other-crime,1,0.02857142857142857,-0.09048136083966703,-100.0,-0.0012165561121299771,35,2023-01,2025-11,negative
N08001134,RATHGAEL,shoplifting,1,0.02857142857142857,-0.09048136083966703,-100.0,-0.0012925908691381004,35,2023-01,2025-11,negative
N08001134,RATHGAEL,vehicle-crime,1,0.02857142857142857,-0.09048136083966703,-100.0,-0.0012165561121299771,35,2023-01,2025-11,negative
N08001134,RATHGAEL,violent-crime,24,0.6857142857142857,-2.0810712993123417,-100.0,-0.02988165950419255,35,2023-01,2025-11,negative
N08001135,RATHMORE,anti-social-behaviour,124,3.5428571428571427,0.4505722267279445,62.500000000000014,0.010147340904461266,35,2023-01,2025-11,positive
N08001135,RATHMORE,criminal-damage-arson,3,0.08571428571428572,-0.18022889069117778,-100.0,-0.0031047834110665084,35,2023-01,2025-11,negative
N08001135,RATHMORE,other-crime,1,0.02857142857142857,-0.09011444534558889,-100.0,-0.0012873492192226983,35,2023-01,2025-11,negative
N08001135,RATHMORE,public-order,1,0.02857142857142857,-0.09011444534558889,-100.0,-0.0012873492192226983,35,2023-01,2025-11,negative
N08001135,RATHMORE,shoplifting,2,0.05714285714285714,-0.09011444534558889,-100.0,-0.002271792739804761,35,2023-01,2025-11,negative
N08001135,RATHMORE,violent-crime,6,0.17142857142857143,-0.36045778138235557,-100.0,-0.0034834155343673027,35,2023-01,2025-11,negative
N08001136,SCRABO,anti-social-behaviour,114,3.257142857142857,0.0,0.0,0.007830240388379915,35,2023-01,2025-11,positive
N08001136,SCRABO,burglary,1,0.02857142857142857,-0.07830240388379923,-100.0,-0.0011186057697685605,35,2023-01,2025-11,negative
N08001136,SCRABO,drugs,4,0.11428571428571428,-0.23490721165139772,-100.0,-0.0042112217214816386,35,2023-01,2025-11,negative
N08001136,SCRABO,violent-crime,1,0.02857142857142857,-0.07830240388379923,-100.0,-0.0011186057697685605,35,2023-01,2025-11,negative
N08001137,SILVERBIRCH,anti-social-behaviour,72,2.057142857142857,0.17877893984088666,28.57142857142856,-0.000525820411296723,35,2023-01,2025-11,negative
N08001137,SILVERBIRCH,criminal-damage-arson,1,0.02857142857142857,-0.08938946992044337,-100.0,-0.0012018752258210871,35,2023-01,2025-11,negative
N08001137,SILVERBIRCH,violent-crime,4,0.11428571428571428,-0.3575578796817735,-100.0,-0.00510796970973962,35,2023-01,2025-11,negative
N08001138,SILVERSTREAM,anti-social-behaviour,221,6.314285714285714,-0.6734006734006732,-34.782608695652165,-0.0047392694451517765,35,2023-01,2025-11,negative
N08001138,SILVERSTREAM,criminal-damage-arson,3,0.08571428571428572,-0.25252525252525254,-100.0,-0.0034660328777975855,35,2023-01,2025-11,negative
N08001138,SILVERSTREAM,other-crime,1,0.02857142857142857,0.0,0.0,0.0002122060945590356,35,2023-01,2025-11,positive
N08001138,SILVERSTREAM,other-theft,1,0.02857142857142857,-0.08417508417508418,-100.0,-0.0012025012025012021,35,2023-01,2025-11,negative
N08001138,SILVERSTREAM,vehicle-crime,1,0.02857142857142857,-0.08417508417508418,-100.0,-0.0010610304727951781,35,2023-01,2025-11,negative
N08001138,SILVERSTREAM,violent-crime,4,0.11428571428571428,-0.3367003367003367,-100.0,-0.004668534080298786,35,2023-01,2025-11,negative
N08001139,WARREN,anti-social-behaviour,120,3.4285714285714284,-0.309429875454475,-26.666666666666654,0.0023402259488153614,35,2023-01,2025-11,positive
N08001139,WARREN,criminal-damage-arson,1,0.02857142857142857,-0.07735746886361879,-100.0,-0.0009750941453397324,35,2023-01,2025-11,negative
N08001139,WARREN,other-crime,1,0.02857142857142857,-0.07735746886361879,-100.0,-0.0011051066980516968,35,2023-01,2025-11,negative
N08001139,WARREN,public-order,2,0.05714285714285714,-0.15471493772723757,-100.0,-0.002080200843391429,35,2023-01,2025-11,negative
N08001139,WARREN,shoplifting,2,0.05714285714285714,-0.15471493772723757,-100.0,-0.0022102133961033935,35,2023-01,2025-11,negative
N08001139,WARREN,violent-crime,6,0.17142857142857143,-0.4641448131817127,-100.0,-0.00630560880653027,35,2023-01,2025-11,negative
N08001140,WEST WINDS,anti-social-behaviour,383,10.942857142857143,-1.044698156853966,-48.27586206896551,0.011287254996021243,35,2023-01,2025-11,positive
N08001140,WEST WINDS,burglary,1,0.02857142857142857,-0.07462129691814044,-100.0,-0.0010660185274020061,35,2023-01,2025-11,negative
N08001140,WEST WINDS,criminal-damage-arson,3,0.08571428571428572,-0.22386389075442134,-100.0,-0.0031353486100059,35,2023-01,2025-11,negative
N08001140,WEST WINDS,other-theft,1,0.02857142857142857,-0.07462129691814044,-100.0,-0.00094060458300177,35,2023-01,2025-11,negative
N08001140,WEST WINDS,violent-crime,13,0.37142857142857144,-0.7462129691814043,-100.0,-0.013043050217624544,35,2023-01,2025-11,negative
