Month,Longitude,Latitude,Location,Crime type
2025-11,-5.905607,54.674148,On or near ,anti-social-behaviour
2025-11,-5.896821,54.674939,On or near Glenville Green,anti-social-behaviour
2025-11,-5.909597,54.672833,On or near Station Road,anti-social-behaviour
2025-11,-5.900907,54.676295,On or near Glenview Park,anti-social-behaviour
2025-11,-5.897834,54.67785,On or near Glenville Park,anti-social-behaviour
2025-11,-5.908397,54.672651,On or near Station Road,criminal-damage-arson
2025-11,-5.890783,54.677772,On or near Old Manse Court,drugs
2025-11,-5.896821,54.674939,On or near Glenville Green,drugs
2025-11,-5.900381,54.677463,On or near ,drugs
2025-11,-5.907435,54.673272,On or near ,violent-crime
2025-11,-5.910402,54.673746,On or near Princes Crescent,violent-crime
2025-11,-5.913921,54.674058,On or near Doagh Road,violent-crime
2025-11,-6.155363,54.687607,On or near Seven Mile Straight,burglary
2025-11,-6.192086,54.69321,On or near Abbey Gardens,criminal-damage-arson
2025-11,-6.23961,54.646967,On or near ,criminal-damage-arson
2025-11,-6.21347,54.625524,On or near Glendarragh Park,criminal-damage-arson
2025-11,-6.204038,54.654728,On or near ,drugs
2025-11,-6.294709,54.616076,On or near Largy Road,drugs
2025-11,-6.214511,54.62545,On or near Crumlin Road,drugs
2025-11,-6.181587,54.663692,On or near Killead Road,other-theft
2025-11,-6.243231,54.62516,On or near Cidercourt Road,other-theft
2025-11,-6.204038,54.654728,On or near ,other-theft
2025-11,-6.271803,54.62399,On or near Ballyclan Road,other-theft
2025-11,-6.214511,54.62545,On or near Crumlin Road,other-theft
2025-11,-6.294709,54.616076,On or near Largy Road,violent-crime
2025-11,-6.204038,54.654728,On or near ,violent-crime
2025-11,-6.192086,54.69321,On or near Abbey Gardens,violent-crime
2025-11,-6.210598,54.67504,On or near ,violent-crime
2025-11,-6.234413,54.730706,On or near ,anti-social-behaviour
2025-11,-6.227299,54.721897,On or near Coral Crescent,anti-social-behaviour
2025-11,-6.218505,54.706539,On or near Meadowside,anti-social-behaviour
2025-11,-6.214358,54.713684,On or near Fountain Street,anti-social-behaviour
2025-11,-6.220627,54.706966,On or near Briarhill,anti-social-behaviour
2025-11,-6.218818,54.716732,On or near Menin Road,anti-social-behaviour
2025-11,-6.222188,54.708534,On or near Greenview Avenue,anti-social-behaviour
2025-11,-6.219285,54.714583,On or near Market Square,anti-social-behaviour
2025-11,-6.217056,54.715161,On or near Castle Walk,anti-social-behaviour
2025-11,-6.218029,54.714214,On or near Railway Street,anti-social-behaviour
2025-11,-6.220506,54.71399,On or near Clarke Court,anti-social-behaviour
2025-11,-6.218818,54.716732,On or near Menin Road,criminal-damage-arson
2025-11,-6.221368,54.715206,On or near Market Square,criminal-damage-arson
2025-11,-6.225262,54.713466,On or near Lough Road,criminal-damage-arson
2025-11,-6.22216,54.709162,On or near Greenview Avenue,criminal-damage-arson
2025-11,-6.218818,54.716732,On or near Menin Road,drugs
2025-11,-6.221532,54.721731,On or near ,other-theft
2025-11,-6.218818,54.716732,On or near Menin Road,possession-of-weapons
2025-11,-6.231916,54.730643,On or near ,shoplifting
2025-11,-6.222555,54.720713,On or near Inniscoole Close,vehicle-crime
2025-11,-6.23121,54.729033,On or near ,violent-crime
2025-11,-6.214358,54.713684,On or near Fountain Street,violent-crime
2025-11,-6.222675,54.702,On or near Greenmount Road,violent-crime
2025-11,-6.236228,54.721802,On or near Castle Road,violent-crime
2025-11,-6.226574,54.723916,On or near Coral Crescent,violent-crime
2025-11,-6.22216,54.709162,On or near Greenview Avenue,violent-crime
2025-11,-6.218029,54.714214,On or near Railway Street,violent-crime
2025-11,-6.223028,54.706004,On or near Woodland Grove,violent-crime
2025-11,-5.999062,54.754506,On or near Cameron Court,anti-social-behaviour
2025-11,-5.998258,54.750971,On or near Main Street,anti-social-behaviour
2025-11,-5.999266,54.750673,On or near ,anti-social-behaviour
2025-11,-6.003657,54.75203,On or near Doagh Road,anti-social-behaviour
2025-11,-5.99589,54.755505,On or near Riverdale Park,anti-social-behaviour
2025-11,-5.996486,54.750043,On or near Main Street,anti-social-behaviour
2025-11,-6.001597,54.754117,On or near Ballyeaston Road,burglary
2025-11,-6.001597,54.754117,On or near Ballyeaston Road,criminal-damage-arson
2025-11,-6.000463,54.752858,On or near Park Street,criminal-damage-arson
2025-11,-6.001597,54.754117,On or near Ballyeaston Road,drugs
2025-11,-6.002211,54.752689,On or near Doagh Road,vehicle-crime
2025-11,-6.00052,54.752033,On or near Park Street,violent-crime
2025-11,-5.992823,54.75125,On or near Bellevue Place,violent-crime
2025-11,-6.001597,54.754117,On or near Ballyeaston Road,violent-crime
2025-11,-6.004893,54.751539,On or near Doagh Road,violent-crime
2025-11,-6.000621,54.751244,On or near Harrier Way,violent-crime
2025-11,-6.001553,54.754395,On or near Ballyeaston Road,other-crime
2025-11,-6.008717,54.760973,On or near Victoria Gardens,anti-social-behaviour
2025-11,-6.004328,54.75798,On or near Erskine Park,drugs
2025-11,-6.005677,54.760231,On or near Rashee Crescent,other-crime
2025-11,-5.914568,54.691679,On or near Monkstown Gardens,anti-social-behaviour
2025-11,-5.93106,54.689455,On or near Ballyfore Park,anti-social-behaviour
2025-11,-5.935726,54.689814,On or near Forthill Grove,anti-social-behaviour
2025-11,-5.931023,54.687137,On or near Ballyduff Close,drugs
2025-11,-5.912638,54.691511,On or near Lisbane Drive,drugs
2025-11,-5.917762,54.6923,On or near Monkstown Road,other-theft
2025-11,-5.912638,54.691511,On or near Lisbane Drive,violent-crime
2025-11,-5.935726,54.689814,On or near Forthill Grove,violent-crime
2025-11,-5.931378,54.688697,On or near Ballyfore Park,violent-crime
2025-11,-5.96743,54.679855,On or near Glenvarna Drive,anti-social-behaviour
2025-11,-5.975685,54.681593,On or near Dalewood,violent-crime
2025-11,-5.943857,54.762064,On or near Legaloy Road,burglary
2025-11,-5.96415,54.766683,On or near Templepatrick Road,violent-crime
2025-11,-5.9835,54.755372,On or near Henryville Court,violent-crime
2025-11,-6.005712,54.719728,On or near Wesleydale,anti-social-behaviour
2025-11,-6.01454,54.734698,On or near Ballyrobert Road,anti-social-behaviour
2025-11,-6.006181,54.743042,On or near Mill Road,shoplifting
2025-11,-5.975089,54.732167,On or near Logwood Road,violent-crime
2025-11,-6.007076,54.719445,On or near Wesleydale Court,other-crime
2025-11,-5.963464,54.682251,On or near Ladysmith Lane,anti-social-behaviour
2025-11,-5.957839,54.688966,On or near Manse Drive,anti-social-behaviour
2025-11,-5.959506,54.688824,On or near Carntall View,criminal-damage-arson
2025-11,-5.966078,54.686104,On or near Glencraig Gardens,criminal-damage-arson
2025-11,-5.956615,54.687095,On or near Manse Road,drugs
2025-11,-5.958483,54.688187,On or near Manse Terrace,violent-crime
2025-11,-5.956615,54.687095,On or near Manse Road,other-crime
2025-11,-5.956296,54.678931,On or near Burnthill Gardens,anti-social-behaviour
2025-11,-5.951174,54.684577,On or near Carnvue Road,anti-social-behaviour
2025-11,-5.951303,54.682944,On or near Carnvue Avenue,shoplifting
2025-11,-5.951303,54.682944,On or near Carnvue Avenue,violent-crime
2025-11,-5.916988,54.677444,On or near Ardranny Drive,anti-social-behaviour
2025-11,-5.914882,54.677704,On or near Kings Avenue,anti-social-behaviour
2025-11,-5.913892,54.676142,On or near Fernagh Road,anti-social-behaviour
2025-11,-5.944863,54.67597,On or near Glebe Manor,other-theft
2025-11,-5.920258,54.673241,On or near Renagh Park,other-theft
2025-11,-5.916988,54.677444,On or near Ardranny Drive,violent-crime
2025-11,-5.954923,54.668935,On or near Antrim Road,anti-social-behaviour
2025-11,-5.955467,54.667668,On or near Glengormley Park,criminal-damage-arson
2025-11,-5.957341,54.663378,On or near Collinbridge Drive,drugs
2025-11,-5.977734,54.663783,On or near Upper Hollybrook Heights,vehicle-crime
2025-11,-5.957436,54.665186,On or near Glenwell Grove,violent-crime
2025-11,-5.954923,54.668935,On or near Antrim Road,violent-crime
2025-11,-6.330031,54.78231,On or near ,anti-social-behaviour
2025-11,-6.332295,54.756754,On or near Glendale Gardens,anti-social-behaviour
2025-11,-6.340893,54.764167,On or near ,anti-social-behaviour
2025-11,-6.32963,54.744903,On or near The Gables,burglary
2025-11,-6.329504,54.746061,On or near The Gables,burglary
2025-11,-6.326584,54.757367,On or near Ahoghill Road,violent-crime
2025-11,-6.327841,54.747978,On or near Kemmilhill Heights,violent-crime
2025-11,-6.213047,54.622463,On or near Helen Street,anti-social-behaviour
2025-11,-6.216598,54.620566,On or near Orchard Road,anti-social-behaviour
2025-11,-6.215095,54.620939,On or near Mill Road,anti-social-behaviour
2025-11,-6.220183,54.621086,On or near Hill Street,drugs
2025-11,-6.220183,54.621086,On or near Hill Street,other-theft
2025-11,-6.221232,54.617624,On or near Landgarve Manor,other-theft
2025-11,-6.216598,54.620566,On or near Orchard Road,violent-crime
2025-11,-6.218148,54.620885,On or near Cidercourt Road,violent-crime
2025-11,-6.223589,54.621091,On or near Cidercourt Park,violent-crime
2025-11,-6.222632,54.618894,On or near Glenavy Road,violent-crime
2025-11,-6.216811,54.619599,On or near Orchard Road,violent-crime
2025-11,-6.039125,54.736823,On or near Village Green,anti-social-behaviour
2025-11,-6.039782,54.737696,On or near Anderson Park,anti-social-behaviour
2025-11,-6.037769,54.738212,On or near Anderson Court,anti-social-behaviour
2025-11,-6.042349,54.736956,On or near Ravensburn Court,burglary
2025-11,-6.041639,54.736532,On or near Exchange Avenue,drugs
2025-11,-6.042552,54.737247,On or near The Burn Road,other-theft
2025-11,-6.013597,54.763811,On or near Rashee Road,violent-crime
2025-11,-6.048679,54.76288,On or near Old Mill Mews,violent-crime
2025-11,-6.050242,54.758817,On or near Douglas Avenue,violent-crime
2025-11,-6.04803,54.759572,On or near Kellburn Park,other-crime
2025-11,-5.935598,54.686837,On or near Forthill Gardens,anti-social-behaviour
2025-11,-6.204323,54.71181,On or near Belfast Road,anti-social-behaviour
2025-11,-6.213087,54.708723,On or near Greenvale Manor,drugs
2025-11,-6.212608,54.711861,On or near Thyme Park,other-theft
2025-11,-6.202296,54.710639,On or near Belfast Road,other-theft
2025-11,-6.208275,54.712992,On or near Avon Court,violent-crime
2025-11,-6.213942,54.712563,On or near Allen Court,violent-crime
2025-11,-6.213547,54.710608,On or near The Cedars,violent-crime
2025-11,-6.212479,54.709137,On or near Greenvale Manor,violent-crime
2025-11,-6.199092,54.713961,On or near Hillcrest,violent-crime
2025-11,-6.213087,54.708723,On or near Greenvale Manor,other-crime
2025-11,-5.944395,54.670212,On or near Collinward Gardens,anti-social-behaviour
2025-11,-5.94906,54.672376,On or near Tobarcooran Avenue,anti-social-behaviour
2025-11,-5.947048,54.670167,On or near Collinward Drive,anti-social-behaviour
2025-11,-5.95269,54.672958,On or near Glebecoole Avenue,anti-social-behaviour
2025-11,-5.960359,54.676772,On or near Queens Park,anti-social-behaviour
2025-11,-5.963415,54.677353,On or near ,anti-social-behaviour
2025-11,-5.958673,54.669582,On or near ,anti-social-behaviour
2025-11,-5.963301,54.673739,On or near Antrim Road,anti-social-behaviour
2025-11,-5.956116,54.674184,On or near Glebe Road West,anti-social-behaviour
2025-11,-5.958801,54.677841,On or near ,anti-social-behaviour
2025-11,-5.963128,54.670079,On or near Rural Gardens,anti-social-behaviour
2025-11,-5.959826,54.673178,On or near ,anti-social-behaviour
2025-11,-5.967857,54.67502,On or near Burneys Mews,burglary
2025-11,-5.952983,54.67237,On or near Glebecoole Avenue,criminal-damage-arson
2025-11,-5.959095,54.670443,On or near Farmley Park,criminal-damage-arson
2025-11,-5.95269,54.672958,On or near Glebecoole Avenue,criminal-damage-arson
2025-11,-5.96348,54.671101,On or near Harmin Avenue,criminal-damage-arson
2025-11,-5.959961,54.668939,On or near Farmley Gardens,criminal-damage-arson
2025-11,-5.951802,54.674579,On or near Ashgrove Road,criminal-damage-arson
2025-11,-5.963415,54.677353,On or near ,other-theft
2025-11,-5.961312,54.672601,On or near Harmin Parade,other-theft
2025-11,-5.959023,54.671574,On or near Ballyclare Road,shoplifting
2025-11,-5.964978,54.674926,On or near ,shoplifting
2025-11,-5.960067,54.678267,On or near ,violent-crime
2025-11,-5.967773,54.675468,On or near Burneys Lane,violent-crime
2025-11,-5.963301,54.673739,On or near Antrim Road,violent-crime
2025-11,-5.958946,54.674636,On or near Hillview Drive,violent-crime
2025-11,-5.96348,54.671101,On or near Harmin Avenue,violent-crime
2025-11,-5.956978,54.67091,On or near Church Road,violent-crime
2025-11,-5.959259,54.677067,On or near Queens Park,violent-crime
2025-11,-5.961312,54.672601,On or near Harmin Parade,violent-crime
2025-11,-5.960284,54.669915,On or near Farmley Park,violent-crime
2025-11,-5.957284,54.678418,On or near Queens Avenue,violent-crime
2025-11,-5.963955,54.673993,On or near Moyola Park,violent-crime
2025-11,-6.188752,54.709898,On or near Firmount Drive,anti-social-behaviour
2025-11,-6.193274,54.7094,On or near Brantwood Gardens,anti-social-behaviour
2025-11,-6.18698,54.710663,On or near Firmount Drive,anti-social-behaviour
2025-11,-6.187553,54.712773,On or near Rathmore Gardens,anti-social-behaviour
2025-11,-6.184367,54.707668,On or near Craighill,anti-social-behaviour
2025-11,-6.191442,54.711151,On or near Brantwood Gardens,anti-social-behaviour
2025-11,-6.188752,54.709898,On or near Firmount Drive,burglary
2025-11,-6.187553,54.712773,On or near Rathmore Gardens,criminal-damage-arson
2025-11,-6.188752,54.709898,On or near Firmount Drive,criminal-damage-arson
2025-11,-6.186902,54.711362,On or near Islandbawn Drive,criminal-damage-arson
2025-11,-6.191539,54.708287,On or near Grange Lodge,other-theft
2025-11,-6.188447,54.712913,On or near Rathmore Gardens,shoplifting
2025-11,-6.18698,54.710663,On or near Firmount Drive,violent-crime
2025-11,-6.184367,54.707668,On or near Craighill,violent-crime
2025-11,-6.183323,54.704633,On or near Ballycraigy Drive,violent-crime
2025-11,-6.185528,54.710856,On or near Donore Crescent,violent-crime
2025-11,-5.913167,54.694198,On or near Oaklands Drive,criminal-damage-arson
2025-11,-5.91604,54.69352,On or near Laral Gardens,violent-crime
2025-11,-5.908788,54.693089,On or near Mulberry Park,violent-crime
2025-11,-5.909743,54.694723,On or near Burnet Avenue,violent-crime
2025-11,-6.031045,54.679972,On or near Clarke Lodge Road,anti-social-behaviour
2025-11,-5.99739,54.672556,On or near ,anti-social-behaviour
2025-11,-6.006684,54.673356,On or near ,burglary
2025-11,-5.980448,54.669992,On or near ,criminal-damage-arson
2025-11,-5.979617,54.668945,On or near Mayfield Dale,criminal-damage-arson
2025-11,-5.990356,54.680948,On or near Lower Rogan Manor,criminal-damage-arson
2025-11,-5.993768,54.685021,On or near Antrim Road,drugs
2025-11,-5.987971,54.67116,On or near ,drugs
2025-11,-5.986071,54.681991,On or near Willowtree Park,other-theft
2025-11,-5.993776,54.678884,On or near Trench Road,other-theft
2025-11,-5.990915,54.676213,On or near Blackwater Business Park,robbery
2025-11,-5.980448,54.669992,On or near ,shoplifting
2025-11,-5.993768,54.685021,On or near Antrim Road,violent-crime
2025-11,-6.000427,54.689938,On or near Ballycraigy Road South,violent-crime
2025-11,-6.002505,54.67857,On or near Highgate Grove,violent-crime
2025-11,-6.006438,54.679938,On or near Parkmount Road,violent-crime
2025-11,-6.001839,54.676349,On or near ,violent-crime
2025-11,-5.983192,54.678133,On or near Michelin Road,violent-crime
2025-11,-6.004534,54.675135,On or near Hydepark Manor,other-crime
2025-11,-5.90846,54.686192,On or near Hollybank Park,anti-social-behaviour
2025-11,-5.90692,54.688088,On or near ,burglary
2025-11,-5.907003,54.687083,On or near Ards Drive,criminal-damage-arson
2025-11,-5.913572,54.687826,On or near Cashel Drive,criminal-damage-arson
2025-11,-5.907003,54.687083,On or near Ards Drive,drugs
2025-11,-5.907003,54.687083,On or near Ards Drive,possession-of-weapons
2025-11,-5.907003,54.687083,On or near Ards Drive,robbery
2025-11,-5.919246,54.688777,On or near River Walk,violent-crime
2025-11,-5.904047,54.677931,On or near Glenabbey Crescent,violent-crime
2025-11,-5.907827,54.685238,On or near Hollybank Drive,violent-crime
2025-11,-5.907003,54.687083,On or near Ards Drive,other-crime
2025-11,-5.948743,54.689424,On or near Beechgrove Crescent,anti-social-behaviour
2025-11,-5.997633,54.708867,On or near Springwell Road,anti-social-behaviour
2025-11,-5.947232,54.692022,On or near Hazelburn Road,criminal-damage-arson
2025-11,-5.950432,54.69222,On or near Rowan Grove,drugs
2025-11,-5.945034,54.693772,On or near Ravensdale,drugs
2025-11,-5.947232,54.692022,On or near Hazelburn Road,violent-crime
2025-11,-5.950432,54.69222,On or near Rowan Grove,violent-crime
2025-11,-5.949367,54.692741,On or near Cherrymount,violent-crime
2025-11,-5.925099,54.667682,On or near Braden Heights,anti-social-behaviour
2025-11,-5.920233,54.664013,On or near Barna Square,anti-social-behaviour
2025-11,-5.920639,54.663652,On or near Clonbeg Drive,anti-social-behaviour
2025-11,-5.918854,54.666137,On or near Bradan Court,anti-social-behaviour
2025-11,-5.928114,54.667527,On or near ,anti-social-behaviour
2025-11,-5.922459,54.663225,On or near Carmeen Drive,anti-social-behaviour
2025-11,-5.925317,54.663112,On or near Clonmore Green,anti-social-behaviour
2025-11,-5.928649,54.66281,On or near Rathmore Way,anti-social-behaviour
2025-11,-5.921392,54.662874,On or near Clonbeg Drive,anti-social-behaviour
2025-11,-5.919128,54.664111,On or near Rosslea Way,anti-social-behaviour
2025-11,-5.925317,54.663112,On or near Clonmore Green,criminal-damage-arson
2025-11,-5.923984,54.670089,On or near Old Irish Highway,criminal-damage-arson
2025-11,-5.9196,54.663373,On or near Belmore Gardens,drugs
2025-11,-5.926549,54.668749,On or near Dunowen Pass,drugs
2025-11,-5.92425,54.665798,On or near Carmeen Drive,drugs
2025-11,-5.925874,54.670426,On or near Dunanney,vehicle-crime
2025-11,-5.919128,54.664111,On or near Rosslea Way,violent-crime
2025-11,-5.922258,54.664425,On or near Carmeen Drive,violent-crime
2025-11,-5.921089,54.667586,On or near Innisrush Gardens,violent-crime
2025-11,-5.920233,54.664013,On or near Barna Square,violent-crime
2025-11,-5.923682,54.664171,On or near Carnreagh Bend,violent-crime
2025-11,-5.922258,54.664425,On or near Carmeen Drive,other-crime
2025-11,-6.143939,54.78221,On or near Barnish Road,anti-social-behaviour
2025-11,-6.090614,54.762227,On or near ,anti-social-behaviour
2025-11,-6.097055,54.722985,On or near Connor Road,other-theft
2025-11,-6.173136,54.744173,On or near Crosskennan Lane,violent-crime
2025-11,-6.142184,54.78725,On or near Barnish Road,other-crime
2025-11,-6.320757,54.748024,On or near The Parade,anti-social-behaviour
2025-11,-6.308848,54.748703,On or near Ashdale,anti-social-behaviour
2025-11,-6.319736,54.750939,On or near Neillsbrook Road,anti-social-behaviour
2025-11,-6.304533,54.748247,On or near The Meadows,anti-social-behaviour
2025-11,-6.320301,54.75003,On or near New Street,anti-social-behaviour
2025-11,-6.319379,54.749811,On or near Main Street,anti-social-behaviour
2025-11,-6.321276,54.752371,On or near ,criminal-damage-arson
2025-11,-6.324146,54.747954,On or near Church View,criminal-damage-arson
2025-11,-6.321375,54.757484,On or near Coolsythe Walk,criminal-damage-arson
2025-11,-6.320496,54.749072,On or near John Street,criminal-damage-arson
2025-11,-6.323246,54.752074,On or near Neillsbrook Park,drugs
2025-11,-6.306859,54.746106,On or near Roseville Avenue,drugs
2025-11,-6.307793,54.746433,On or near Roseville Crescent,other-theft
2025-11,-6.320757,54.748024,On or near The Parade,other-theft
2025-11,-6.309187,54.747639,On or near Castle Drive,vehicle-crime
2025-11,-6.325315,54.746335,On or near Briermount,violent-crime
2025-11,-6.312478,54.746921,On or near Shanes Street,violent-crime
2025-11,-6.320301,54.75003,On or near New Street,violent-crime
2025-11,-6.323297,54.752713,On or near Neillsbrook Park,violent-crime
2025-11,-5.919593,54.668351,On or near Iona Gardens,anti-social-behaviour
2025-11,-5.920687,54.668172,On or near Innis Avenue,anti-social-behaviour
2025-11,-5.917434,54.672079,On or near Coolshannagh Park,criminal-damage-arson
2025-11,-5.918498,54.669159,On or near East Way,criminal-damage-arson
2025-11,-5.918912,54.670747,On or near ,criminal-damage-arson
2025-11,-5.911712,54.66756,On or near Abbots Cross,shoplifting
2025-11,-5.91472,54.673595,On or near Lacken Gardens,shoplifting
2025-11,-5.912098,54.668806,On or near Abbots Cross,vehicle-crime
2025-11,-5.918912,54.670747,On or near ,violent-crime
2025-11,-5.918498,54.669159,On or near East Way,other-crime
2025-11,-5.89047,54.685602,On or near Jordanstown Road,anti-social-behaviour
2025-11,-5.882077,54.685653,On or near ,anti-social-behaviour
2025-11,-5.887891,54.680615,On or near ,criminal-damage-arson
2025-11,-5.887891,54.680615,On or near ,violent-crime
2025-11,-5.887853,54.681046,On or near ,violent-crime
2025-11,-5.886277,54.683615,On or near Dalriada Drive,violent-crime
2025-11,-5.894692,54.688218,On or near Lenamore Crescent,violent-crime
2025-11,-6.216109,54.771317,On or near ,anti-social-behaviour
2025-11,-6.281851,54.749878,On or near Barnish Road,violent-crime
2025-11,-6.232438,54.736122,On or near Ballymena Road,violent-crime
2025-11,-6.24691,54.766277,On or near Oldwood Terrace,violent-crime
2025-11,-6.225009,54.730245,On or near Meadow Lands,anti-social-behaviour
2025-11,-6.194158,54.731748,On or near ,anti-social-behaviour
2025-11,-6.220507,54.730602,On or near Mull Road,anti-social-behaviour
2025-11,-6.215898,54.736221,On or near Angus Street,anti-social-behaviour
2025-11,-6.209411,54.724886,On or near ,anti-social-behaviour
2025-11,-6.218196,54.73055,On or near Avondale,anti-social-behaviour
2025-11,-6.222523,54.733138,On or near Arran Street,anti-social-behaviour
2025-11,-6.196334,54.731332,On or near ,anti-social-behaviour
2025-11,-6.220035,54.731466,On or near Islay Street,anti-social-behaviour
2025-11,-6.221514,54.731713,On or near Jura Street,anti-social-behaviour
2025-11,-6.226154,54.730702,On or near Meadow Lands,anti-social-behaviour
2025-11,-6.209613,54.728042,On or near Stiles Way,burglary
2025-11,-6.226154,54.730702,On or near Meadow Lands,criminal-damage-arson
2025-11,-6.187938,54.735779,On or near M2,criminal-damage-arson
2025-11,-6.194158,54.731748,On or near ,drugs
2025-11,-6.222832,54.732828,On or near Durnish Road,drugs
2025-11,-6.209411,54.724886,On or near ,drugs
2025-11,-6.215898,54.736221,On or near Angus Street,other-theft
2025-11,-6.215174,54.732904,On or near Glencraig Manor,violent-crime
2025-11,-6.215405,54.736834,On or near Angus Street,violent-crime
2025-11,-6.194158,54.731748,On or near ,violent-crime
2025-11,-6.197466,54.731016,On or near ,violent-crime
2025-11,-6.19963,54.729116,On or near Steeple Road,violent-crime
2025-11,-6.184973,54.732986,On or near Bush Road,violent-crime
2025-11,-6.219493,54.727173,On or near The Isles,violent-crime
2025-11,-6.224712,54.732424,On or near Meadow Lands,violent-crime
2025-11,-6.220507,54.730602,On or near Mull Road,violent-crime
2025-11,-6.215958,54.722494,On or near Ajax Court,violent-crime
2025-11,-6.218234,54.725097,On or near Parklands,other-crime
2025-11,-6.200493,54.722975,On or near Oaktree Drive,anti-social-behaviour
2025-11,-6.197672,54.721819,On or near Central Park,burglary
2025-11,-6.203265,54.721363,On or near Seacash Drive,burglary
2025-11,-6.208271,54.715184,On or near Kilbride Gardens,criminal-damage-arson
2025-11,-6.197672,54.721819,On or near Central Park,criminal-damage-arson
2025-11,-6.200627,54.717487,On or near Kilgreel Road,criminal-damage-arson
2025-11,-6.206768,54.722511,On or near Seacash Drive,criminal-damage-arson
2025-11,-6.21507,54.71833,On or near Vicarage Gardens,criminal-damage-arson
2025-11,-6.203265,54.721363,On or near Seacash Drive,criminal-damage-arson
2025-11,-6.203507,54.716587,On or near Portlee Walk,criminal-damage-arson
2025-11,-6.20631,54.716727,On or near Kilgreel Walk,drugs
2025-11,-6.204961,54.723374,On or near Parkhall Road,drugs
2025-11,-6.20282,54.722641,On or near Parkhall Road,other-theft
2025-11,-6.203775,54.723859,On or near Bush Park,other-theft
2025-11,-6.212749,54.718511,On or near Mount Oriel Court,other-theft
2025-11,-6.202648,54.724085,On or near Bush Park,other-theft
2025-11,-6.202491,54.721316,On or near Seacash Drive,violent-crime
2025-11,-6.20631,54.716727,On or near Kilgreel Walk,violent-crime
2025-11,-6.204568,54.71751,On or near Kilgreel Road,violent-crime
2025-11,-6.201755,54.719014,On or near Oriel Park,violent-crime
2025-11,-6.20398,54.723081,On or near Parkhall Road,violent-crime
2025-11,-6.212749,54.718511,On or near Mount Oriel Court,violent-crime
2025-11,-6.20171,54.718618,On or near Oriel Park,violent-crime
2025-11,-6.203507,54.716587,On or near Portlee Walk,other-crime
2025-11,-6.190843,54.720432,On or near Brookvale,anti-social-behaviour
2025-11,-6.195513,54.720125,On or near Carnbrock Drive,anti-social-behaviour
2025-11,-6.185606,54.713625,On or near Bleerick Drive,anti-social-behaviour
2025-11,-6.176595,54.711082,On or near Caulside Park,criminal-damage-arson
2025-11,-6.185606,54.713625,On or near Bleerick Drive,criminal-damage-arson
2025-11,-6.189587,54.718302,On or near Altmore Close,drugs
2025-11,-6.184808,54.717602,On or near Devon Square,drugs
2025-11,-6.197118,54.715432,On or near Oakdale Manor,other-theft
2025-11,-6.189125,54.716481,On or near Stiles Farm,other-theft
2025-11,-6.185606,54.713625,On or near Bleerick Drive,other-theft
2025-11,-6.194595,54.718063,On or near Rathkyle,other-theft
2025-11,-6.190992,54.713948,On or near Oaklands,violent-crime
2025-11,-6.185606,54.713625,On or near Bleerick Drive,violent-crime
2025-11,-6.191131,54.719529,On or near Andraid Close,violent-crime
2025-11,-6.191306,54.71875,On or near Ardnaglass Gardens,violent-crime
2025-11,-6.178836,54.709211,On or near Hawkswood,violent-crime
2025-11,-6.180527,54.709578,On or near ,violent-crime
2025-11,-6.186979,54.713816,On or near Bleerick Drive,violent-crime
2025-11,-6.195064,54.718007,On or near Rathkyle,violent-crime
2025-11,-6.195064,54.718007,On or near Rathkyle,other-crime
2025-11,-6.104159,54.699817,On or near Castleton,anti-social-behaviour
2025-11,-6.060371,54.665548,On or near Lylehill Road,anti-social-behaviour
2025-11,-6.107774,54.698463,On or near Ingledene,criminal-damage-arson
2025-11,-6.093105,54.703633,On or near Thornleigh,other-theft
2025-11,-6.051596,54.694725,On or near Lowtown Road,other-theft
2025-11,-6.134008,54.687936,On or near ,shoplifting
2025-11,-6.143656,54.698785,On or near ,violent-crime
2025-11,-6.037245,54.697359,On or near Carnbank,violent-crime
2025-11,-6.060206,54.713551,On or near Templepatrick Road,violent-crime
2025-11,-6.095151,54.703018,On or near The Village,violent-crime
2025-11,-6.435502,54.737062,On or near Gallagh Road,drugs
2025-11,-6.436281,54.737396,On or near Ballydugennan Villas,possession-of-weapons
2025-11,-6.419108,54.778455,On or near Roguery Road,violent-crime
2025-11,-6.433219,54.713755,On or near ,violent-crime
2025-11,-5.931351,54.655695,On or near ,anti-social-behaviour
2025-11,-5.929744,54.654688,On or near Longlands Court,anti-social-behaviour
2025-11,-5.922704,54.659033,On or near Glenmount Road,anti-social-behaviour
2025-11,-5.917791,54.654492,On or near Longwood Road,anti-social-behaviour
2025-11,-5.919652,54.652646,On or near Bawnmore Park,anti-social-behaviour
2025-11,-5.925555,54.653574,On or near ,anti-social-behaviour
2025-11,-5.912466,54.653179,On or near Sanda Road,anti-social-behaviour
2025-11,-5.92411,54.658815,On or near Glenmount Road,anti-social-behaviour
2025-11,-5.922651,54.653093,On or near Old Mill Drive,criminal-damage-arson
2025-11,-5.927178,54.65335,On or near Arthur Crescent,criminal-damage-arson
2025-11,-5.92717,54.65716,On or near Longlands Avenue,drugs
2025-11,-5.927135,54.656333,On or near Longlands Park,drugs
2025-11,-5.92411,54.658815,On or near Glenmount Road,other-theft
2025-11,-5.934838,54.656617,On or near Throne Terrace,other-theft
2025-11,-5.919233,54.659638,On or near Merville Garden Village,other-theft
2025-11,-5.917791,54.654492,On or near Longwood Road,shoplifting
2025-11,-5.916331,54.652445,On or near Shore Road,shoplifting
2025-11,-5.923018,54.661087,On or near Camross Park,shoplifting
2025-11,-5.919676,54.654902,On or near Longwood Road,shoplifting
2025-11,-5.92411,54.658815,On or near Glenmount Road,shoplifting
2025-11,-5.925555,54.653574,On or near ,violent-crime
2025-11,-5.912615,54.655697,On or near Merville Garden Village,violent-crime
2025-11,-5.922834,54.661659,On or near Camross Park,violent-crime
2025-11,-5.923018,54.661087,On or near Camross Park,violent-crime
2025-11,-5.930355,54.655175,On or near Longlands Road,violent-crime
2025-11,-5.921936,54.653737,On or near Old Mill Drive,violent-crime
2025-11,-5.934838,54.656617,On or near Throne Terrace,violent-crime
2025-11,-5.938075,54.660015,On or near ,violent-crime
2025-11,-5.918318,54.65752,On or near Merville Garden Village,violent-crime
2025-11,-5.917791,54.654492,On or near Longwood Road,violent-crime
2025-11,-5.927178,54.65335,On or near Arthur Crescent,other-crime
2025-11,-5.907537,54.660425,On or near Whitehouse Court,anti-social-behaviour
2025-11,-5.906213,54.664482,On or near ,anti-social-behaviour
2025-11,-5.912931,54.659215,On or near Rathcoole Close,anti-social-behaviour
2025-11,-5.908908,54.661195,On or near Doagh Road,criminal-damage-arson
2025-11,-5.907423,54.667171,On or near Woodland Close,other-theft
2025-11,-5.907581,54.659878,On or near Martin Park,shoplifting
2025-11,-5.913253,54.660191,On or near Ardlea Crescent,violent-crime
2025-11,-5.90192,54.671371,On or near Cambrai Drive,violent-crime
2025-11,-5.90689,54.66337,On or near ,violent-crime
2025-11,-5.899784,54.67252,On or near Abbeyville Street,violent-crime
2025-11,-5.907537,54.660425,On or near Whitehouse Court,violent-crime
2025-11,-5.90689,54.66337,On or near ,other-crime
2025-11,-6.351364,54.488232,On or near Annesborough Road,anti-social-behaviour
2025-11,-6.28758,54.482008,On or near ,anti-social-behaviour
2025-11,-6.326,54.477506,On or near Inglewood,criminal-damage-arson
2025-11,-6.361237,54.484071,On or near Lough Road Lower,drugs
2025-11,-6.352811,54.481801,On or near Turmoyra Court,shoplifting
2025-11,-6.331533,54.478777,On or near Fox's Hill,vehicle-crime
2025-11,-6.318291,54.537874,On or near Grants Lane,violent-crime
2025-11,-6.289924,54.511241,On or near Parknasilla Way,violent-crime
2025-11,-6.320541,54.475184,On or near North Circular Road,violent-crime
2025-11,-6.352811,54.481801,On or near Turmoyra Court,other-crime
2025-11,-6.456408,54.418229,On or near Glandore Gardens,anti-social-behaviour
2025-11,-6.463514,54.424313,On or near Drumcarn Gardens,anti-social-behaviour
2025-11,-6.466256,54.423916,On or near Corcrain Drive,anti-social-behaviour
2025-11,-6.46079,54.421762,On or near Ardmore Crescent,anti-social-behaviour
2025-11,-6.459441,54.41294,On or near Crawford Park,drugs
2025-11,-6.456367,54.417699,On or near Glandore Gardens,possession-of-weapons
2025-11,-6.468492,54.423028,On or near Baltylum Meadows,violent-crime
2025-11,-6.468016,54.42339,On or near Baltylum Meadows,violent-crime
2025-11,-6.463146,54.423841,On or near Drumcarn Gardens,violent-crime
2025-11,-6.462087,54.412624,On or near Hobson Park,violent-crime
2025-11,-6.461756,54.4227,On or near Hartfield Square,violent-crime
2025-11,-6.459441,54.41294,On or near Crawford Park,other-crime
2025-11,-6.276779,54.335889,On or near Bannview Mews,anti-social-behaviour
2025-11,-6.277996,54.331405,On or near ,anti-social-behaviour
2025-11,-6.257406,54.354056,On or near Willow Grove,anti-social-behaviour
2025-11,-6.276452,54.336351,On or near Bannview Mews,burglary
2025-11,-6.277996,54.331405,On or near ,criminal-damage-arson
2025-11,-6.277996,54.331405,On or near ,drugs
2025-11,-6.277996,54.331405,On or near ,other-theft
2025-11,-6.180284,54.353259,On or near Pedens Road,other-theft
2025-11,-6.256791,54.345341,On or near Chinauley Park,possession-of-weapons
2025-11,-6.277996,54.331405,On or near ,shoplifting
2025-11,-6.276779,54.335889,On or near Bannview Mews,shoplifting
2025-11,-6.273802,54.32988,On or near ,shoplifting
2025-11,-6.249655,54.346433,On or near The Tudors,violent-crime
2025-11,-6.267816,54.344278,On or near Maryville Park,violent-crime
2025-11,-6.276452,54.336351,On or near Bannview Mews,violent-crime
2025-11,-6.267073,54.344016,On or near Belmont View,violent-crime
2025-11,-6.271323,54.341696,On or near Edenvale Avenue,violent-crime
2025-11,-6.253154,54.345145,On or near Chinauley Park,violent-crime
2025-11,-6.231232,54.346398,On or near Lisnaree Road,other-crime
2025-11,-6.277996,54.331405,On or near ,other-crime
2025-11,-6.265433,54.353372,On or near Mountview Park,anti-social-behaviour
2025-11,-6.292196,54.376036,On or near Hillside Crescent,anti-social-behaviour
2025-11,-6.269751,54.358969,On or near Bannview Heights,anti-social-behaviour
2025-11,-6.267694,54.354115,On or near Churchview Drive,anti-social-behaviour
2025-11,-6.271688,54.355699,On or near ,anti-social-behaviour
2025-11,-6.256517,54.360513,On or near The Rowans,anti-social-behaviour
2025-11,-6.2676,54.372793,On or near Seapatrick Road,anti-social-behaviour
2025-11,-6.272963,54.366023,On or near Dickson Park,criminal-damage-arson
2025-11,-6.278184,54.364795,On or near Bodell Place,criminal-damage-arson
2025-11,-6.276509,54.365104,On or near Hayes Park,criminal-damage-arson
2025-11,-6.275075,54.357482,On or near Weavers Meadow,drugs
2025-11,-6.280994,54.37046,On or near Lurgan Road,violent-crime
2025-11,-6.279589,54.366513,On or near Meadowbank,violent-crime
2025-11,-6.267694,54.354115,On or near Churchview Drive,violent-crime
2025-11,-6.292196,54.376036,On or near Hillside Crescent,violent-crime
2025-11,-6.267193,54.34701,On or near Rathfriland Street,anti-social-behaviour
2025-11,-6.269502,54.346243,On or near Townsend Street,anti-social-behaviour
2025-11,-6.271575,54.346677,On or near Old Kenlis Street,anti-social-behaviour
2025-11,-6.26842,54.347836,On or near Townsend Street,anti-social-behaviour
2025-11,-6.278284,54.342173,On or near Cline Road,anti-social-behaviour
2025-11,-6.27512,54.344293,On or near Forthill Green,anti-social-behaviour
2025-11,-6.268541,54.350811,On or near Bridge Street,anti-social-behaviour
2025-11,-6.27521,54.343234,On or near Fort Street,anti-social-behaviour
2025-11,-6.270978,54.347702,On or near The Cut,anti-social-behaviour
2025-11,-6.270588,54.347849,On or near Newry Street,burglary
2025-11,-6.279702,54.34284,On or near Highfield Gardens,burglary
2025-11,-6.282561,54.340661,On or near Thornhill,burglary
2025-11,-6.270588,54.347849,On or near Newry Street,criminal-damage-arson
2025-11,-6.280513,54.344037,On or near Hillhead Walk,criminal-damage-arson
2025-11,-6.267193,54.34701,On or near Rathfriland Street,drugs
2025-11,-6.271575,54.346677,On or near Old Kenlis Street,other-theft
2025-11,-6.268694,54.350832,On or near Bridge Street,other-theft
2025-11,-6.273731,54.34368,On or near Newry Road,shoplifting
2025-11,-6.270588,54.347849,On or near Newry Street,shoplifting
2025-11,-6.267193,54.34701,On or near Rathfriland Street,shoplifting
2025-11,-6.271575,54.346677,On or near Old Kenlis Street,shoplifting
2025-11,-6.271275,54.349054,On or near Downshire Place,shoplifting
2025-11,-6.277566,54.341686,On or near Fort Street,vehicle-crime
2025-11,-6.270588,54.347849,On or near Newry Street,violent-crime
2025-11,-6.286841,54.33941,On or near Pinley Meadow,violent-crime
2025-11,-6.271575,54.346677,On or near Old Kenlis Street,violent-crime
2025-11,-6.270238,54.344088,On or near Ashgrove Avenue,violent-crime
2025-11,-6.284244,54.333471,On or near Tullyear Avenue,violent-crime
2025-11,-6.268005,54.346356,On or near Kenlis Court,violent-crime
2025-11,-6.270978,54.347702,On or near The Cut,violent-crime
2025-11,-6.272467,54.350347,On or near Victoria Street,violent-crime
2025-11,-6.280513,54.344037,On or near Hillhead Walk,violent-crime
2025-11,-6.26995,54.348747,On or near Rathfriland Street,other-crime
2025-11,-6.271575,54.346677,On or near Old Kenlis Street,other-crime
2025-11,-6.27476,54.350308,On or near Scarva Walk,anti-social-behaviour
2025-11,-6.279462,54.350788,On or near Windyridge,anti-social-behaviour
2025-11,-6.278814,54.35378,On or near Iveagh Park,anti-social-behaviour
2025-11,-6.277395,54.3557,On or near ,anti-social-behaviour
2025-11,-6.280664,54.347777,On or near Crozier Mews,anti-social-behaviour
2025-11,-6.274417,54.349701,On or near Scarva Street,anti-social-behaviour
2025-11,-6.280703,54.352378,On or near Brookfield Avenue,anti-social-behaviour
2025-11,-6.274676,54.350127,On or near Scarva Walk,anti-social-behaviour
2025-11,-6.288648,54.348861,On or near Limewood,anti-social-behaviour
2025-11,-6.279474,54.351606,On or near Brookfield Avenue,anti-social-behaviour
2025-11,-6.275248,54.35115,On or near Reilly Park,anti-social-behaviour
2025-11,-6.276745,54.349554,On or near Edenderry Terrace,anti-social-behaviour
2025-11,-6.276241,54.350931,On or near Reilly Park,anti-social-behaviour
2025-11,-6.283512,54.350666,On or near Edenderry Park,anti-social-behaviour
2025-11,-6.277395,54.3557,On or near ,criminal-damage-arson
2025-11,-6.27476,54.350308,On or near Scarva Walk,criminal-damage-arson
2025-11,-6.276745,54.349554,On or near Edenderry Terrace,criminal-damage-arson
2025-11,-6.287203,54.344762,On or near Hawthorne Hill,criminal-damage-arson
2025-11,-6.282285,54.354269,On or near Brookdale,criminal-damage-arson
2025-11,-6.274417,54.349701,On or near Scarva Street,criminal-damage-arson
2025-11,-6.282285,54.354269,On or near Brookdale,drugs
2025-11,-6.274676,54.350127,On or near Scarva Walk,drugs
2025-11,-6.27954,54.350385,On or near Windyridge,other-theft
2025-11,-6.288456,54.339415,On or near Harberton Park,other-theft
2025-11,-6.27954,54.350385,On or near Windyridge,shoplifting
2025-11,-6.274417,54.349701,On or near Scarva Street,shoplifting
2025-11,-6.285629,54.351163,On or near ,shoplifting
2025-11,-6.276745,54.349554,On or near Edenderry Terrace,vehicle-crime
2025-11,-6.274676,54.350127,On or near Scarva Walk,violent-crime
2025-11,-6.27476,54.350308,On or near Scarva Walk,violent-crime
2025-11,-6.274417,54.349701,On or near Scarva Street,violent-crime
2025-11,-6.276745,54.349554,On or near Edenderry Terrace,violent-crime
2025-11,-6.276153,54.352673,On or near Iveagh Drive,violent-crime
2025-11,-6.273393,54.352462,On or near Edendell,violent-crime
2025-11,-6.286479,54.351445,On or near Beechwood,violent-crime
2025-11,-6.274417,54.349701,On or near Scarva Street,other-crime
2025-11,-6.273393,54.352462,On or near Edendell,other-crime
2025-11,-6.743491,54.411505,On or near ,anti-social-behaviour
2025-11,-6.684284,54.411027,On or near Lisbofin Road,violent-crime
2025-11,-6.699505,54.414821,On or near Athboy Lane,violent-crime
2025-11,-6.667214,54.369854,On or near ,violent-crime
2025-11,-6.666624,54.408929,On or near Moy Road,violent-crime
2025-11,-6.388293,54.416046,On or near Bleary Road,violent-crime
2025-11,-6.352743,54.423221,On or near Beech Close,violent-crime
2025-11,-6.398677,54.409688,On or near Chasewood Manor,violent-crime
2025-11,-6.384612,54.409752,On or near Knocknamuckly Road,violent-crime
2025-11,-6.346808,54.425215,On or near Markville,other-crime
2025-11,-6.374695,54.445512,On or near Drumgor Heights,anti-social-behaviour
2025-11,-6.35401,54.446193,On or near Ardowen,anti-social-behaviour
2025-11,-6.355611,54.447006,On or near Ardowen,anti-social-behaviour
2025-11,-6.37828,54.447249,On or near Enniskeen,anti-social-behaviour
2025-11,-6.35424,54.450051,On or near Drumbeg,anti-social-behaviour
2025-11,-6.355676,54.450789,On or near Drumbeg,anti-social-behaviour
2025-11,-6.365067,54.437206,On or near ,anti-social-behaviour
2025-11,-6.369371,54.451451,On or near Rowan Manor,anti-social-behaviour
2025-11,-6.355032,54.448777,On or near Drumbeg,criminal-damage-arson
2025-11,-6.354986,54.450295,On or near Drumbeg,criminal-damage-arson
2025-11,-6.371182,54.448942,On or near Legahory Centre,criminal-damage-arson
2025-11,-6.366732,54.445701,On or near Hillcrest Manor,criminal-damage-arson
2025-11,-6.37248,54.444216,On or near Clonmeen,criminal-damage-arson
2025-11,-6.35424,54.450051,On or near Drumbeg,drugs
2025-11,-6.366023,54.442215,On or near Drumellan Gardens,drugs
2025-11,-6.366509,54.454036,On or near Pinebank,drugs
2025-11,-6.366509,54.454036,On or near Pinebank,other-theft
2025-11,-6.365067,54.437206,On or near ,possession-of-weapons
2025-11,-6.37828,54.447249,On or near Enniskeen,violent-crime
2025-11,-6.378462,54.446138,On or near Enniskeen,violent-crime
2025-11,-6.35424,54.450051,On or near Drumbeg,violent-crime
2025-11,-6.36561,54.444859,On or near Hillcrest Manor,violent-crime
2025-11,-6.366753,54.451757,On or near Drumglass,violent-crime
2025-11,-6.357431,54.452781,On or near Meadowbrook,violent-crime
2025-11,-6.366732,54.445701,On or near Hillcrest Manor,violent-crime
2025-11,-6.362678,54.436051,On or near Garrymore,violent-crime
2025-11,-6.361278,54.435987,On or near Garrymore,violent-crime
2025-11,-6.365067,54.437206,On or near ,violent-crime
2025-11,-6.37118,54.439292,On or near Rosmoyle,violent-crime
2025-11,-6.36542,54.441497,On or near Drumellan Gardens,violent-crime
2025-11,-6.362349,54.439281,On or near Clanrolla Park,violent-crime
2025-11,-6.35275,54.445323,On or near Ardowen,violent-crime
2025-11,-6.355949,54.446283,On or near Ardowen,violent-crime
2025-11,-6.374335,54.445247,On or near Drumgor Heights,violent-crime
2025-11,-6.668715,54.354364,On or near Desart Lane Gardens,anti-social-behaviour
2025-11,-6.658863,54.348001,On or near ,anti-social-behaviour
2025-11,-6.648724,54.364518,On or near Drumman Park,anti-social-behaviour
2025-11,-6.668818,54.355452,On or near Glen Court,anti-social-behaviour
2025-11,-6.674368,54.352198,On or near Legar Hill Park,anti-social-behaviour
2025-11,-6.655919,54.351032,On or near Dawson Street,anti-social-behaviour
2025-11,-6.675379,54.352326,On or near Legar Hill Park,anti-social-behaviour
2025-11,-6.66509,54.351377,On or near Glen Macha,burglary
2025-11,-6.650776,54.36482,On or near Drumsill Park,criminal-damage-arson
2025-11,-6.661514,54.357285,On or near Abbey Park,shoplifting
2025-11,-6.655919,54.351032,On or near Dawson Street,violent-crime
2025-11,-6.65572,54.351012,On or near Upper English Street,violent-crime
2025-11,-6.65797,54.358404,On or near ,violent-crime
2025-11,-6.67363,54.350761,On or near Callan Bridge Park,violent-crime
2025-11,-6.666426,54.345246,On or near Killylea Road,violent-crime
2025-11,-6.659934,54.360456,On or near Drumbreda Avenue,violent-crime
2025-11,-6.668715,54.354364,On or near Desart Lane Gardens,violent-crime
2025-11,-6.668715,54.354364,On or near Desart Lane Gardens,other-crime
2025-11,-6.447324,54.424609,On or near Park Road,anti-social-behaviour
2025-11,-6.449266,54.433151,On or near Churchill Park,anti-social-behaviour
2025-11,-6.44935,54.424832,On or near Parkside,anti-social-behaviour
2025-11,-6.458011,54.428052,On or near ,anti-social-behaviour
2025-11,-6.456658,54.430433,On or near Garvaghy Close,anti-social-behaviour
2025-11,-6.454381,54.426667,On or near ,anti-social-behaviour
2025-11,-6.449802,54.432834,On or near Churchill Park,anti-social-behaviour
2025-11,-6.452809,54.436485,On or near Ashgrove Manor,anti-social-behaviour
2025-11,-6.45758,54.435027,On or near Drumcree Road,anti-social-behaviour
2025-11,-6.445301,54.430431,On or near Woodside Green,anti-social-behaviour
2025-11,-6.459324,54.434133,On or near Andre Drive,burglary
2025-11,-6.456519,54.435768,On or near Ballyoran Park,criminal-damage-arson
2025-11,-6.457163,54.430934,On or near Garvaghy Park,drugs
2025-11,-6.452902,54.431958,On or near Garvaghy Gardens,drugs
2025-11,-6.457163,54.430934,On or near Garvaghy Park,possession-of-weapons
2025-11,-6.452809,54.436485,On or near Ashgrove Manor,violent-crime
2025-11,-6.452902,54.431958,On or near Garvaghy Gardens,violent-crime
2025-11,-6.456479,54.430683,On or near Garvaghy Close,violent-crime
2025-11,-6.458189,54.428647,On or near ,violent-crime
2025-11,-6.398671,54.442239,On or near Mandeville Manor,anti-social-behaviour
2025-11,-6.391973,54.443614,On or near Parkmore,anti-social-behaviour
2025-11,-6.391034,54.449486,On or near ,anti-social-behaviour
2025-11,-6.388933,54.443322,On or near Parkmore,anti-social-behaviour
2025-11,-6.41343,54.438876,On or near Kernan Hill Manor,anti-social-behaviour
2025-11,-6.418026,54.441182,On or near Kernan Crescent,anti-social-behaviour
2025-11,-6.414831,54.439721,On or near ,anti-social-behaviour
2025-11,-6.395546,54.446078,On or near Twinem Court,anti-social-behaviour
2025-11,-6.396922,54.447552,On or near Highfield Park,anti-social-behaviour
2025-11,-6.414831,54.439721,On or near ,criminal-damage-arson
2025-11,-6.390876,54.444471,On or near Parkmore,criminal-damage-arson
2025-11,-6.388545,54.443389,On or near Parkmore,criminal-damage-arson
2025-11,-6.390546,54.443838,On or near Parkmore,criminal-damage-arson
2025-11,-6.391034,54.449486,On or near ,drugs
2025-11,-6.410318,54.438835,On or near Kernan Hill Manor,drugs
2025-11,-6.395546,54.446078,On or near Twinem Court,drugs
2025-11,-6.379897,54.448834,On or near Enniskeen,other-theft
2025-11,-6.417654,54.436442,On or near Kernan Gardens,other-theft
2025-11,-6.391034,54.449486,On or near ,shoplifting
2025-11,-6.395546,54.446078,On or near Twinem Court,shoplifting
2025-11,-6.395526,54.44659,On or near Twinem Court,shoplifting
2025-11,-6.425997,54.445167,On or near Seagoe Industrial Estate,vehicle-crime
2025-11,-6.401228,54.44229,On or near Mandeville Manor,violent-crime
2025-11,-6.414479,54.437245,On or near Kernan Road,violent-crime
2025-11,-6.398568,54.446065,On or near Twinem Court,violent-crime
2025-11,-6.399807,54.443161,On or near Mandeville Manor,violent-crime
2025-11,-6.391034,54.449486,On or near ,violent-crime
2025-11,-6.41343,54.438876,On or near Kernan Hill Manor,violent-crime
2025-11,-6.425038,54.432801,On or near Seagoe Park,violent-crime
2025-11,-6.426343,54.442971,On or near Seagoe Road,violent-crime
2025-11,-6.379897,54.448834,On or near Enniskeen,violent-crime
2025-11,-6.388273,54.444814,On or near Parkmore,violent-crime
2025-11,-6.388545,54.443389,On or near Parkmore,violent-crime
2025-11,-6.396922,54.447552,On or near Highfield Park,violent-crime
2025-11,-6.426602,54.434214,On or near Seagoe Park,violent-crime
2025-11,-6.387924,54.445456,On or near Parkmore,violent-crime
2025-11,-6.396386,54.444706,On or near Carnreagh,other-crime
2025-11,-6.391034,54.449486,On or near ,other-crime
2025-11,-6.418865,54.448632,On or near Carn Road,other-crime
2025-11,-6.65378,54.344486,On or near Friary Road,anti-social-behaviour
2025-11,-6.662003,54.3427,On or near Dalton Road,anti-social-behaviour
2025-11,-6.659125,54.342317,On or near Irish Street,anti-social-behaviour
2025-11,-6.627926,54.33583,On or near Ardmore Heights,anti-social-behaviour
2025-11,-6.66312,54.333871,On or near The Rock Road,anti-social-behaviour
2025-11,-6.631468,54.339832,On or near Jubilee Park,criminal-damage-arson
2025-11,-6.66312,54.333871,On or near The Rock Road,violent-crime
2025-11,-6.63918,54.333047,On or near Woodford Drive,violent-crime
2025-11,-6.639916,54.341949,On or near Ashley Gardens,violent-crime
2025-11,-6.632718,54.335974,On or near Edenvale,violent-crime
2025-11,-6.383136,54.46797,On or near Derrymacash Road,anti-social-behaviour
2025-11,-6.437048,54.476774,On or near Charlestown Road,drugs
2025-11,-6.422472,54.497527,On or near Ardmore Road,drugs
2025-11,-6.400355,54.4789,On or near Foxgrove,violent-crime
2025-11,-6.240429,54.402876,On or near Blackskull Road,anti-social-behaviour
2025-11,-6.245283,54.400997,On or near Cloverdale,anti-social-behaviour
2025-11,-6.249792,54.397442,On or near Blackskull Road,criminal-damage-arson
2025-11,-6.260064,54.419612,On or near Soudavar Park,criminal-damage-arson
2025-11,-6.288114,54.421585,On or near Banbridge Road,drugs
2025-11,-6.259561,54.419101,On or near William Street,other-theft
2025-11,-6.260189,54.421374,On or near Winona Crest,other-theft
2025-11,-6.288114,54.421585,On or near Banbridge Road,violent-crime
2025-11,-6.242813,54.40185,On or near Cloverdale,violent-crime
2025-11,-6.260489,54.419016,On or near William Street,violent-crime
2025-11,-6.148328,54.410519,On or near Wallace Park,anti-social-behaviour
2025-11,-6.148963,54.411463,On or near Lynn Avenue,criminal-damage-arson
2025-11,-6.148324,54.40821,On or near The Spires,criminal-damage-arson
2025-11,-6.155412,54.409522,On or near ,violent-crime
2025-11,-6.366565,54.379402,On or near Lurgan Road,anti-social-behaviour
2025-11,-6.363055,54.372867,On or near Stramore Road,anti-social-behaviour
2025-11,-6.358446,54.374988,On or near Castleview,anti-social-behaviour
2025-11,-6.366178,54.378696,On or near Lurgan Road,anti-social-behaviour
2025-11,-6.360905,54.367717,On or near Pine View Court,anti-social-behaviour
2025-11,-6.365448,54.377311,On or near Ann Street,burglary
2025-11,-6.335963,54.354797,On or near ,burglary
2025-11,-6.359928,54.368701,On or near Pineview Heights,other-theft
2025-11,-6.364017,54.378469,On or near Dunbarton Bungalows,violent-crime
2025-11,-6.363847,54.377721,On or near Dunbarton Bungalows,violent-crime
2025-11,-6.370456,54.381826,On or near Moyallan Park,violent-crime
2025-11,-6.364017,54.378469,On or near Dunbarton Bungalows,other-crime
2025-11,-6.034779,54.366575,On or near Levallyreagh Road,anti-social-behaviour
2025-11,-6.142652,54.302612,On or near Alexander Park,anti-social-behaviour
2025-11,-6.049669,54.379989,On or near Ardtanagh Road,vehicle-crime
2025-11,-6.157911,54.316306,On or near Aughnacloy Road,violent-crime
2025-11,-6.620881,54.328598,On or near Edenaveys Crescent,anti-social-behaviour
2025-11,-6.484506,54.355631,On or near Aghory Road,anti-social-behaviour
2025-11,-6.454896,54.368742,On or near Old Mill Manor,anti-social-behaviour
2025-11,-6.460292,54.361048,On or near Tamnaghmore Road,other-theft
2025-11,-6.460292,54.361048,On or near Tamnaghmore Road,other-crime
2025-11,-6.710002,54.25355,On or near Maddan Road,anti-social-behaviour
2025-11,-6.723834,54.219018,On or near Castleblayney Road,anti-social-behaviour
2025-11,-6.701142,54.255225,On or near Crossmore Green,anti-social-behaviour
2025-11,-6.758978,54.269922,On or near Sheetrim Road,anti-social-behaviour
2025-11,-6.705909,54.25197,On or near St. Patricks Street,anti-social-behaviour
2025-11,-6.703591,54.25004,On or near Kinelowen Street,anti-social-behaviour
2025-11,-6.758978,54.269922,On or near Sheetrim Road,criminal-damage-arson
2025-11,-6.700647,54.254402,On or near Crossmore Green,drugs
2025-11,-6.70307,54.205032,On or near ,other-theft
2025-11,-6.705129,54.248458,On or near Market Street,shoplifting
2025-11,-6.710002,54.25355,On or near Maddan Road,violent-crime
2025-11,-6.786915,54.269362,On or near Drumhillery Park,violent-crime
2025-11,-6.41489,54.432201,On or near Upper Ramone Park,anti-social-behaviour
2025-11,-6.418948,54.43406,On or near Hillside Crescent,anti-social-behaviour
2025-11,-6.40621,54.43348,On or near Lisnisky Lane,criminal-damage-arson
2025-11,-6.41489,54.432201,On or near Upper Ramone Park,criminal-damage-arson
2025-11,-6.418055,54.430051,On or near Hawthorn Hill,other-theft
2025-11,-6.40621,54.43348,On or near Lisnisky Lane,violent-crime
2025-11,-6.412067,54.430664,On or near Old Lurgan Road,violent-crime
2025-11,-6.41489,54.432201,On or near Upper Ramone Park,violent-crime
2025-11,-6.4123,54.427828,On or near Lynden Gate,violent-crime
2025-11,-6.418948,54.43406,On or near Hillside Crescent,violent-crime
2025-11,-6.418788,54.425029,On or near Gloucester Avenue,violent-crime
2025-11,-6.418174,54.422559,On or near Princess Gardens,violent-crime
2025-11,-6.418066,54.421776,On or near Festival Road,violent-crime
2025-11,-6.313486,54.455059,On or near Thornhill Park,anti-social-behaviour
2025-11,-6.313583,54.459804,On or near Churchill Avenue,criminal-damage-arson
2025-11,-6.316687,54.458949,On or near Avenue Road,drugs
2025-11,-6.320828,54.451972,On or near Woodford Park,other-theft
2025-11,-6.313935,54.458012,On or near Lawrence Square,violent-crime
2025-11,-6.313657,54.451629,On or near Shane Park,violent-crime
2025-11,-6.320047,54.457118,On or near ,violent-crime
2025-11,-6.315319,54.459972,On or near Demesne Avenue,violent-crime
2025-11,-6.322251,54.456026,On or near Banbridge Road,other-crime
2025-11,-6.342173,54.46825,On or near Albert Avenue,anti-social-behaviour
2025-11,-6.333027,54.469733,On or near ,anti-social-behaviour
2025-11,-6.338723,54.468499,On or near Princes Close,anti-social-behaviour
2025-11,-6.339423,54.467584,On or near Lough Road,anti-social-behaviour
2025-11,-6.336899,54.468223,On or near Victoria Street,anti-social-behaviour
2025-11,-6.354791,54.46977,On or near Kiln Lodge,anti-social-behaviour
2025-11,-6.344317,54.469007,On or near Garland Drive,anti-social-behaviour
2025-11,-6.337123,54.468388,On or near Derry Street,vehicle-crime
2025-11,-6.334754,54.46937,On or near Woodville Street,violent-crime
2025-11,-6.34365,54.467579,On or near Headington Avenue,violent-crime
2025-11,-6.333027,54.469733,On or near ,violent-crime
2025-11,-6.342173,54.46825,On or near Albert Avenue,violent-crime
2025-11,-6.34709,54.471759,On or near College Mews,violent-crime
2025-11,-6.308346,54.31674,On or near Bovennett Heights,anti-social-behaviour
2025-11,-6.195872,54.300824,On or near Monteith Road,anti-social-behaviour
2025-11,-6.373518,54.292677,On or near Railway Street,anti-social-behaviour
2025-11,-6.305215,54.316651,On or near Scarva Street,anti-social-behaviour
2025-11,-6.313448,54.285203,On or near Carrick Road,burglary
2025-11,-6.30355,54.319027,On or near Oaklands,criminal-damage-arson
2025-11,-6.30355,54.319027,On or near Oaklands,drugs
2025-11,-6.375978,54.291066,On or near ,other-theft
2025-11,-6.303439,54.315368,On or near Banbridge Road,other-theft
2025-11,-6.30355,54.319027,On or near Oaklands,other-theft
2025-11,-6.30355,54.319027,On or near Oaklands,violent-crime
2025-11,-6.238086,54.296174,On or near ,violent-crime
2025-11,-6.304223,54.317967,On or near Woodside Park,violent-crime
2025-11,-6.302703,54.314585,On or near Main Street,other-crime
2025-11,-6.375169,54.293274,On or near Chapel Street,other-crime
2025-11,-6.56485,54.409343,On or near Red Lion Road,anti-social-behaviour
2025-11,-6.596951,54.457022,On or near Moss Road,violent-crime
2025-11,-6.563642,54.410856,On or near Annahugh Park,violent-crime
2025-11,-6.622302,54.389501,On or near ,violent-crime
2025-11,-6.254397,54.465918,On or near Clarendon Park,anti-social-behaviour
2025-11,-6.260065,54.464661,On or near Heathers Close,anti-social-behaviour
2025-11,-6.289097,54.463045,On or near Belfast Road,anti-social-behaviour
2025-11,-6.259519,54.467339,On or near Glebe Close,criminal-damage-arson
2025-11,-6.289097,54.463045,On or near Belfast Road,drugs
2025-11,-6.290964,54.461921,On or near Victor Place,vehicle-crime
2025-11,-6.262681,54.465893,On or near Glencroft,violent-crime
2025-11,-6.288097,54.462267,On or near Springfort Lodge,violent-crime
2025-11,-6.25924,54.466643,On or near Glebe Close,violent-crime
2025-11,-6.293019,54.461834,On or near Victor Place,violent-crime
2025-11,-6.264383,54.463213,On or near Olde Forge,violent-crime
2025-11,-6.289097,54.463045,On or near Belfast Road,other-crime
2025-11,-6.453526,54.413763,On or near Dorchester Park,anti-social-behaviour
2025-11,-6.455138,54.41063,On or near Mahon Close,anti-social-behaviour
2025-11,-6.445481,54.389851,On or near Tandragee Road,anti-social-behaviour
2025-11,-6.452561,54.404227,On or near ,anti-social-behaviour
2025-11,-6.452722,54.415469,On or near Dorchester Drive,burglary
2025-11,-6.458639,54.409687,On or near Orchard Drive,burglary
2025-11,-6.440757,54.407651,On or near Wentworth Green,criminal-damage-arson
2025-11,-6.455651,54.41707,On or near Clounagh Park,other-theft
2025-11,-6.452929,54.390773,On or near Mahon Road,other-theft
2025-11,-6.455722,54.411087,On or near Mahon Drive,violent-crime
2025-11,-6.455866,54.412176,On or near Brownstown Road,other-crime
2025-11,-6.520727,54.296226,On or near Bunker Hill,anti-social-behaviour
2025-11,-6.515775,54.295123,On or near Forest Park,anti-social-behaviour
2025-11,-6.517934,54.296147,On or near Ashlea Gardens,anti-social-behaviour
2025-11,-6.505862,54.286798,On or near ,anti-social-behaviour
2025-11,-6.374368,54.331134,On or near Station Road,burglary
2025-11,-6.523614,54.298391,On or near Keady Street,other-theft
2025-11,-6.526803,54.297702,On or near Gosford Gardens,vehicle-crime
2025-11,-6.520727,54.296226,On or near Bunker Hill,violent-crime
2025-11,-6.520544,54.29148,On or near Mowhan Road,violent-crime
2025-11,-6.344919,54.454092,On or near Taghnevan Drive,anti-social-behaviour
2025-11,-6.331879,54.455872,On or near Russell Drive,anti-social-behaviour
2025-11,-6.327077,54.453766,On or near Toberhewny Lane Lower,anti-social-behaviour
2025-11,-6.332142,54.458121,On or near Ardboe Drive,burglary
2025-11,-6.3307,54.450752,On or near Burren Close,criminal-damage-arson
2025-11,-6.334905,54.45426,On or near Gracey Drive,criminal-damage-arson
2025-11,-6.348131,54.453202,On or near Glenholme Avenue,criminal-damage-arson
2025-11,-6.346784,54.453732,On or near Springwell Gardens,criminal-damage-arson
2025-11,-6.346475,54.452218,On or near ,criminal-damage-arson
2025-11,-6.331857,54.459447,On or near Trasna Way,criminal-damage-arson
2025-11,-6.331607,54.448527,On or near Pollock Mews,drugs
2025-11,-6.346475,54.452218,On or near ,drugs
2025-11,-6.340133,54.453488,On or near Margretta Park,drugs
2025-11,-6.332579,54.452683,On or near Mourne Road,public-order
2025-11,-6.346475,54.452218,On or near ,violent-crime
2025-11,-6.330384,54.461152,On or near Moores Lane,violent-crime
2025-11,-6.327077,54.453766,On or near Toberhewny Lane Lower,violent-crime
2025-11,-6.334905,54.45426,On or near Gracey Drive,violent-crime
2025-11,-6.336057,54.455507,On or near The Willows,violent-crime
2025-11,-6.33836,54.451945,On or near Glenavon Lane,violent-crime
2025-11,-6.332258,54.454511,On or near Brookehill,violent-crime
2025-11,-6.335476,54.451213,On or near Princeton Avenue,violent-crime
2025-11,-6.326301,54.45805,On or near Shaerf Drive,violent-crime
2025-11,-6.3461,54.45197,On or near ,violent-crime
2025-11,-6.333616,54.458663,On or near Union Court,other-crime
2025-11,-6.680269,54.335075,On or near Monaghan Road,anti-social-behaviour
2025-11,-6.685211,54.331985,On or near Monaghan Street,anti-social-behaviour
2025-11,-6.756333,54.326648,On or near ,anti-social-behaviour
2025-11,-6.844846,54.292301,On or near Ivy Park,anti-social-behaviour
2025-11,-6.681537,54.331505,On or near William Street,criminal-damage-arson
2025-11,-6.846289,54.292333,On or near Main Street,criminal-damage-arson
2025-11,-6.326718,54.472386,On or near Levin Road,anti-social-behaviour
2025-11,-6.333194,54.46562,On or near North Street,anti-social-behaviour
2025-11,-6.324281,54.460304,On or near Lime Grove,anti-social-behaviour
2025-11,-6.323434,54.459142,On or near Queens Place,anti-social-behaviour
2025-11,-6.329301,54.464641,On or near Castle Lane,anti-social-behaviour
2025-11,-6.332901,54.467539,On or near Grattan Street,anti-social-behaviour
2025-11,-6.337039,54.467039,On or near Brownlow Terrace,anti-social-behaviour
2025-11,-6.324665,54.476203,On or near Kilvoragh Park,anti-social-behaviour
2025-11,-6.325038,54.46141,On or near ,anti-social-behaviour
2025-11,-6.320039,54.459203,On or near Kings Park Mews,anti-social-behaviour
2025-11,-6.330184,54.47441,On or near Kilwilke Road,criminal-damage-arson
2025-11,-6.327425,54.473213,On or near Ennis Close,criminal-damage-arson
2025-11,-6.328035,54.465055,On or near Castle Lane,criminal-damage-arson
2025-11,-6.332381,54.468556,On or near ,criminal-damage-arson
2025-11,-6.333434,54.465417,On or near North Street,criminal-damage-arson
2025-11,-6.328689,54.463384,On or near Windsor Avenue,criminal-damage-arson
2025-11,-6.328232,54.469693,On or near Antrim Close,drugs
2025-11,-6.33363,54.4678,On or near Grattan Street,drugs
2025-11,-6.328254,54.471787,On or near Levin Road,possession-of-weapons
2025-11,-6.328729,54.465451,On or near ,violent-crime
2025-11,-6.32282,54.474147,On or near Lurgan Tarry,violent-crime
2025-11,-6.327425,54.473213,On or near Ennis Close,violent-crime
2025-11,-6.333194,54.46562,On or near North Street,violent-crime
2025-11,-6.329955,54.462224,On or near Windsor Avenue,violent-crime
2025-11,-6.331924,54.46501,On or near Wellington Street,violent-crime
2025-11,-6.329301,54.464641,On or near Castle Lane,violent-crime
2025-11,-6.33363,54.4678,On or near Grattan Street,other-crime
2025-11,-6.325958,54.471737,On or near ,other-crime
2025-11,-6.155978,54.412694,On or near Banbridge Road,anti-social-behaviour
2025-11,-6.173146,54.432946,On or near Kilntown Road,anti-social-behaviour
2025-11,-6.159339,54.412278,On or near Lower Quilly Road,anti-social-behaviour
2025-11,-6.153436,54.415108,On or near Church View,anti-social-behaviour
2025-11,-6.155247,54.413536,On or near ,anti-social-behaviour
2025-11,-6.16282,54.40712,On or near Barban Hill,criminal-damage-arson
2025-11,-6.159339,54.412278,On or near Lower Quilly Road,vehicle-crime
2025-11,-6.149743,54.422194,On or near Maypole Road,vehicle-crime
2025-11,-6.216137,54.398027,On or near Oroory Hill Road,violent-crime
2025-11,-6.153869,54.413003,On or near Banbridge Road,violent-crime
2025-11,-6.155978,54.412694,On or near Banbridge Road,violent-crime
2025-11,-6.200247,54.371618,On or near Barrack Hill,other-crime
2025-11,-6.160918,54.236816,On or near Church Square,anti-social-behaviour
2025-11,-6.159416,54.238168,On or near Castle Street,anti-social-behaviour
2025-11,-6.163363,54.23564,On or near Cross Heights,anti-social-behaviour
2025-11,-6.165394,54.235842,On or near Ulster Avenue,anti-social-behaviour
2025-11,-6.171259,54.238833,On or near Lissize Park,anti-social-behaviour
2025-11,-6.162641,54.234964,On or near Cross Heights,anti-social-behaviour
2025-11,-6.159027,54.236922,On or near Downpatrick Street,anti-social-behaviour
2025-11,-6.167857,54.237721,On or near Loughbrickland Road,anti-social-behaviour
2025-11,-6.082684,54.275634,On or near ,burglary
2025-11,-6.159027,54.236922,On or near Downpatrick Street,criminal-damage-arson
2025-11,-6.180726,54.260038,On or near ,other-theft
2025-11,-6.166811,54.237777,On or near Ulster Avenue,shoplifting
2025-11,-6.157974,54.236106,On or near Downpatrick Street,violent-crime
2025-11,-6.164965,54.233059,On or near Wrights Park,violent-crime
2025-11,-6.165394,54.235842,On or near Ulster Avenue,violent-crime
2025-11,-6.163363,54.23564,On or near Cross Heights,violent-crime
2025-11,-6.160918,54.236816,On or near Church Square,violent-crime
2025-11,-6.159623,54.235242,On or near Rosconnor Terrace,violent-crime
2025-11,-6.168971,54.232653,On or near Sleepy Valley,violent-crime
2025-11,-6.169674,54.238603,On or near Lissize Avenue,other-crime
2025-11,-6.546778,54.372048,On or near Tanderagee Street,anti-social-behaviour
2025-11,-6.514102,54.390967,On or near Broomhill,anti-social-behaviour
2025-11,-6.550067,54.37216,On or near Main Street,anti-social-behaviour
2025-11,-6.551246,54.371877,On or near Main Street,anti-social-behaviour
2025-11,-6.580229,54.371665,On or near Mullanasilla Road,drugs
2025-11,-6.552892,54.385023,On or near Crewcatt Road,other-theft
2025-11,-6.479687,54.385309,On or near Brompton Park,vehicle-crime
2025-11,-6.5523,54.369473,On or near Victoria Court,violent-crime
2025-11,-6.624126,54.281584,On or near ,anti-social-behaviour
2025-11,-6.637449,54.276138,On or near Tullynagin Road,anti-social-behaviour
2025-11,-6.642424,54.305978,On or near Newtownhamilton Road,anti-social-behaviour
2025-11,-6.692954,54.246799,On or near Granemore Road,drugs
2025-11,-6.554044,54.245347,On or near ,other-theft
2025-11,-6.650857,54.243056,On or near ,other-theft
2025-11,-6.682356,54.241922,On or near Annvale Road,violent-crime
2025-11,-6.563708,54.258167,On or near Cladymore Road,violent-crime
2025-11,-6.554446,54.295234,On or near Mountnab Road,violent-crime
2025-11,-6.686888,54.258116,On or near Bachelors Walk,other-crime
2025-11,-6.338295,54.457362,On or near Sloan Street,anti-social-behaviour
2025-11,-6.355535,54.457382,On or near ,anti-social-behaviour
2025-11,-6.335715,54.46242,On or near ,anti-social-behaviour
2025-11,-6.339952,54.464419,On or near Dill Avenue,anti-social-behaviour
2025-11,-6.336355,54.465277,On or near William Street,anti-social-behaviour
2025-11,-6.334844,54.464133,On or near Church Place,anti-social-behaviour
2025-11,-6.342671,54.462399,On or near ,anti-social-behaviour
2025-11,-6.332347,54.462194,On or near Market Street,anti-social-behaviour
2025-11,-6.338106,54.466586,On or near William Street,anti-social-behaviour
2025-11,-6.344767,54.456336,On or near Drumlin Drive,anti-social-behaviour
2025-11,-6.345128,54.45618,On or near Drumlin Drive,anti-social-behaviour
2025-11,-6.349231,54.455769,On or near Taghnevan Close,anti-social-behaviour
2025-11,-6.347128,54.456288,On or near Monbrief Walk,anti-social-behaviour
2025-11,-6.339041,54.460651,On or near ,anti-social-behaviour
2025-11,-6.34074,54.458303,On or near Sloan Avenue,anti-social-behaviour
2025-11,-6.353172,54.453999,On or near Old Portadown Road,anti-social-behaviour
2025-11,-6.349223,54.454816,On or near Ashdene Park,anti-social-behaviour
2025-11,-6.358442,54.456784,On or near Hillcrest,anti-social-behaviour
2025-11,-6.335317,54.463484,On or near Church Place,anti-social-behaviour
2025-11,-6.334844,54.464133,On or near Church Place,criminal-damage-arson
2025-11,-6.342671,54.462399,On or near ,criminal-damage-arson
2025-11,-6.343742,54.465298,On or near Elmwood Terrace,criminal-damage-arson
2025-11,-6.335715,54.46242,On or near ,criminal-damage-arson
2025-11,-6.33853,54.462612,On or near ,criminal-damage-arson
2025-11,-6.339168,54.465514,On or near Rectory Road,drugs
2025-11,-6.339041,54.460651,On or near ,drugs
2025-11,-6.332204,54.4623,On or near Market Street,other-theft
2025-11,-6.3357,54.457847,On or near Union Street,other-theft
2025-11,-6.360112,54.456276,On or near Carrigart Manor,other-theft
2025-11,-6.342439,54.460141,On or near Manor Drive,other-theft
2025-11,-6.334306,54.463704,On or near Church Place,other-theft
2025-11,-6.348536,54.456163,On or near Dingwell Park,possession-of-weapons
2025-11,-6.359457,54.454938,On or near Carrigart Manor,possession-of-weapons
2025-11,-6.355489,54.459286,On or near ,shoplifting
2025-11,-6.333109,54.460516,On or near Coronation Street,shoplifting
2025-11,-6.355535,54.457382,On or near ,shoplifting
2025-11,-6.358442,54.456784,On or near Hillcrest,shoplifting
2025-11,-6.330938,54.461573,On or near High Street,shoplifting
2025-11,-6.334938,54.458385,On or near Union Street,violent-crime
2025-11,-6.338106,54.466586,On or near William Street,violent-crime
2025-11,-6.35371,54.455964,On or near Gilpins Manor,violent-crime
2025-11,-6.33853,54.462612,On or near ,violent-crime
2025-11,-6.348536,54.456163,On or near Dingwell Park,violent-crime
2025-11,-6.341027,54.461505,On or near Sloanhill Mews,violent-crime
2025-11,-6.339041,54.460651,On or near ,violent-crime
2025-11,-6.347567,54.454578,On or near Richmount Gardens,violent-crime
2025-11,-6.355535,54.457382,On or near ,violent-crime
2025-11,-6.340041,54.459183,On or near ,violent-crime
2025-11,-6.33359,54.463101,On or near Church Place,violent-crime
2025-11,-6.360112,54.456276,On or near Carrigart Manor,violent-crime
2025-11,-6.333109,54.460516,On or near Coronation Street,other-crime
2025-11,-6.410471,54.355245,On or near Austin Drive,anti-social-behaviour
2025-11,-6.415279,54.354221,On or near Church Street,anti-social-behaviour
2025-11,-6.411058,54.354794,On or near Austin Drive,anti-social-behaviour
2025-11,-6.448237,54.374343,On or near Mullavilly Heights,anti-social-behaviour
2025-11,-6.421147,54.358053,On or near Castle Rise,burglary
2025-11,-6.414041,54.353621,On or near The Square,burglary
2025-11,-6.415886,54.360841,On or near Knightsbridge,criminal-damage-arson
2025-11,-6.40973,54.356529,On or near Coburn Drive,criminal-damage-arson
2025-11,-6.442641,54.379078,On or near Tandragee Road,criminal-damage-arson
2025-11,-6.405679,54.353088,On or near Woodview Park,criminal-damage-arson
2025-11,-6.44522,54.371528,On or near The Rose Garden,other-theft
2025-11,-6.421142,54.362186,On or near Portadown Road,shoplifting
2025-11,-6.449284,54.368625,On or near Laurel Grove,violent-crime
2025-11,-6.413089,54.351595,On or near Sinton Park,violent-crime
2025-11,-6.414222,54.353704,On or near The Square,violent-crime
2025-11,-6.415446,54.353873,On or near Castle Mews,violent-crime
2025-11,-6.414124,54.349462,On or near ,violent-crime
2025-11,-6.545926,54.482266,On or near Birchwood Grange,anti-social-behaviour
2025-11,-6.512042,54.438945,On or near Timakeel Grange,anti-social-behaviour
2025-11,-6.446177,54.456938,On or near Derrycarne Road,anti-social-behaviour
2025-11,-6.520437,54.440791,On or near ,other-theft
2025-11,-6.465664,54.45212,On or near Corbracky Road,violent-crime
2025-11,-6.560248,54.495779,On or near ,violent-crime
2025-11,-6.653212,54.350086,On or near College Street,anti-social-behaviour
2025-11,-6.654911,54.352216,On or near Lisanally Lane,anti-social-behaviour
2025-11,-6.655227,54.351483,On or near ,anti-social-behaviour
2025-11,-6.657149,54.354352,On or near ,anti-social-behaviour
2025-11,-6.650306,54.347735,On or near The Mall West,anti-social-behaviour
2025-11,-6.656095,54.354574,On or near Banbrook Hill,anti-social-behaviour
2025-11,-6.656767,54.355201,On or near Banbrook Hill,anti-social-behaviour
2025-11,-6.65322,54.352655,On or near Lisanally Lane,anti-social-behaviour
2025-11,-6.656237,54.352608,On or near Lower English Street,anti-social-behaviour
2025-11,-6.653212,54.350086,On or near College Street,burglary
2025-11,-6.650089,54.346843,On or near Little Barrack Street,criminal-damage-arson
2025-11,-6.653272,54.347777,On or near ,criminal-damage-arson
2025-11,-6.654911,54.352216,On or near Lisanally Lane,criminal-damage-arson
2025-11,-6.639534,54.34747,On or near Killuney Drive,criminal-damage-arson
2025-11,-6.652798,54.348653,On or near Jennys Row,criminal-damage-arson
2025-11,-6.653557,54.355058,On or near Knockamell Park,criminal-damage-arson
2025-11,-6.657725,54.35603,On or near Railway Street,drugs
2025-11,-6.651872,54.349208,On or near The Mall West,other-theft
2025-11,-6.653212,54.350086,On or near College Street,other-theft
2025-11,-6.654082,54.349835,On or near ,possession-of-weapons
2025-11,-6.653212,54.350086,On or near College Street,shoplifting
2025-11,-6.653557,54.355058,On or near Knockamell Park,shoplifting
2025-11,-6.650306,54.347735,On or near The Mall West,shoplifting
2025-11,-6.644755,54.34443,On or near Folly Lane,violent-crime
2025-11,-6.638835,54.343024,On or near ,violent-crime
2025-11,-6.656237,54.352608,On or near Lower English Street,violent-crime
2025-11,-6.655843,54.352882,On or near Banbrook Hill,violent-crime
2025-11,-6.631418,54.352446,On or near Linsey's Heights,violent-crime
2025-11,-6.654911,54.352216,On or near Lisanally Lane,violent-crime
2025-11,-6.654082,54.349835,On or near ,violent-crime
2025-11,-6.65461,54.353443,On or near Lonsdale Road,violent-crime
2025-11,-6.641609,54.348428,On or near Victoria Park,violent-crime
2025-11,-6.646447,54.345347,On or near Langs Crescent,violent-crime
2025-11,-6.640799,54.34363,On or near Rosemount Avenue,violent-crime
2025-11,-6.653333,54.354381,On or near Lisanally Lane,other-crime
2025-11,-6.652495,54.347104,On or near Scotch Street,other-crime
2025-11,-6.293382,54.434966,On or near Meadowvale,anti-social-behaviour
2025-11,-6.301679,54.436314,On or near Primary Walk,anti-social-behaviour
2025-11,-6.292028,54.435629,On or near Cambrai Drive,burglary
2025-11,-6.334597,54.43414,On or near Gilford Road,criminal-damage-arson
2025-11,-6.334118,54.435669,On or near Corcreeny Place,possession-of-weapons
2025-11,-6.292028,54.435629,On or near Cambrai Drive,violent-crime
2025-11,-6.302894,54.43749,On or near Windsor Close,violent-crime
2025-11,-6.28897,54.430609,On or near Murray Wood,violent-crime
2025-11,-6.29448,54.42968,On or near Murray Wood,violent-crime
2025-11,-6.334118,54.435669,On or near Corcreeny Place,other-crime
2025-11,-5.983375,54.574927,On or near Andersonstown Road,anti-social-behaviour
2025-11,-5.990014,54.570455,On or near Riverdale Park South,anti-social-behaviour
2025-11,-5.988543,54.574573,On or near South Link,anti-social-behaviour
2025-11,-5.991804,54.574941,On or near St. Agnes Place,anti-social-behaviour
2025-11,-5.98891,54.570886,On or near Riverdale Gardens,anti-social-behaviour
2025-11,-5.99434,54.574633,On or near Glenshane Gardens,anti-social-behaviour
2025-11,-5.982329,54.571684,On or near M1,criminal-damage-arson
2025-11,-5.990704,54.57592,On or near Croaghan Gardens,criminal-damage-arson
2025-11,-5.985953,54.573784,On or near ,other-theft
2025-11,-5.986811,54.571112,On or near Riverdale Park East,other-theft
2025-11,-5.991581,54.573176,On or near Andersonstown Road,shoplifting
2025-11,-5.995493,54.572891,On or near Finaghy Road North,shoplifting
2025-11,-5.989628,54.572955,On or near ,shoplifting
2025-11,-5.991954,54.57409,On or near Slievegallion Drive,vehicle-crime
2025-11,-5.99443,54.574059,On or near Slieveban Drive,violent-crime
2025-11,-5.99264,54.569564,On or near Finaghy Road North,violent-crime
2025-11,-5.98926,54.571952,On or near Riverdale Park North,violent-crime
2025-11,-5.991244,54.57123,On or near Riverdale Park West,violent-crime
2025-11,-5.985395,54.57789,On or near Benraw Road,violent-crime
2025-11,-5.956688,54.616178,On or near Jamaica Road,anti-social-behaviour
2025-11,-5.955815,54.615687,On or near Havana Way,anti-social-behaviour
2025-11,-5.958754,54.612637,On or near Brookfield Place,anti-social-behaviour
2025-11,-5.956815,54.613656,On or near Flax Street,anti-social-behaviour
2025-11,-5.959041,54.617431,On or near Etna Drive,anti-social-behaviour
2025-11,-5.95955,54.618401,On or near Etna Drive,anti-social-behaviour
2025-11,-5.954431,54.614882,On or near Ardoyne Avenue,anti-social-behaviour
2025-11,-5.962345,54.617307,On or near ,anti-social-behaviour
2025-11,-5.954394,54.613462,On or near Ardilea Street,anti-social-behaviour
2025-11,-5.958791,54.612826,On or near Brookfield Place,anti-social-behaviour
2025-11,-5.964681,54.615783,On or near ,anti-social-behaviour
2025-11,-5.959295,54.617911,On or near Etna Drive,anti-social-behaviour
2025-11,-5.960335,54.614146,On or near Elmfield Street,criminal-damage-arson
2025-11,-5.956688,54.616178,On or near Jamaica Road,criminal-damage-arson
2025-11,-5.954765,54.614699,On or near ,criminal-damage-arson
2025-11,-5.957101,54.615359,On or near Brompton Park,criminal-damage-arson
2025-11,-5.954431,54.614882,On or near Ardoyne Avenue,criminal-damage-arson
2025-11,-5.955815,54.615687,On or near Havana Way,criminal-damage-arson
2025-11,-5.961696,54.616353,On or near ,drugs
2025-11,-5.954431,54.614882,On or near Ardoyne Avenue,drugs
2025-11,-5.954741,54.614869,On or near ,drugs
2025-11,-5.964013,54.616445,On or near ,drugs
2025-11,-5.962662,54.617779,On or near ,drugs
2025-11,-5.956815,54.613656,On or near Flax Street,drugs
2025-11,-5.95902,54.613522,On or near Brookfield Place,other-theft
2025-11,-5.961365,54.615844,On or near ,other-theft
2025-11,-5.954394,54.613462,On or near Ardilea Street,other-theft
2025-11,-5.958791,54.612826,On or near Brookfield Place,other-theft
2025-11,-5.958754,54.612637,On or near Brookfield Place,other-theft
2025-11,-5.965701,54.615198,On or near Estoril Park,robbery
2025-11,-5.956591,54.615332,On or near Havana Way,shoplifting
2025-11,-5.954765,54.614699,On or near ,shoplifting
2025-11,-5.954394,54.613462,On or near Ardilea Street,shoplifting
2025-11,-5.958142,54.618997,On or near Alliance Avenue,vehicle-crime
2025-11,-5.96226,54.613738,On or near Kerrera Mews,vehicle-crime
2025-11,-5.964981,54.614746,On or near Duneden Park,vehicle-crime
2025-11,-5.954394,54.613462,On or near Ardilea Street,violent-crime
2025-11,-5.954765,54.614699,On or near ,violent-crime
2025-11,-5.954431,54.614882,On or near Ardoyne Avenue,violent-crime
2025-11,-5.951202,54.615367,On or near Louisa Court,violent-crime
2025-11,-5.956688,54.616178,On or near Jamaica Road,violent-crime
2025-11,-5.955902,54.6155,On or near Havana Way,violent-crime
2025-11,-5.955855,54.614888,On or near Ardoyne Avenue,violent-crime
2025-11,-5.95599,54.61622,On or near Jamaica Road,violent-crime
2025-11,-5.963838,54.616245,On or near Cranbrook Gardens,violent-crime
2025-11,-5.955571,54.617462,On or near Jamaica Road,violent-crime
2025-11,-5.951576,54.615014,On or near Ardilea Drive,violent-crime
2025-11,-5.962345,54.617307,On or near ,violent-crime
2025-11,-5.956815,54.613656,On or near Flax Street,violent-crime
2025-11,-5.964681,54.615783,On or near ,violent-crime
2025-11,-5.983093,54.610062,On or near ,anti-social-behaviour
2025-11,-5.979862,54.604042,On or near Highcliff Gardens,anti-social-behaviour
2025-11,-5.981361,54.608784,On or near Lyndhurst Way,anti-social-behaviour
2025-11,-5.977296,54.602427,On or near Highpark Drive,other-theft
2025-11,-5.975267,54.603696,On or near ,other-theft
2025-11,-5.977028,54.606259,On or near ,violent-crime
2025-11,-5.978133,54.602702,On or near Highdene Gardens,other-crime
2025-11,-5.973774,54.606959,On or near West Circular Road,other-crime
2025-11,-5.977296,54.602427,On or near Highpark Drive,other-crime
2025-11,-5.910852,54.599753,On or near Strand Close,anti-social-behaviour
2025-11,-5.90499,54.599705,On or near Susan Street,anti-social-behaviour
2025-11,-5.900193,54.596091,On or near ,anti-social-behaviour
2025-11,-5.903858,54.595822,On or near ,anti-social-behaviour
2025-11,-5.900276,54.601394,On or near Newcastle Manor,anti-social-behaviour
2025-11,-5.908938,54.599971,On or near Vulcan Court,anti-social-behaviour
2025-11,-5.897074,54.601949,On or near Humber Court,anti-social-behaviour
2025-11,-5.900673,54.598777,On or near Lendrick Street,anti-social-behaviour
2025-11,-5.918152,54.598944,On or near Rotterdam Court,anti-social-behaviour
2025-11,-5.900659,54.600259,On or near ,anti-social-behaviour
2025-11,-5.906173,54.596257,On or near Clandeboye Gardens,anti-social-behaviour
2025-11,-5.917632,54.599429,On or near ,anti-social-behaviour
2025-11,-5.903265,54.599235,On or near ,anti-social-behaviour
2025-11,-5.902705,54.598381,On or near ,anti-social-behaviour
2025-11,-5.911673,54.596415,On or near ,anti-social-behaviour
2025-11,-5.905507,54.595347,On or near Mountpottinger Road,anti-social-behaviour
2025-11,-5.907691,54.597128,On or near ,anti-social-behaviour
2025-11,-5.906117,54.597946,On or near Bryson Gardens,anti-social-behaviour
2025-11,-5.897058,54.599559,On or near Dee Street,anti-social-behaviour
2025-11,-5.918121,54.600758,On or near Station Street,bicycle-theft
2025-11,-5.900396,54.600255,On or near St. Leonards Street,bicycle-theft
2025-11,-5.918121,54.600758,On or near Station Street,criminal-damage-arson
2025-11,-5.911673,54.596415,On or near ,criminal-damage-arson
2025-11,-5.908938,54.599971,On or near Vulcan Court,criminal-damage-arson
2025-11,-5.903265,54.599235,On or near ,criminal-damage-arson
2025-11,-5.90499,54.599705,On or near Susan Street,criminal-damage-arson
2025-11,-5.906544,54.597755,On or near Comber Gardens,criminal-damage-arson
2025-11,-5.905653,54.597327,On or near Edgar Street,criminal-damage-arson
2025-11,-5.917632,54.599429,On or near ,criminal-damage-arson
2025-11,-5.917825,54.598669,On or near Laganview Court,criminal-damage-arson
2025-11,-5.910425,54.596924,On or near Arran Street,criminal-damage-arson
2025-11,-5.905507,54.595347,On or near Mountpottinger Road,criminal-damage-arson
2025-11,-5.918781,54.59935,On or near Rotterdam Court,criminal-damage-arson
2025-11,-5.910234,54.599436,On or near Strand Mews,drugs
2025-11,-5.911673,54.596415,On or near ,drugs
2025-11,-5.907492,54.596783,On or near Harper Street,drugs
2025-11,-5.918121,54.600758,On or near Station Street,other-theft
2025-11,-5.905507,54.595347,On or near Mountpottinger Road,other-theft
2025-11,-5.905077,54.598611,On or near ,other-theft
2025-11,-5.910852,54.599753,On or near Strand Close,other-theft
2025-11,-5.900148,54.598759,On or near ,other-theft
2025-11,-5.90499,54.599705,On or near Susan Street,possession-of-weapons
2025-11,-5.917825,54.598669,On or near Laganview Court,possession-of-weapons
2025-11,-5.90193,54.59932,On or near Newtownards Road,possession-of-weapons
2025-11,-5.907166,54.599518,On or near St. Matthews Court,possession-of-weapons
2025-11,-5.909736,54.600093,On or near Strand Close,public-order
2025-11,-5.910852,54.599753,On or near Strand Close,public-order
2025-11,-5.900193,54.596091,On or near ,shoplifting
2025-11,-5.90193,54.59932,On or near Newtownards Road,vehicle-crime
2025-11,-5.898717,54.601007,On or near Derwent Street,vehicle-crime
2025-11,-5.909203,54.598412,On or near Mountforde Gardens,violent-crime
2025-11,-5.908835,54.598056,On or near Mountforde Court,violent-crime
2025-11,-5.905507,54.595347,On or near Mountpottinger Road,violent-crime
2025-11,-5.896981,54.600456,On or near Dee Street,violent-crime
2025-11,-5.906523,54.596973,On or near Harper Street,violent-crime
2025-11,-5.910852,54.599753,On or near Strand Close,violent-crime
2025-11,-5.898585,54.597851,On or near Montrose Walk,violent-crime
2025-11,-5.910234,54.599436,On or near Strand Mews,violent-crime
2025-11,-5.903858,54.595822,On or near ,violent-crime
2025-11,-5.900426,54.598764,On or near ,violent-crime
2025-11,-5.908938,54.599971,On or near Vulcan Court,violent-crime
2025-11,-5.918781,54.59935,On or near Rotterdam Court,violent-crime
2025-11,-5.904703,54.596546,On or near Clandeboye Drive,violent-crime
2025-11,-5.905671,54.595773,On or near Clandeboye Drive,violent-crime
2025-11,-5.90193,54.59932,On or near Newtownards Road,violent-crime
2025-11,-5.907492,54.596783,On or near Harper Street,violent-crime
2025-11,-5.907832,54.59829,On or near Seaforde Court,violent-crime
2025-11,-5.903805,54.596558,On or near Clandeboye Gardens,violent-crime
2025-11,-5.901225,54.597987,On or near Major Street,violent-crime
2025-11,-5.902627,54.598101,On or near ,violent-crime
2025-11,-5.905287,54.599333,On or near Duke Street,violent-crime
2025-11,-5.909731,54.597487,On or near Moira Court,other-crime
2025-11,-5.975437,54.59528,On or near Sliabh Dubh View,anti-social-behaviour
2025-11,-5.983811,54.594908,On or near Glenalina Park,anti-social-behaviour
2025-11,-5.973408,54.591266,On or near ,anti-social-behaviour
2025-11,-5.981816,54.596761,On or near Glenalina Road,anti-social-behaviour
2025-11,-5.977018,54.597409,On or near Springfield Road,anti-social-behaviour
2025-11,-5.981575,54.594134,On or near Whitecliff Parade,criminal-damage-arson
2025-11,-5.985112,54.595837,On or near ,criminal-damage-arson
2025-11,-5.976356,54.593597,On or near Westrock Gardens,criminal-damage-arson
2025-11,-5.977018,54.597409,On or near Springfield Road,drugs
2025-11,-5.972905,54.59362,On or near Westrock Square,other-theft
2025-11,-5.987889,54.594427,On or near Springfield Road,other-theft
2025-11,-5.981575,54.594134,On or near Whitecliff Parade,possession-of-weapons
2025-11,-5.972905,54.59362,On or near Westrock Square,possession-of-weapons
2025-11,-5.981837,54.596043,On or near Ballymurphy Drive,public-order
2025-11,-5.977661,54.593493,On or near Springhill Rise,robbery
2025-11,-5.980675,54.592304,On or near Ballymurphy Road,violent-crime
2025-11,-5.983531,54.599647,On or near Springfield Heights,violent-crime
2025-11,-5.978686,54.594049,On or near Springhill Drive,violent-crime
2025-11,-5.973989,54.594528,On or near Westrock Grove,violent-crime
2025-11,-5.984623,54.599153,On or near Vere Foster Walk,violent-crime
2025-11,-5.972905,54.59362,On or near Westrock Square,violent-crime
2025-11,-5.980691,54.594173,On or near Whitecliff Crescent,violent-crime
2025-11,-5.977018,54.597409,On or near Springfield Road,violent-crime
2025-11,-5.986495,54.594773,On or near Divismore Crescent,violent-crime
2025-11,-5.967206,54.63065,On or near Tyndale Grove,anti-social-behaviour
2025-11,-5.963882,54.631466,On or near Tyndale Gardens,anti-social-behaviour
2025-11,-5.960915,54.627633,On or near Prestwick Park,anti-social-behaviour
2025-11,-5.962313,54.62754,On or near Wallasey Park,anti-social-behaviour
2025-11,-5.968936,54.628262,On or near Benview Park,anti-social-behaviour
2025-11,-5.964457,54.625842,On or near Wallasey Park,anti-social-behaviour
2025-11,-5.966332,54.6283,On or near Ballysillan Park,anti-social-behaviour
2025-11,-5.969104,54.629865,On or near Benview Drive,anti-social-behaviour
2025-11,-5.962066,54.629387,On or near Coombe Hill Park,anti-social-behaviour
2025-11,-5.964375,54.628725,On or near Wallasey Park,anti-social-behaviour
2025-11,-5.969104,54.629865,On or near Benview Drive,burglary
2025-11,-5.970868,54.624602,On or near Silverstream Drive,criminal-damage-arson
2025-11,-5.968551,54.63442,On or near Loughview Manor,criminal-damage-arson
2025-11,-5.974381,54.624643,On or near Silverstream Road,criminal-damage-arson
2025-11,-5.96736,54.626322,On or near Ballysillan Road,criminal-damage-arson
2025-11,-5.964375,54.628725,On or near Wallasey Park,drugs
2025-11,-5.968551,54.63442,On or near Loughview Manor,vehicle-crime
2025-11,-5.963221,54.629209,On or near Prestwick Park,violent-crime
2025-11,-5.969104,54.629865,On or near Benview Drive,violent-crime
2025-11,-5.968551,54.63442,On or near Loughview Manor,violent-crime
2025-11,-5.969313,54.629392,On or near Benview Drive,violent-crime
2025-11,-5.972134,54.630904,On or near Ballysillan Avenue,violent-crime
2025-11,-5.968551,54.63442,On or near Loughview Manor,other-crime
2025-11,-5.964375,54.628725,On or near Wallasey Park,other-crime
2025-11,-5.97098,54.588763,On or near ,anti-social-behaviour
2025-11,-5.964603,54.587892,On or near ,anti-social-behaviour
2025-11,-5.960873,54.591019,On or near Iveagh Street,anti-social-behaviour
2025-11,-5.964359,54.589982,On or near La Salle Drive,anti-social-behaviour
2025-11,-5.963489,54.59348,On or near ,anti-social-behaviour
2025-11,-5.96233,54.587243,On or near Rodney Parade,burglary
2025-11,-5.96418,54.593896,On or near Beechmount Street,burglary
2025-11,-5.965552,54.589651,On or near St. James's Park,burglary
2025-11,-5.964721,54.587688,On or near ,criminal-damage-arson
2025-11,-5.961838,54.588115,On or near Rodney Parade,criminal-damage-arson
2025-11,-5.967182,54.593578,On or near Clowney Street,criminal-damage-arson
2025-11,-5.96233,54.587243,On or near Rodney Parade,criminal-damage-arson
2025-11,-5.963489,54.59348,On or near ,drugs
2025-11,-5.964032,54.59189,On or near ,drugs
2025-11,-5.966062,54.587476,On or near St. James's Road,drugs
2025-11,-5.969442,54.589519,On or near ,other-theft
2025-11,-5.961805,54.590325,On or near Iveagh Drive,other-theft
2025-11,-5.964154,54.591613,On or near Falls Road,other-theft
2025-11,-5.965992,54.592615,On or near Beechmount Drive,other-theft
2025-11,-5.969975,54.58907,On or near Rockmount Street,possession-of-weapons
2025-11,-5.961805,54.590325,On or near Iveagh Drive,possession-of-weapons
2025-11,-5.964118,54.592035,On or near ,robbery
2025-11,-5.964032,54.59189,On or near ,shoplifting
2025-11,-5.969975,54.58907,On or near Rockmount Street,shoplifting
2025-11,-5.961805,54.590325,On or near Iveagh Drive,shoplifting
2025-11,-5.961838,54.588115,On or near Rodney Parade,shoplifting
2025-11,-5.964032,54.59189,On or near ,violent-crime
2025-11,-5.960265,54.591108,On or near Nansen Street,violent-crime
2025-11,-5.969133,54.58981,On or near ,violent-crime
2025-11,-5.963184,54.59246,On or near Islandbawn Drive,violent-crime
2025-11,-5.962767,54.594923,On or near Beechmount Walk,violent-crime
2025-11,-5.968281,54.59419,On or near St Mary's Gardens,violent-crime
2025-11,-5.96233,54.587243,On or near Rodney Parade,violent-crime
2025-11,-5.96962,54.58936,On or near Rockmore Road,violent-crime
2025-11,-5.963162,54.594121,On or near Ardnaclowney Drive,violent-crime
2025-11,-5.964992,54.587234,On or near St. James's Road,violent-crime
2025-11,-5.966062,54.587476,On or near St. James's Road,violent-crime
2025-11,-5.961805,54.590325,On or near Iveagh Drive,other-crime
2025-11,-5.96573,54.592907,On or near ,other-crime
2025-11,-5.969975,54.58907,On or near Rockmount Street,other-crime
2025-11,-5.899471,54.592377,On or near ,anti-social-behaviour
2025-11,-5.900894,54.592374,On or near Tamery Pass,anti-social-behaviour
2025-11,-5.896989,54.5967,On or near Hornby Street,anti-social-behaviour
2025-11,-5.896888,54.595054,On or near Avoniel Road,anti-social-behaviour
2025-11,-5.901032,54.588504,On or near Omeath Street,anti-social-behaviour
2025-11,-5.901381,54.590136,On or near ,anti-social-behaviour
2025-11,-5.903647,54.591802,On or near ,anti-social-behaviour
2025-11,-5.894963,54.597267,On or near Albertbridge Road,anti-social-behaviour
2025-11,-5.894494,54.591976,On or near Heatherbell Street,anti-social-behaviour
2025-11,-5.89469,54.589077,On or near ,anti-social-behaviour
2025-11,-5.894299,54.591559,On or near Beersbridge Road,anti-social-behaviour
2025-11,-5.90258,54.591182,On or near Willowfield Street,anti-social-behaviour
2025-11,-5.906541,54.593901,On or near The Mount,anti-social-behaviour
2025-11,-5.897426,54.594524,On or near Templemore Street,anti-social-behaviour
2025-11,-5.889846,54.589702,On or near Orby Chase,anti-social-behaviour
2025-11,-5.893979,54.59025,On or near Brenda Street,anti-social-behaviour
2025-11,-5.887966,54.586866,On or near Orby Court,anti-social-behaviour
2025-11,-5.896888,54.595054,On or near Avoniel Road,bicycle-theft
2025-11,-5.898777,54.589022,On or near Euston Street,criminal-damage-arson
2025-11,-5.903366,54.594268,On or near Castlereagh Place,criminal-damage-arson
2025-11,-5.903216,54.593574,On or near Upper Frank Street,criminal-damage-arson
2025-11,-5.904313,54.595111,On or near Albertbridge Road,criminal-damage-arson
2025-11,-5.904654,54.594192,On or near The Mount,criminal-damage-arson
2025-11,-5.899607,54.595434,On or near Lord Street,criminal-damage-arson
2025-11,-5.898866,54.594504,On or near Epworth Street,criminal-damage-arson
2025-11,-5.896076,54.591895,On or near Beersbridge Road,criminal-damage-arson
2025-11,-5.898909,54.589168,On or near Walker Court,criminal-damage-arson
2025-11,-5.900605,54.593798,On or near Breach Close,criminal-damage-arson
2025-11,-5.893548,54.590512,On or near Grove Street East,criminal-damage-arson
2025-11,-5.895056,54.591877,On or near ,criminal-damage-arson
2025-11,-5.894229,54.59021,On or near ,drugs
2025-11,-5.893543,54.589722,On or near ,drugs
2025-11,-5.898777,54.589022,On or near Euston Street,other-theft
2025-11,-5.895304,54.592475,On or near Avoniel Drive,other-theft
2025-11,-5.898051,54.592307,On or near Lord Street,possession-of-weapons
2025-11,-5.896076,54.591895,On or near Beersbridge Road,possession-of-weapons
2025-11,-5.895921,54.596996,On or near Stonyford Street,possession-of-weapons
2025-11,-5.894963,54.597267,On or near Albertbridge Road,shoplifting
2025-11,-5.895986,54.588542,On or near Castlereagh Road,shoplifting
2025-11,-5.899176,54.592093,On or near Castlereagh Road,shoplifting
2025-11,-5.901525,54.595467,On or near Albertbridge Road,shoplifting
2025-11,-5.894963,54.597267,On or near Albertbridge Road,theft-from-the-person
2025-11,-5.896614,54.589272,On or near Castlereagh Road,violent-crime
2025-11,-5.901409,54.594998,On or near Thorndyke Street,violent-crime
2025-11,-5.900894,54.592374,On or near Tamery Pass,violent-crime
2025-11,-5.895141,54.589031,On or near Channing Street,violent-crime
2025-11,-5.900907,54.589131,On or near Hatton Drive,violent-crime
2025-11,-5.906541,54.593901,On or near The Mount,violent-crime
2025-11,-5.90258,54.591182,On or near Willowfield Street,violent-crime
2025-11,-5.89697,54.595568,On or near Avoniel Road,violent-crime
2025-11,-5.903971,54.593021,On or near Upper Frank Street,violent-crime
2025-11,-5.899471,54.592377,On or near ,violent-crime
2025-11,-5.899579,54.593591,On or near Kenbaan Court,violent-crime
2025-11,-5.896076,54.591895,On or near Beersbridge Road,violent-crime
2025-11,-5.894963,54.597267,On or near Albertbridge Road,violent-crime
2025-11,-5.895921,54.596996,On or near Stonyford Street,violent-crime
2025-11,-5.901212,54.589514,On or near Jocelyn Gardens,violent-crime
2025-11,-5.900664,54.592038,On or near Canton Court,violent-crime
2025-11,-5.935353,54.644325,On or near Antrim Road,anti-social-behaviour
2025-11,-5.935419,54.650958,On or near Ben Madigan Park South,anti-social-behaviour
2025-11,-5.927538,54.650841,On or near Serpentine Gardens,anti-social-behaviour
2025-11,-5.934847,54.646051,On or near Antrim Road,anti-social-behaviour
2025-11,-5.927897,54.651413,On or near Gunnell Hill,criminal-damage-arson
2025-11,-5.926878,54.650416,On or near Voltaire Gardens,criminal-damage-arson
2025-11,-5.923539,54.642973,On or near Grays Court,criminal-damage-arson
2025-11,-5.935353,54.644325,On or near Antrim Road,drugs
2025-11,-5.922464,54.643692,On or near Grays Lane,drugs
2025-11,-5.934847,54.646051,On or near Antrim Road,drugs
2025-11,-5.935858,54.642923,On or near Antrim Road,other-theft
2025-11,-5.935353,54.644325,On or near Antrim Road,other-theft
2025-11,-5.929893,54.650845,On or near Kernan Drive,other-theft
2025-11,-5.935353,54.644325,On or near Antrim Road,public-order
2025-11,-5.935858,54.642923,On or near Antrim Road,shoplifting
2025-11,-5.925558,54.647734,On or near Whitewell Crescent,vehicle-crime
2025-11,-5.933369,54.655334,On or near Old Throne Park,violent-crime
2025-11,-5.935353,54.644325,On or near Antrim Road,violent-crime
2025-11,-5.931874,54.651499,On or near Thorburn Park,violent-crime
2025-11,-5.935858,54.642923,On or near Antrim Road,other-crime
2025-11,-5.862815,54.611295,On or near Marmont Crescent,anti-social-behaviour
2025-11,-5.876187,54.601243,On or near Ferguson Drive,anti-social-behaviour
2025-11,-5.871094,54.606311,On or near Holywood Road,anti-social-behaviour
2025-11,-5.873507,54.602777,On or near Edgcumbe Gardens,anti-social-behaviour
2025-11,-5.864627,54.600922,On or near Sydenham Avenue,anti-social-behaviour
2025-11,-5.865145,54.60759,On or near Ashmount Park,anti-social-behaviour
2025-11,-5.8564,54.606995,On or near Strathearn Park,other-theft
2025-11,-5.874591,54.60365,On or near Edgcumbe Gardens,shoplifting
2025-11,-5.871788,54.605757,On or near Holywood Road,shoplifting
2025-11,-5.858641,54.611761,On or near Tillysburn Park,violent-crime
2025-11,-5.863222,54.605884,On or near Ashmount Park,violent-crime
2025-11,-5.876187,54.601243,On or near Ferguson Drive,violent-crime
2025-11,-5.92474,54.553081,On or near Castlecoole Walk,anti-social-behaviour
2025-11,-5.944589,54.547543,On or near Minnowburn Mews,anti-social-behaviour
2025-11,-5.938425,54.549622,On or near Kilwarlin Crescent,anti-social-behaviour
2025-11,-5.934719,54.550781,On or near ,anti-social-behaviour
2025-11,-5.939595,54.546353,On or near Altnacreeva Avenue,burglary
2025-11,-5.926642,54.552763,On or near Castleward Park,criminal-damage-arson
2025-11,-5.948369,54.544598,On or near ,criminal-damage-arson
2025-11,-5.938273,54.550194,On or near Moyle Walk,criminal-damage-arson
2025-11,-5.933821,54.547441,On or near Grays Park Court,drugs
2025-11,-5.935912,54.547656,On or near Old Milltown Road,other-theft
2025-11,-5.929999,54.551185,On or near Downhill Walk,public-order
2025-11,-5.938035,54.546938,On or near Ballycairn Drive,shoplifting
2025-11,-5.960164,54.540188,On or near Edenderry Cottages,vehicle-crime
2025-11,-5.938425,54.549622,On or near Kilwarlin Crescent,violent-crime
2025-11,-5.92301,54.564318,On or near Tarawood Mews,violent-crime
2025-11,-5.926642,54.552763,On or near Castleward Park,violent-crime
2025-11,-5.927693,54.553374,On or near Crevenish Walk,violent-crime
2025-11,-5.929999,54.551185,On or near Downhill Walk,violent-crime
2025-11,-5.93624,54.550968,On or near ,violent-crime
2025-11,-5.950811,54.587417,On or near Donegall Avenue,anti-social-behaviour
2025-11,-5.934882,54.589437,On or near Donegall Road,anti-social-behaviour
2025-11,-5.944349,54.585483,On or near Dunluce Avenue,anti-social-behaviour
2025-11,-5.957535,54.584134,On or near Olympia Drive,anti-social-behaviour
2025-11,-5.951809,54.589114,On or near Rydalmere Street,anti-social-behaviour
2025-11,-5.950367,54.591021,On or near Symons Street,anti-social-behaviour
2025-11,-5.935396,54.589374,On or near Donegall Road,anti-social-behaviour
2025-11,-5.943524,54.588955,On or near Colchester Park,anti-social-behaviour
2025-11,-5.934819,54.590065,On or near ,anti-social-behaviour
2025-11,-5.934898,54.591881,On or near ,anti-social-behaviour
2025-11,-5.940123,54.586148,On or near Lisburn Road,anti-social-behaviour
2025-11,-5.936264,54.591186,On or near Charles Street South,anti-social-behaviour
2025-11,-5.955714,54.58466,On or near Ebor Street,anti-social-behaviour
2025-11,-5.955896,54.586281,On or near Frenchpark Street,anti-social-behaviour
2025-11,-5.949451,54.588939,On or near Donegall Avenue,anti-social-behaviour
2025-11,-5.963329,54.573728,On or near Balmoral Road,anti-social-behaviour
2025-11,-5.942775,54.585088,On or near Dunluce Avenue,anti-social-behaviour
2025-11,-5.944039,54.587643,On or near ,anti-social-behaviour
2025-11,-5.94066,54.588996,On or near Utility Street,anti-social-behaviour
2025-11,-5.947678,54.587885,On or near ,anti-social-behaviour
2025-11,-5.943317,54.586625,On or near ,anti-social-behaviour
2025-11,-5.944837,54.587468,On or near Coolfin Street,anti-social-behaviour
2025-11,-5.957155,54.587713,On or near ,anti-social-behaviour
2025-11,-5.954807,54.583935,On or near Runnymede Drive,anti-social-behaviour
2025-11,-5.943524,54.588955,On or near Colchester Park,bicycle-theft
2025-11,-5.943317,54.586625,On or near ,bicycle-theft
2025-11,-5.950837,54.587822,On or near ,burglary
2025-11,-5.94066,54.588996,On or near Utility Street,burglary
2025-11,-5.955345,54.586155,On or near Frenchpark Street,burglary
2025-11,-5.944837,54.587468,On or near Coolfin Street,burglary
2025-11,-5.944982,54.58889,On or near Barrington Gardens,criminal-damage-arson
2025-11,-5.951125,54.587952,On or near Kitchener Street,criminal-damage-arson
2025-11,-5.955225,54.584544,On or near Olympia Street,criminal-damage-arson
2025-11,-5.955896,54.586281,On or near Frenchpark Street,criminal-damage-arson
2025-11,-5.950659,54.588915,On or near Donegall Road,criminal-damage-arson
2025-11,-5.949679,54.58994,On or near Empire Drive,criminal-damage-arson
2025-11,-5.952843,54.585762,On or near ,criminal-damage-arson
2025-11,-5.965575,54.577387,On or near Boucher Crescent,criminal-damage-arson
2025-11,-5.944039,54.587643,On or near ,criminal-damage-arson
2025-11,-5.946673,54.589099,On or near Prince Andrew Park,criminal-damage-arson
2025-11,-5.959104,54.583073,On or near ,criminal-damage-arson
2025-11,-5.945813,54.588662,On or near Daphne Street,criminal-damage-arson
2025-11,-5.954433,54.587083,On or near ,drugs
2025-11,-5.945327,54.587557,On or near Fortuna Street,drugs
2025-11,-5.957226,54.585674,On or near ,drugs
2025-11,-5.964411,54.579955,On or near Boucher Place,drugs
2025-11,-5.934898,54.591881,On or near ,drugs
2025-11,-5.936677,54.593421,On or near Sandy Row,drugs
2025-11,-5.938137,54.589636,On or near Matilda Avenue,drugs
2025-11,-5.936644,54.59192,On or near Sandy Row,drugs
2025-11,-5.944349,54.585483,On or near Dunluce Avenue,drugs
2025-11,-5.934999,54.589879,On or near ,drugs
2025-11,-5.949745,54.590472,On or near Richview Street,drugs
2025-11,-5.965575,54.577387,On or near Boucher Crescent,other-theft
2025-11,-5.955225,54.584544,On or near Olympia Street,other-theft
2025-11,-5.936677,54.593421,On or near Sandy Row,other-theft
2025-11,-5.942606,54.590602,On or near Mabel Court,other-theft
2025-11,-5.936997,54.589527,On or near Matilda Drive,other-theft
2025-11,-5.945623,54.588443,On or near ,other-theft
2025-11,-5.936644,54.59192,On or near Sandy Row,other-theft
2025-11,-5.962673,54.58317,On or near Boucher Way,other-theft
2025-11,-5.955126,54.585594,On or near Donegall Gardens,other-theft
2025-11,-5.951786,54.588655,On or near ,other-theft
2025-11,-5.943317,54.586625,On or near ,other-theft
2025-11,-5.950664,54.590963,On or near Connaught Street,other-theft
2025-11,-5.954924,54.583767,On or near Runnymede Drive,other-theft
2025-11,-5.957188,54.585189,On or near ,other-theft
2025-11,-5.95138,54.586573,On or near Broadway,other-theft
2025-11,-5.934882,54.589437,On or near Donegall Road,other-theft
2025-11,-5.951125,54.587952,On or near Kitchener Street,public-order
2025-11,-5.965383,54.580627,On or near Boucher Crescent,robbery
2025-11,-5.947488,54.588591,On or near ,shoplifting
2025-11,-5.936644,54.59192,On or near Sandy Row,shoplifting
2025-11,-5.965575,54.577387,On or near Boucher Crescent,shoplifting
2025-11,-5.965383,54.580627,On or near Boucher Crescent,shoplifting
2025-11,-5.954092,54.588622,On or near Kilburn Street,shoplifting
2025-11,-5.962673,54.58317,On or near Boucher Way,shoplifting
2025-11,-5.965761,54.575827,On or near ,shoplifting
2025-11,-5.964411,54.579955,On or near Boucher Place,shoplifting
2025-11,-5.959104,54.583073,On or near ,vehicle-crime
2025-11,-5.966266,54.57128,On or near ,vehicle-crime
2025-11,-5.957188,54.585189,On or near ,vehicle-crime
2025-11,-5.965575,54.577387,On or near Boucher Crescent,vehicle-crime
2025-11,-5.944039,54.587643,On or near ,violent-crime
2025-11,-5.934898,54.591881,On or near ,violent-crime
2025-11,-5.944349,54.585483,On or near Dunluce Avenue,violent-crime
2025-11,-5.935178,54.590628,On or near Albion Street,violent-crime
2025-11,-5.95624,54.584966,On or near ,violent-crime
2025-11,-5.934882,54.589437,On or near Donegall Road,violent-crime
2025-11,-5.956106,54.585179,On or near Tates Avenue,violent-crime
2025-11,-5.944982,54.58889,On or near Barrington Gardens,violent-crime
2025-11,-5.95138,54.586573,On or near Broadway,violent-crime
2025-11,-5.941791,54.589878,On or near Felt Street,violent-crime
2025-11,-5.936644,54.59192,On or near Sandy Row,violent-crime
2025-11,-5.93982,54.591237,On or near Clementine Drive,violent-crime
2025-11,-5.95474,54.586189,On or near ,violent-crime
2025-11,-5.962673,54.58317,On or near Boucher Way,violent-crime
2025-11,-5.940726,54.587991,On or near ,violent-crime
2025-11,-5.955345,54.586155,On or near Frenchpark Street,violent-crime
2025-11,-5.944837,54.587468,On or near Coolfin Street,violent-crime
2025-11,-5.945327,54.587557,On or near Fortuna Street,violent-crime
2025-11,-5.938845,54.589406,On or near Matilda Drive,violent-crime
2025-11,-5.95611,54.587875,On or near ,violent-crime
2025-11,-5.958833,54.585719,On or near Glenmachan Pl Roundabout,violent-crime
2025-11,-5.954433,54.587083,On or near ,violent-crime
2025-11,-5.937355,54.592849,On or near ,violent-crime
2025-11,-5.935396,54.589374,On or near Donegall Road,violent-crime
2025-11,-5.935178,54.590628,On or near Albion Street,other-crime
2025-11,-5.892164,54.595152,On or near Factory Street,anti-social-behaviour
2025-11,-5.88575,54.596792,On or near Finvoy Street,anti-social-behaviour
2025-11,-5.890692,54.597875,On or near East Bread Street,anti-social-behaviour
2025-11,-5.887296,54.594132,On or near Bloomfield Avenue,anti-social-behaviour
2025-11,-5.888655,54.59598,On or near Bloomfield Avenue,anti-social-behaviour
2025-11,-5.877782,54.592303,On or near North Road,anti-social-behaviour
2025-11,-5.884451,54.588709,On or near Dunraven Gardens,anti-social-behaviour
2025-11,-5.889074,54.596553,On or near Bloomfield Avenue,anti-social-behaviour
2025-11,-5.886684,54.595775,On or near Uniondale Street,anti-social-behaviour
2025-11,-5.890677,54.593967,On or near Bloomfield Drive,anti-social-behaviour
2025-11,-5.885546,54.594461,On or near ,anti-social-behaviour
2025-11,-5.892538,54.593595,On or near Bloomfield Parade,anti-social-behaviour
2025-11,-5.892245,54.594776,On or near ,anti-social-behaviour
2025-11,-5.886986,54.592042,On or near Woodcot Avenue,anti-social-behaviour
2025-11,-5.884214,54.592695,On or near Bloomfield Road,anti-social-behaviour
2025-11,-5.884606,54.596475,On or near Finvoy Street,anti-social-behaviour
2025-11,-5.884149,54.595425,On or near Moorgate Street,anti-social-behaviour
2025-11,-5.877782,54.592303,On or near North Road,burglary
2025-11,-5.888872,54.596262,On or near Bloomfield Avenue,criminal-damage-arson
2025-11,-5.877782,54.592303,On or near North Road,criminal-damage-arson
2025-11,-5.892164,54.595152,On or near Factory Street,criminal-damage-arson
2025-11,-5.889318,54.593619,On or near Greenville Street,criminal-damage-arson
2025-11,-5.88228,54.590594,On or near Bloomfield Park,criminal-damage-arson
2025-11,-5.88575,54.596792,On or near Finvoy Street,criminal-damage-arson
2025-11,-5.886052,54.589762,On or near Dunraven Gardens,criminal-damage-arson
2025-11,-5.870355,54.594958,On or near Holland Drive,criminal-damage-arson
2025-11,-5.877782,54.592303,On or near North Road,drugs
2025-11,-5.888872,54.596262,On or near Bloomfield Avenue,drugs
2025-11,-5.88587,54.591789,On or near Kensington Avenue,drugs
2025-11,-5.884451,54.588709,On or near Dunraven Gardens,drugs
2025-11,-5.889318,54.593619,On or near Greenville Street,drugs
2025-11,-5.881253,54.59161,On or near Bloomfield Road,drugs
2025-11,-5.886684,54.595775,On or near Uniondale Street,other-theft
2025-11,-5.888751,54.596799,On or near Laburnum Street,other-theft
2025-11,-5.888655,54.59598,On or near Bloomfield Avenue,other-theft
2025-11,-5.884149,54.595425,On or near Moorgate Street,other-theft
2025-11,-5.889824,54.592209,On or near ,other-theft
2025-11,-5.886112,54.591883,On or near ,other-theft
2025-11,-5.888056,54.591396,On or near ,other-theft
2025-11,-5.877782,54.592303,On or near North Road,possession-of-weapons
2025-11,-5.88575,54.596792,On or near Finvoy Street,possession-of-weapons
2025-11,-5.886684,54.595775,On or near Uniondale Street,public-order
2025-11,-5.88813,54.593257,On or near Beersbridge Road,shoplifting
2025-11,-5.889074,54.596553,On or near Bloomfield Avenue,shoplifting
2025-11,-5.888945,54.59275,On or near ,shoplifting
2025-11,-5.888655,54.59598,On or near Bloomfield Avenue,shoplifting
2025-11,-5.883984,54.590256,On or near Greenville Road,shoplifting
2025-11,-5.891551,54.595033,On or near Bloomfield Drive,shoplifting
2025-11,-5.887579,54.593445,On or near Beersbridge Road,shoplifting
2025-11,-5.886699,54.591309,On or near ,violent-crime
2025-11,-5.887652,54.591434,On or near Woodcot Avenue,violent-crime
2025-11,-5.88898,54.592976,On or near Beersbridge Road,violent-crime
2025-11,-5.88575,54.596792,On or near Finvoy Street,violent-crime
2025-11,-5.889074,54.596553,On or near Bloomfield Avenue,violent-crime
2025-11,-5.884606,54.596475,On or near Finvoy Street,violent-crime
2025-11,-5.877782,54.592303,On or near North Road,violent-crime
2025-11,-5.888872,54.596262,On or near Bloomfield Avenue,violent-crime
2025-11,-5.885432,54.591584,On or near ,violent-crime
2025-11,-5.882138,54.596306,On or near Beersbridge Road,violent-crime
2025-11,-5.886261,54.594689,On or near Elmdale Street,violent-crime
2025-11,-5.880714,54.590962,On or near Orangefield Lane,violent-crime
2025-11,-5.889318,54.593619,On or near Greenville Street,violent-crime
2025-11,-5.886986,54.592042,On or near Woodcot Avenue,violent-crime
2025-11,-5.88002,54.593008,On or near Martinez Avenue,violent-crime
2025-11,-5.888655,54.59598,On or near Bloomfield Avenue,violent-crime
2025-11,-5.884451,54.588709,On or near Dunraven Gardens,violent-crime
2025-11,-5.887961,54.591152,On or near Woodcot Avenue,other-crime
2025-11,-5.88898,54.592976,On or near Beersbridge Road,other-crime
2025-11,-5.888872,54.596262,On or near Bloomfield Avenue,other-crime
2025-11,-5.92769,54.597014,On or near ,anti-social-behaviour
2025-11,-5.923333,54.584414,On or near Fitzwilliam Square,anti-social-behaviour
2025-11,-5.922687,54.59497,On or near Friendly Street,anti-social-behaviour
2025-11,-5.923238,54.585967,On or near Ormeau Road,anti-social-behaviour
2025-11,-5.931179,54.593507,On or near Bedford Street,anti-social-behaviour
2025-11,-5.92591,54.598233,On or near Victoria Square,anti-social-behaviour
2025-11,-5.927533,54.599788,On or near High Street,anti-social-behaviour
2025-11,-5.922319,54.584882,On or near Rutland Street,anti-social-behaviour
2025-11,-5.932362,54.586663,On or near India Street,anti-social-behaviour
2025-11,-5.926655,54.593618,On or near Joy Street,anti-social-behaviour
2025-11,-5.92439,54.60012,On or near Victoria Street,anti-social-behaviour
2025-11,-5.917997,54.594404,On or near ,anti-social-behaviour
2025-11,-5.930154,54.597254,On or near Donegall Square North,anti-social-behaviour
2025-11,-5.934406,54.594568,On or near Great Victoria Street,anti-social-behaviour
2025-11,-5.931238,54.597228,On or near Donegall Square North,anti-social-behaviour
2025-11,-5.921174,54.587917,On or near Cooke Place,anti-social-behaviour
2025-11,-5.932455,54.594903,On or near Clarence Street West,anti-social-behaviour
2025-11,-5.935169,54.588355,On or near Lisburn Road,anti-social-behaviour
2025-11,-5.934622,54.595794,On or near Howard Street,anti-social-behaviour
2025-11,-5.922056,54.590961,On or near Cromac Place,anti-social-behaviour
2025-11,-5.932635,54.591645,On or near Ventry Street,anti-social-behaviour
2025-11,-5.927653,54.600778,On or near Waring Street,anti-social-behaviour
2025-11,-5.925779,54.586208,On or near Dudley Street,anti-social-behaviour
2025-11,-5.926474,54.592618,On or near Joy Street,anti-social-behaviour
2025-11,-5.927733,54.584274,On or near Rugby Avenue,anti-social-behaviour
2025-11,-5.926512,54.597057,On or near Montgomery Street,anti-social-behaviour
2025-11,-5.934143,54.590584,On or near Great Victoria Street,anti-social-behaviour
2025-11,-5.928635,54.592727,On or near Ormeau Avenue,anti-social-behaviour
2025-11,-5.924398,54.584469,On or near Agincourt Street,anti-social-behaviour
2025-11,-5.929351,54.589594,On or near ,anti-social-behaviour
2025-11,-5.923238,54.596012,On or near ,anti-social-behaviour
2025-11,-5.923696,54.590656,On or near Cromac Place,anti-social-behaviour
2025-11,-5.932404,54.586753,On or near Botanic Avenue,anti-social-behaviour
2025-11,-5.926802,54.598958,On or near Ann Street,anti-social-behaviour
2025-11,-5.933461,54.593357,On or near Hope Street,anti-social-behaviour
2025-11,-5.93075,54.60014,On or near Berry Street,anti-social-behaviour
2025-11,-5.931541,54.596433,On or near Donegall Square West,anti-social-behaviour
2025-11,-5.930851,54.601812,On or near North Street,anti-social-behaviour
2025-11,-5.933314,54.588629,On or near Botanic Avenue,anti-social-behaviour
2025-11,-5.92559,54.585657,On or near Dudley Street,anti-social-behaviour
2025-11,-5.927595,54.587003,On or near Cromwell Road,anti-social-behaviour
2025-11,-5.92577,54.600378,On or near Church Lane,anti-social-behaviour
2025-11,-5.933006,54.587985,On or near Botanic Avenue,anti-social-behaviour
2025-11,-5.932472,54.587841,On or near ,anti-social-behaviour
2025-11,-5.92881,54.585317,On or near Carmel Street,anti-social-behaviour
2025-11,-5.933651,54.595113,On or near ,anti-social-behaviour
2025-11,-5.93543,54.595116,On or near Glengall Street,anti-social-behaviour
2025-11,-5.928592,54.599366,On or near Corn Market,anti-social-behaviour
2025-11,-5.933133,54.595867,On or near Howard Street,anti-social-behaviour
2025-11,-5.931754,54.598036,On or near Fountain Street,anti-social-behaviour
2025-11,-5.922608,54.585579,On or near Hatfield Street,anti-social-behaviour
2025-11,-5.925568,54.590059,On or near Coyles Place,anti-social-behaviour
2025-11,-5.923999,54.598389,On or near Victoria Square,anti-social-behaviour
2025-11,-5.927313,54.599865,On or near High Street,anti-social-behaviour
2025-11,-5.928159,54.596303,On or near ,anti-social-behaviour
2025-11,-5.933066,54.591086,On or near Dublin Road,anti-social-behaviour
2025-11,-5.927652,54.584057,On or near Palestine Street,anti-social-behaviour
2025-11,-5.931149,54.595941,On or near Donegall Square West,anti-social-behaviour
2025-11,-5.925005,54.584389,On or near Penrose Street,anti-social-behaviour
2025-11,-5.93091,54.587824,On or near Wolseley Street,anti-social-behaviour
2025-11,-5.931661,54.584009,On or near College Park East,anti-social-behaviour
2025-11,-5.925134,54.584598,On or near Rugby Avenue,anti-social-behaviour
2025-11,-5.932058,54.580143,On or near Colenso Parade,anti-social-behaviour
2025-11,-5.924715,54.585229,On or near The Cloisters,anti-social-behaviour
2025-11,-5.927357,54.5862,On or near University Street,anti-social-behaviour
2025-11,-5.930703,54.587335,On or near Wolseley Street,anti-social-behaviour
2025-11,-5.922456,54.585226,On or near Farnham Street,anti-social-behaviour
2025-11,-5.930632,54.595447,On or near James Street South,anti-social-behaviour
2025-11,-5.924925,54.599348,On or near Upper Church Lane,anti-social-behaviour
2025-11,-5.924849,54.597496,On or near Seymour Street,anti-social-behaviour
2025-11,-5.927075,54.596635,On or near ,anti-social-behaviour
2025-11,-5.937749,54.582001,On or near Wellesley Avenue,anti-social-behaviour
2025-11,-5.935872,54.588223,On or near Sandy Row,anti-social-behaviour
2025-11,-5.928741,54.597032,On or near Donegall Square East,anti-social-behaviour
2025-11,-5.930439,54.592551,On or near Bankmore Street,anti-social-behaviour
2025-11,-5.927349,54.585445,On or near Fitzroy Avenue,anti-social-behaviour
2025-11,-5.928538,54.595555,On or near ,anti-social-behaviour
2025-11,-5.934791,54.579318,On or near Stranmillis Road,anti-social-behaviour
2025-11,-5.931196,54.594091,On or near Clarence Street,anti-social-behaviour
2025-11,-5.932409,54.580545,On or near Colenso Parade,anti-social-behaviour
2025-11,-5.923939,54.58376,On or near Agincourt Avenue,anti-social-behaviour
2025-11,-5.933747,54.589552,On or near Donegall Pass,anti-social-behaviour
2025-11,-5.923853,54.58454,On or near ,anti-social-behaviour
2025-11,-5.924968,54.600625,On or near High Street,anti-social-behaviour
2025-11,-5.935911,54.596328,On or near Murray Street,anti-social-behaviour
2025-11,-5.9333,54.597155,On or near Wellington Place,anti-social-behaviour
2025-11,-5.925737,54.584294,On or near Cairo Street,anti-social-behaviour
2025-11,-5.920877,54.592531,On or near Mcauley Street,anti-social-behaviour
2025-11,-5.932453,54.597689,On or near College Street Mews,anti-social-behaviour
2025-11,-5.923023,54.58776,On or near Cooke Mews,anti-social-behaviour
2025-11,-5.930305,54.598533,On or near Donegall Place,anti-social-behaviour
2025-11,-5.926218,54.594311,On or near Henrietta Street,anti-social-behaviour
2025-11,-5.929328,54.598579,On or near Castle Lane,anti-social-behaviour
2025-11,-5.926747,54.589388,On or near Walnut Street,anti-social-behaviour
2025-11,-5.929306,54.600232,On or near Rosemary Street,anti-social-behaviour
2025-11,-5.930446,54.599424,On or near Royal Avenue,anti-social-behaviour
2025-11,-5.932878,54.599682,On or near Chapel Lane,anti-social-behaviour
2025-11,-5.930067,54.600182,On or near Rosemary Street,anti-social-behaviour
2025-11,-5.924926,54.583516,On or near Agincourt Avenue,anti-social-behaviour
2025-11,-5.92296,54.592953,On or near Raphael Street,anti-social-behaviour
2025-11,-5.932781,54.587541,On or near Botanic Avenue,anti-social-behaviour
2025-11,-5.927828,54.598562,On or near Arthur Square,anti-social-behaviour
2025-11,-5.933586,54.581436,On or near ,anti-social-behaviour
2025-11,-5.928894,54.598589,On or near Castle Lane,anti-social-behaviour
2025-11,-5.917032,54.59693,On or near Mays Meadow,anti-social-behaviour
2025-11,-5.927414,54.595132,On or near Alfred Street,anti-social-behaviour
2025-11,-5.928256,54.6014,On or near Donegall Street,anti-social-behaviour
2025-11,-5.926888,54.588734,On or near Walnut Mews,anti-social-behaviour
2025-11,-5.930334,54.599189,On or near Castle Street,anti-social-behaviour
2025-11,-5.931465,54.585731,On or near ,anti-social-behaviour
2025-11,-5.934633,54.597106,On or near College Square East,anti-social-behaviour
2025-11,-5.933011,54.599199,On or near Queen Street,anti-social-behaviour
2025-11,-5.924332,54.58303,On or near Collingwood Avenue,anti-social-behaviour
2025-11,-5.931412,54.595937,On or near Howard Street,anti-social-behaviour
2025-11,-5.934633,54.597106,On or near College Square East,bicycle-theft
2025-11,-5.933066,54.591086,On or near Dublin Road,bicycle-theft
2025-11,-5.932404,54.586753,On or near Botanic Avenue,bicycle-theft
2025-11,-5.929306,54.600232,On or near Rosemary Street,bicycle-theft
2025-11,-5.924925,54.599348,On or near Upper Church Lane,bicycle-theft
2025-11,-5.928591,54.584756,On or near Carmel Street,burglary
2025-11,-5.925779,54.586208,On or near Dudley Street,burglary
2025-11,-5.915143,54.596349,On or near Laganbank Road,burglary
2025-11,-5.926442,54.584423,On or near Rugby Avenue,burglary
2025-11,-5.927349,54.585445,On or near Fitzroy Avenue,burglary
2025-11,-5.92559,54.585657,On or near Dudley Street,burglary
2025-11,-5.927653,54.600778,On or near Waring Street,burglary
2025-11,-5.925395,54.584333,On or near ,burglary
2025-11,-5.92591,54.598233,On or near Victoria Square,burglary
2025-11,-5.924715,54.585229,On or near The Cloisters,burglary
2025-11,-5.933006,54.587985,On or near Botanic Avenue,criminal-damage-arson
2025-11,-5.933133,54.595867,On or near Howard Street,criminal-damage-arson
2025-11,-5.920169,54.594289,On or near Stanfield Row,criminal-damage-arson
2025-11,-5.931852,54.599458,On or near Bank Street,criminal-damage-arson
2025-11,-5.926433,54.582778,On or near ,criminal-damage-arson
2025-11,-5.935169,54.588355,On or near Lisburn Road,criminal-damage-arson
2025-11,-5.922456,54.585226,On or near Farnham Street,criminal-damage-arson
2025-11,-5.930334,54.599189,On or near Castle Street,criminal-damage-arson
2025-11,-5.935297,54.586129,On or near University Square Mews,criminal-damage-arson
2025-11,-5.92587,54.5832,On or near Agincourt Avenue,criminal-damage-arson
2025-11,-5.924398,54.584469,On or near Agincourt Street,criminal-damage-arson
2025-11,-5.927533,54.599788,On or near High Street,criminal-damage-arson
2025-11,-5.93075,54.60014,On or near Berry Street,criminal-damage-arson
2025-11,-5.923238,54.596012,On or near ,criminal-damage-arson
2025-11,-5.925779,54.586208,On or near Dudley Street,criminal-damage-arson
2025-11,-5.922524,54.585407,On or near ,criminal-damage-arson
2025-11,-5.935911,54.596328,On or near Murray Street,criminal-damage-arson
2025-11,-5.930154,54.597254,On or near Donegall Square North,criminal-damage-arson
2025-11,-5.926811,54.589946,On or near ,criminal-damage-arson
2025-11,-5.924674,54.593944,On or near Cromac Street,criminal-damage-arson
2025-11,-5.923853,54.58454,On or near ,criminal-damage-arson
2025-11,-5.932807,54.59039,On or near ,criminal-damage-arson
2025-11,-5.92439,54.60012,On or near Victoria Street,criminal-damage-arson
2025-11,-5.928819,54.600385,On or near Rosemary Street,criminal-damage-arson
2025-11,-5.933463,54.591192,On or near Ventry Lane,criminal-damage-arson
2025-11,-5.926508,54.582519,On or near Harrow Street,criminal-damage-arson
2025-11,-5.928159,54.596303,On or near ,criminal-damage-arson
2025-11,-5.926181,54.582855,On or near ,criminal-damage-arson
2025-11,-5.922608,54.585579,On or near Hatfield Street,criminal-damage-arson
2025-11,-5.928265,54.587203,On or near Cromwell Road,criminal-damage-arson
2025-11,-5.923999,54.598389,On or near Victoria Square,criminal-damage-arson
2025-11,-5.929548,54.58754,On or near Lawrence Street,criminal-damage-arson
2025-11,-5.922639,54.597431,On or near ,criminal-damage-arson
2025-11,-5.930851,54.601812,On or near North Street,criminal-damage-arson
2025-11,-5.925901,54.583192,On or near Agincourt Avenue,criminal-damage-arson
2025-11,-5.92559,54.585657,On or near Dudley Street,criminal-damage-arson
2025-11,-5.923704,54.58381,On or near Agincourt Avenue,criminal-damage-arson
2025-11,-5.92346,54.586483,On or near Ormeau Road,criminal-damage-arson
2025-11,-5.932499,54.598004,On or near College Street,criminal-damage-arson
2025-11,-5.926655,54.593618,On or near Joy Street,criminal-damage-arson
2025-11,-5.924715,54.585229,On or near The Cloisters,criminal-damage-arson
2025-11,-5.930154,54.597254,On or near Donegall Square North,drugs
2025-11,-5.922608,54.585579,On or near Hatfield Street,drugs
2025-11,-5.93264,54.600091,On or near Chapel Lane,drugs
2025-11,-5.931465,54.585731,On or near ,drugs
2025-11,-5.933066,54.591086,On or near Dublin Road,drugs
2025-11,-5.933133,54.595867,On or near Howard Street,drugs
2025-11,-5.924926,54.583516,On or near Agincourt Avenue,drugs
2025-11,-5.928819,54.600385,On or near Rosemary Street,drugs
2025-11,-5.934622,54.595794,On or near Howard Street,drugs
2025-11,-5.928159,54.596303,On or near ,drugs
2025-11,-5.927533,54.599788,On or near High Street,drugs
2025-11,-5.923999,54.598389,On or near Victoria Square,drugs
2025-11,-5.931412,54.595937,On or near Howard Street,drugs
2025-11,-5.935169,54.588355,On or near Lisburn Road,drugs
2025-11,-5.927653,54.600778,On or near Waring Street,drugs
2025-11,-5.923704,54.58381,On or near Agincourt Avenue,drugs
2025-11,-5.925568,54.590059,On or near Coyles Place,drugs
2025-11,-5.928265,54.587203,On or near Cromwell Road,drugs
2025-11,-5.923238,54.585967,On or near Ormeau Road,drugs
2025-11,-5.924849,54.597496,On or near Seymour Street,drugs
2025-11,-5.924925,54.599348,On or near Upper Church Lane,drugs
2025-11,-5.928741,54.597032,On or near Donegall Square East,drugs
2025-11,-5.92881,54.585317,On or near Carmel Street,drugs
2025-11,-5.937749,54.582001,On or near Wellesley Avenue,drugs
2025-11,-5.932382,54.585657,On or near Botanic Avenue,drugs
2025-11,-5.932404,54.586753,On or near Botanic Avenue,drugs
2025-11,-5.928635,54.592727,On or near Ormeau Avenue,drugs
2025-11,-5.927646,54.598784,On or near Corn Market,drugs
2025-11,-5.935872,54.588223,On or near Sandy Row,drugs
2025-11,-5.930851,54.601812,On or near North Street,drugs
2025-11,-5.924925,54.599348,On or near Upper Church Lane,other-theft
2025-11,-5.92577,54.600378,On or near Church Lane,other-theft
2025-11,-5.931465,54.585731,On or near ,other-theft
2025-11,-5.924398,54.584469,On or near Agincourt Street,other-theft
2025-11,-5.928128,54.590526,On or near Little Charlotte Street,other-theft
2025-11,-5.92591,54.598233,On or near Victoria Square,other-theft
2025-11,-5.923023,54.58776,On or near Cooke Mews,other-theft
2025-11,-5.930305,54.598533,On or near Donegall Place,other-theft
2025-11,-5.930334,54.599189,On or near Castle Street,other-theft
2025-11,-5.934622,54.595794,On or near Howard Street,other-theft
2025-11,-5.927533,54.599788,On or near High Street,other-theft
2025-11,-5.932455,54.594903,On or near Clarence Street West,other-theft
2025-11,-5.935911,54.596328,On or near Murray Street,other-theft
2025-11,-5.914614,54.595496,On or near Mays Meadow,other-theft
2025-11,-5.934479,54.579672,On or near ,other-theft
2025-11,-5.928159,54.596303,On or near ,other-theft
2025-11,-5.93543,54.595116,On or near Glengall Street,other-theft
2025-11,-5.931149,54.595941,On or near Donegall Square West,other-theft
2025-11,-5.928554,54.600102,On or near Winecellar Entry,other-theft
2025-11,-5.926433,54.582778,On or near ,other-theft
2025-11,-5.926442,54.584423,On or near Rugby Avenue,other-theft
2025-11,-5.921552,54.593863,On or near Lower Stanfield Street,other-theft
2025-11,-5.92559,54.585657,On or near Dudley Street,other-theft
2025-11,-5.9336,54.5946,On or near Amelia Street,other-theft
2025-11,-5.926655,54.593618,On or near Joy Street,other-theft
2025-11,-5.926248,54.599505,On or near Pottingers Entry,other-theft
2025-11,-5.924583,54.586907,On or near Essex Grove,other-theft
2025-11,-5.928054,54.583139,On or near Rugby Parade,other-theft
2025-11,-5.930446,54.599424,On or near Royal Avenue,other-theft
2025-11,-5.933398,54.597974,On or near College Street,other-theft
2025-11,-5.931179,54.593507,On or near Bedford Street,other-theft
2025-11,-5.933747,54.589552,On or near Donegall Pass,other-theft
2025-11,-5.931852,54.599458,On or near Bank Street,other-theft
2025-11,-5.933083,54.595336,On or near Brunswick Street,other-theft
2025-11,-5.927349,54.592462,On or near Ormeau Avenue,other-theft
2025-11,-5.92439,54.60012,On or near Victoria Street,other-theft
2025-11,-5.921182,54.584126,On or near Kinallen Street,other-theft
2025-11,-5.92769,54.597014,On or near ,other-theft
2025-11,-5.930154,54.597254,On or near Donegall Square North,other-theft
2025-11,-5.928635,54.592727,On or near Ormeau Avenue,other-theft
2025-11,-5.92346,54.586483,On or near Ormeau Road,other-theft
2025-11,-5.927653,54.600778,On or near Waring Street,other-theft
2025-11,-5.938546,54.580622,On or near Malone Road,other-theft
2025-11,-5.92889,54.586181,On or near University Street,other-theft
2025-11,-5.922687,54.59497,On or near Friendly Street,other-theft
2025-11,-5.923344,54.583291,On or near Cadogan Street,possession-of-weapons
2025-11,-5.926512,54.597057,On or near Montgomery Street,possession-of-weapons
2025-11,-5.921112,54.587629,On or near Shaftesbury Avenue,possession-of-weapons
2025-11,-5.930154,54.597254,On or near Donegall Square North,possession-of-weapons
2025-11,-5.92559,54.585657,On or near Dudley Street,possession-of-weapons
2025-11,-5.925568,54.590059,On or near Coyles Place,possession-of-weapons
2025-11,-5.928591,54.584756,On or near Carmel Street,possession-of-weapons
2025-11,-5.928265,54.587203,On or near Cromwell Road,possession-of-weapons
2025-11,-5.935169,54.588355,On or near Lisburn Road,possession-of-weapons
2025-11,-5.923999,54.598389,On or near Victoria Square,public-order
2025-11,-5.933559,54.594177,On or near ,robbery
2025-11,-5.92559,54.585657,On or near Dudley Street,robbery
2025-11,-5.932499,54.598004,On or near College Street,robbery
2025-11,-5.935169,54.588355,On or near Lisburn Road,robbery
2025-11,-5.930851,54.601812,On or near North Street,robbery
2025-11,-5.932248,54.586157,On or near Botanic Avenue,robbery
2025-11,-5.932404,54.586753,On or near Botanic Avenue,robbery
2025-11,-5.935297,54.586129,On or near University Square Mews,robbery
2025-11,-5.927313,54.599865,On or near High Street,robbery
2025-11,-5.932543,54.587061,On or near Botanic Avenue,robbery
2025-11,-5.927828,54.598562,On or near Arthur Square,shoplifting
2025-11,-5.932781,54.587541,On or near Botanic Avenue,shoplifting
2025-11,-5.930446,54.599424,On or near Royal Avenue,shoplifting
2025-11,-5.933651,54.595113,On or near ,shoplifting
2025-11,-5.931754,54.598036,On or near Fountain Street,shoplifting
2025-11,-5.928591,54.584756,On or near Carmel Street,shoplifting
2025-11,-5.927646,54.598784,On or near Corn Market,shoplifting
2025-11,-5.933747,54.589552,On or near Donegall Pass,shoplifting
2025-11,-5.924849,54.597496,On or near Seymour Street,shoplifting
2025-11,-5.930851,54.601812,On or near North Street,shoplifting
2025-11,-5.926512,54.597057,On or near Montgomery Street,shoplifting
2025-11,-5.933066,54.591086,On or near Dublin Road,shoplifting
2025-11,-5.934622,54.595794,On or near Howard Street,shoplifting
2025-11,-5.928592,54.599366,On or near Corn Market,shoplifting
2025-11,-5.930305,54.598533,On or near Donegall Place,shoplifting
2025-11,-5.930261,54.598181,On or near Donegall Place,shoplifting
2025-11,-5.930154,54.597254,On or near Donegall Square North,shoplifting
2025-11,-5.923238,54.585967,On or near Ormeau Road,shoplifting
2025-11,-5.933006,54.587985,On or near Botanic Avenue,shoplifting
2025-11,-5.930334,54.599189,On or near Castle Street,shoplifting
2025-11,-5.92577,54.600378,On or near Church Lane,shoplifting
2025-11,-5.931541,54.596433,On or near Donegall Square West,shoplifting
2025-11,-5.92591,54.598233,On or near Victoria Square,shoplifting
2025-11,-5.934791,54.579318,On or near Stranmillis Road,shoplifting
2025-11,-5.928894,54.598589,On or near Castle Lane,shoplifting
2025-11,-5.932472,54.587841,On or near ,shoplifting
2025-11,-5.922319,54.584882,On or near Rutland Street,shoplifting
2025-11,-5.935297,54.586129,On or near University Square Mews,shoplifting
2025-11,-5.929306,54.600232,On or near Rosemary Street,shoplifting
2025-11,-5.932871,54.597992,On or near College Street,shoplifting
2025-11,-5.927313,54.599865,On or near High Street,shoplifting
2025-11,-5.928079,54.584478,On or near ,shoplifting
2025-11,-5.931412,54.595937,On or near Howard Street,shoplifting
2025-11,-5.93075,54.60014,On or near Berry Street,shoplifting
2025-11,-5.929934,54.59548,On or near James Street South,shoplifting
2025-11,-5.930334,54.599189,On or near Castle Street,theft-from-the-person
2025-11,-5.930249,54.58562,On or near ,vehicle-crime
2025-11,-5.932404,54.586753,On or near Botanic Avenue,vehicle-crime
2025-11,-5.932455,54.594903,On or near Clarence Street West,vehicle-crime
2025-11,-5.924706,54.583584,On or near Collingwood Avenue,vehicle-crime
2025-11,-5.92559,54.585657,On or near Dudley Street,vehicle-crime
2025-11,-5.914614,54.595496,On or near Mays Meadow,vehicle-crime
2025-11,-5.927576,54.588288,On or near Vernon Street,vehicle-crime
2025-11,-5.934686,54.59637,On or near Murray Street,vehicle-crime
2025-11,-5.928966,54.58346,On or near Rugby Street,violent-crime
2025-11,-5.930632,54.595447,On or near James Street South,violent-crime
2025-11,-5.930334,54.599189,On or near Castle Street,violent-crime
2025-11,-5.933006,54.587985,On or near Botanic Avenue,violent-crime
2025-11,-5.929548,54.58754,On or near Lawrence Street,violent-crime
2025-11,-5.930446,54.599424,On or near Royal Avenue,violent-crime
2025-11,-5.931412,54.595937,On or near Howard Street,violent-crime
2025-11,-5.928591,54.584756,On or near Carmel Street,violent-crime
2025-11,-5.92577,54.600378,On or near Church Lane,violent-crime
2025-11,-5.92559,54.585657,On or near Dudley Street,violent-crime
2025-11,-5.928538,54.595555,On or near ,violent-crime
2025-11,-5.927533,54.599788,On or near High Street,violent-crime
2025-11,-5.933066,54.591086,On or near Dublin Road,violent-crime
2025-11,-5.926512,54.597057,On or near Montgomery Street,violent-crime
2025-11,-5.92769,54.597014,On or near ,violent-crime
2025-11,-5.927783,54.597923,On or near Arthur Place,violent-crime
2025-11,-5.935872,54.588223,On or near Sandy Row,violent-crime
2025-11,-5.934622,54.595794,On or near Howard Street,violent-crime
2025-11,-5.931179,54.593507,On or near Bedford Street,violent-crime
2025-11,-5.92881,54.585317,On or near Carmel Street,violent-crime
2025-11,-5.930154,54.597254,On or near Donegall Square North,violent-crime
2025-11,-5.925584,54.595208,On or near Catherine Street North,violent-crime
2025-11,-5.925568,54.590059,On or near Coyles Place,violent-crime
2025-11,-5.929735,54.589044,On or near Vernon Court,violent-crime
2025-11,-5.927349,54.592462,On or near Ormeau Avenue,violent-crime
2025-11,-5.923238,54.585967,On or near Ormeau Road,violent-crime
2025-11,-5.923333,54.584414,On or near Fitzwilliam Square,violent-crime
2025-11,-5.922639,54.597431,On or near ,violent-crime
2025-11,-5.92735,54.585732,On or near Magdala Street,violent-crime
2025-11,-5.93264,54.600091,On or near Chapel Lane,violent-crime
2025-11,-5.928741,54.597032,On or near Donegall Square East,violent-crime
2025-11,-5.923344,54.583291,On or near Cadogan Street,violent-crime
2025-11,-5.925779,54.586208,On or near Dudley Street,violent-crime
2025-11,-5.930261,54.598181,On or near Donegall Place,violent-crime
2025-11,-5.933747,54.589552,On or near Donegall Pass,violent-crime
2025-11,-5.932499,54.598004,On or near College Street,violent-crime
2025-11,-5.930443,54.586675,On or near Wolseley Street,violent-crime
2025-11,-5.932455,54.594903,On or near Clarence Street West,violent-crime
2025-11,-5.923999,54.598389,On or near Victoria Square,violent-crime
2025-11,-5.926218,54.594311,On or near Henrietta Street,violent-crime
2025-11,-5.931149,54.595941,On or near Donegall Square West,violent-crime
2025-11,-5.928159,54.596303,On or near ,violent-crime
2025-11,-5.928819,54.600385,On or near Rosemary Street,violent-crime
2025-11,-5.92019,54.595089,On or near Friendly Street,violent-crime
2025-11,-5.924849,54.597496,On or near Seymour Street,violent-crime
2025-11,-5.935911,54.596328,On or near Murray Street,violent-crime
2025-11,-5.925115,54.594095,On or near Catherine Street,violent-crime
2025-11,-5.933314,54.588629,On or near Botanic Avenue,violent-crime
2025-11,-5.936823,54.582561,On or near ,violent-crime
2025-11,-5.935169,54.588355,On or near Lisburn Road,violent-crime
2025-11,-5.92591,54.598233,On or near Victoria Square,violent-crime
2025-11,-5.931754,54.598036,On or near Fountain Street,violent-crime
2025-11,-5.932166,54.590217,On or near Pakenham Street,violent-crime
2025-11,-5.928635,54.592727,On or near Ormeau Avenue,violent-crime
2025-11,-5.932404,54.586753,On or near Botanic Avenue,violent-crime
2025-11,-5.925803,54.584511,On or near Cairo Street,violent-crime
2025-11,-5.923238,54.596012,On or near ,violent-crime
2025-11,-5.933463,54.591192,On or near Ventry Lane,violent-crime
2025-11,-5.932635,54.591645,On or near Ventry Street,violent-crime
2025-11,-5.917997,54.594404,On or near ,violent-crime
2025-11,-5.922456,54.585226,On or near Farnham Street,violent-crime
2025-11,-5.93075,54.60014,On or near Berry Street,violent-crime
2025-11,-5.934016,54.586376,On or near ,violent-crime
2025-11,-5.934406,54.594568,On or near Great Victoria Street,violent-crime
2025-11,-5.930851,54.601812,On or near North Street,violent-crime
2025-11,-5.931465,54.585731,On or near ,violent-crime
2025-11,-5.9333,54.597155,On or near Wellington Place,violent-crime
2025-11,-5.922513,54.592927,On or near Mcauley Street,violent-crime
2025-11,-5.928592,54.599366,On or near Corn Market,violent-crime
2025-11,-5.928554,54.600102,On or near Winecellar Entry,violent-crime
2025-11,-5.932382,54.585657,On or near Botanic Avenue,violent-crime
2025-11,-5.926474,54.592618,On or near Joy Street,violent-crime
2025-11,-5.924925,54.599348,On or near Upper Church Lane,violent-crime
2025-11,-5.937749,54.582001,On or near Wellesley Avenue,violent-crime
2025-11,-5.9332,54.596372,On or near Wellington Street,violent-crime
2025-11,-5.924926,54.583516,On or near Agincourt Avenue,violent-crime
2025-11,-5.934867,54.58056,On or near ,violent-crime
2025-11,-5.932453,54.597689,On or near College Street Mews,violent-crime
2025-11,-5.921545,54.58884,On or near ,violent-crime
2025-11,-5.932781,54.587541,On or near Botanic Avenue,violent-crime
2025-11,-5.930305,54.598533,On or near Donegall Place,violent-crime
2025-11,-5.922152,54.58452,On or near Balfour Avenue,violent-crime
2025-11,-5.938636,54.593221,On or near Linfield Road,violent-crime
2025-11,-5.926248,54.599505,On or near Pottingers Entry,violent-crime
2025-11,-5.923696,54.590656,On or near Cromac Place,violent-crime
2025-11,-5.93543,54.595116,On or near Glengall Street,violent-crime
2025-11,-5.924715,54.585229,On or near The Cloisters,violent-crime
2025-11,-5.924674,54.593944,On or near Cromac Street,violent-crime
2025-11,-5.922608,54.585579,On or near Hatfield Street,violent-crime
2025-11,-5.936466,54.58658,On or near Claremont Street,violent-crime
2025-11,-5.932472,54.587841,On or near ,violent-crime
2025-11,-5.931852,54.599458,On or near Bank Street,violent-crime
2025-11,-5.931238,54.597228,On or near Donegall Square North,violent-crime
2025-11,-5.933559,54.594177,On or near ,violent-crime
2025-11,-5.930154,54.597254,On or near Donegall Square North,other-crime
2025-11,-5.930446,54.599424,On or near Royal Avenue,other-crime
2025-11,-5.935911,54.596328,On or near Murray Street,other-crime
2025-11,-5.928079,54.584478,On or near ,other-crime
2025-11,-5.923999,54.598389,On or near Victoria Square,other-crime
2025-11,-5.934867,54.58056,On or near ,other-crime
2025-11,-5.932499,54.598004,On or near College Street,other-crime
2025-11,-5.943706,54.627082,On or near Old Westland Road,anti-social-behaviour
2025-11,-5.938294,54.622641,On or near Antrim Road,anti-social-behaviour
2025-11,-5.941637,54.629428,On or near Chichester Park North,anti-social-behaviour
2025-11,-5.947229,54.625713,On or near Old Westland Road,anti-social-behaviour
2025-11,-5.940536,54.630667,On or near Chichester Avenue,anti-social-behaviour
2025-11,-5.955382,54.630191,On or near Sunningdale Gardens,anti-social-behaviour
2025-11,-5.938867,54.622651,On or near Hopefield Avenue,anti-social-behaviour
2025-11,-5.940324,54.625982,On or near Salisbury Avenue,criminal-damage-arson
2025-11,-5.948291,54.624904,On or near Old Westland Road,criminal-damage-arson
2025-11,-5.939027,54.62622,On or near Kenbella Parade,drugs
2025-11,-5.944929,54.631083,On or near Ophir Gardens,other-theft
2025-11,-5.939712,54.625226,On or near Parkville Court,other-theft
2025-11,-5.938453,54.623785,On or near Glandore Avenue,other-theft
2025-11,-5.959504,54.63044,On or near Sunningdale Gardens,other-theft
2025-11,-5.938294,54.622641,On or near Antrim Road,other-theft
2025-11,-5.939224,54.624768,On or near Kansas Avenue Flats,public-order
2025-11,-5.938867,54.622651,On or near Hopefield Avenue,robbery
2025-11,-5.940101,54.624262,On or near ,violent-crime
2025-11,-5.938867,54.622651,On or near Hopefield Avenue,violent-crime
2025-11,-5.939027,54.62622,On or near Kenbella Parade,violent-crime
2025-11,-5.939035,54.623309,On or near Cedar Avenue,violent-crime
2025-11,-5.939712,54.625226,On or near Parkville Court,violent-crime
2025-11,-5.940369,54.628157,On or near Chichester Park North,violent-crime
2025-11,-5.943706,54.627082,On or near Old Westland Road,violent-crime
2025-11,-5.944929,54.631083,On or near Ophir Gardens,violent-crime
2025-11,-5.959062,54.629992,On or near Sunningdale Gardens,violent-crime
2025-11,-5.939027,54.62622,On or near Kenbella Parade,other-crime
2025-11,-5.959504,54.63044,On or near Sunningdale Gardens,other-crime
2025-11,-5.948889,54.619793,On or near Cardigan Drive,anti-social-behaviour
2025-11,-5.950802,54.615935,On or near ,anti-social-behaviour
2025-11,-5.955704,54.618821,On or near Deerpark Mews,anti-social-behaviour
2025-11,-5.9485,54.617387,On or near Oldpark Avenue,anti-social-behaviour
2025-11,-5.949834,54.616089,On or near Oldpark Avenue,anti-social-behaviour
2025-11,-5.950372,54.622945,On or near Westland Road,anti-social-behaviour
2025-11,-5.954361,54.621206,On or near Oldpark Road,criminal-damage-arson
2025-11,-5.954952,54.622088,On or near Deanby Gardens,criminal-damage-arson
2025-11,-5.948104,54.61818,On or near Cliftonville Road,criminal-damage-arson
2025-11,-5.965072,54.620354,On or near Glenbryn Gardens,drugs
2025-11,-5.961738,54.618905,On or near Glenbryn Park,drugs
2025-11,-5.954361,54.621206,On or near Oldpark Road,drugs
2025-11,-5.948104,54.61818,On or near Cliftonville Road,drugs
2025-11,-5.959202,54.624729,On or near Marmount Gardens,possession-of-weapons
2025-11,-5.94883,54.618202,On or near ,robbery
2025-11,-5.948061,54.617802,On or near Oldpark Avenue,robbery
2025-11,-5.948061,54.617802,On or near Oldpark Avenue,shoplifting
2025-11,-5.94883,54.618202,On or near ,shoplifting
2025-11,-5.959687,54.62091,On or near Alliance Gardens,violent-crime
2025-11,-5.959202,54.624729,On or near Marmount Gardens,violent-crime
2025-11,-5.948104,54.61818,On or near Cliftonville Road,violent-crime
2025-11,-5.967318,54.617858,On or near Ardoyne Road,violent-crime
2025-11,-5.953303,54.619149,On or near Oldpark Road,violent-crime
2025-11,-5.94883,54.618202,On or near ,violent-crime
2025-11,-5.963972,54.619742,On or near Berwick Road,violent-crime
2025-11,-5.951864,54.618532,On or near ,other-crime
2025-11,-5.955547,54.595727,On or near ,anti-social-behaviour
2025-11,-5.954811,54.596209,On or near Mcquillan Street,anti-social-behaviour
2025-11,-5.957794,54.600294,On or near Kashmir Road,anti-social-behaviour
2025-11,-5.958705,54.600012,On or near Kashmir Road,anti-social-behaviour
2025-11,-5.961172,54.597727,On or near Springfield Avenue,anti-social-behaviour
2025-11,-5.956349,54.597322,On or near Waterford Gardens,anti-social-behaviour
2025-11,-5.958078,54.597405,On or near Springfield Road,anti-social-behaviour
2025-11,-5.961051,54.600456,On or near Springfield Crescent,anti-social-behaviour
2025-11,-5.952668,54.597889,On or near Falls Road,anti-social-behaviour
2025-11,-5.956349,54.597322,On or near Waterford Gardens,burglary
2025-11,-5.956365,54.598841,On or near Clonard Gardens,criminal-damage-arson
2025-11,-5.954425,54.599877,On or near Clonard Rise,criminal-damage-arson
2025-11,-5.955547,54.595727,On or near ,criminal-damage-arson
2025-11,-5.953627,54.597285,On or near Lower Clonard Street,criminal-damage-arson
2025-11,-5.955547,54.595727,On or near ,drugs
2025-11,-5.956794,54.595218,On or near Cavendish Square,drugs
2025-11,-5.956349,54.597322,On or near Waterford Gardens,drugs
2025-11,-5.959774,54.60092,On or near Cupar Street Upper,drugs
2025-11,-5.957794,54.600294,On or near Kashmir Road,drugs
2025-11,-5.956434,54.596856,On or near Malcolmson Street,drugs
2025-11,-5.952668,54.597889,On or near Falls Road,drugs
2025-11,-5.961481,54.598038,On or near Cavendish Court,drugs
2025-11,-5.955123,54.597993,On or near O'neill Street,drugs
2025-11,-5.962251,54.600908,On or near Colinward Street,other-theft
2025-11,-5.958303,54.595675,On or near Hawthorn Street,other-theft
2025-11,-5.956349,54.597322,On or near Waterford Gardens,other-theft
2025-11,-5.955547,54.595727,On or near ,other-theft
2025-11,-5.963575,54.600418,On or near Colinward Street,other-theft
2025-11,-5.957231,54.595468,On or near Violet Street,other-theft
2025-11,-5.957806,54.595406,On or near Crocus Street,other-theft
2025-11,-5.962153,54.600088,On or near Springfield Crescent,other-theft
2025-11,-5.959471,54.595227,On or near ,other-theft
2025-11,-5.956349,54.597322,On or near Waterford Gardens,possession-of-weapons
2025-11,-5.961481,54.598038,On or near Cavendish Court,possession-of-weapons
2025-11,-5.958243,54.598729,On or near Dunmore Street,vehicle-crime
2025-11,-5.96097,54.596502,On or near Iris Street,vehicle-crime
2025-11,-5.955547,54.595727,On or near ,violent-crime
2025-11,-5.956748,54.599225,On or near Clonard Gardens,violent-crime
2025-11,-5.956349,54.597322,On or near Waterford Gardens,violent-crime
2025-11,-5.962294,54.598806,On or near Forfar Street,violent-crime
2025-11,-5.958904,54.59635,On or near ,violent-crime
2025-11,-5.963648,54.601434,On or near Pollard Close,violent-crime
2025-11,-5.961637,54.597393,On or near Iris Drive,violent-crime
2025-11,-5.959358,54.59873,On or near Oranmore Street,violent-crime
2025-11,-5.957668,54.600633,On or near Kashmir Road,violent-crime
2025-11,-5.968348,54.601226,On or near Watermouth Crescent,violent-crime
2025-11,-5.953451,54.597399,On or near Dunlewey Street,violent-crime
2025-11,-5.961481,54.598038,On or near Cavendish Court,violent-crime
2025-11,-6.027841,54.576514,On or near Hannahglen Heights,anti-social-behaviour
2025-11,-6.015138,54.573116,On or near Falcarragh Drive,anti-social-behaviour
2025-11,-6.016293,54.574168,On or near Buncrana Gardens,anti-social-behaviour
2025-11,-6.035467,54.588695,On or near Glenmeen Close,anti-social-behaviour
2025-11,-6.018446,54.574743,On or near Carrigart Avenue,anti-social-behaviour
2025-11,-6.024177,54.574872,On or near Suffolk Road,anti-social-behaviour
2025-11,-6.028727,54.576411,On or near Spruce Hill,anti-social-behaviour
2025-11,-6.014533,54.576017,On or near Mulroy Park,anti-social-behaviour
2025-11,-6.018446,54.574743,On or near Carrigart Avenue,criminal-damage-arson
2025-11,-6.025042,54.57521,On or near Suffolk Rise,criminal-damage-arson
2025-11,-6.020254,54.575096,On or near Gweedore Gardens,public-order
2025-11,-6.013641,54.578141,On or near Glencolin Drive,vehicle-crime
2025-11,-6.01288,54.575658,On or near ,violent-crime
2025-11,-6.013641,54.578141,On or near Glencolin Drive,violent-crime
2025-11,-6.029591,54.576785,On or near Spruce Hill,violent-crime
2025-11,-6.018897,54.575649,On or near Bunbeg Park,violent-crime
2025-11,-6.021495,54.575332,On or near Glenveagh Drive,violent-crime
2025-11,-5.884086,54.59873,On or near ,anti-social-behaviour
2025-11,-5.893993,54.600772,On or near Severn Street,anti-social-behaviour
2025-11,-5.893213,54.598207,On or near Ribble Street,anti-social-behaviour
2025-11,-5.89211,54.60127,On or near Mcallister Court,anti-social-behaviour
2025-11,-5.896379,54.597723,On or near Mourne Street,anti-social-behaviour
2025-11,-5.894489,54.598364,On or near Newtownards Road,anti-social-behaviour
2025-11,-5.892889,54.602379,On or near Redcliffe Street,anti-social-behaviour
2025-11,-5.890323,54.599316,On or near Lewis Park,anti-social-behaviour
2025-11,-5.885554,54.601155,On or near Brandon Terrace,anti-social-behaviour
2025-11,-5.885697,54.597501,On or near ,anti-social-behaviour
2025-11,-5.888579,54.601918,On or near ,anti-social-behaviour
2025-11,-5.889789,54.600367,On or near Lewis Avenue,anti-social-behaviour
2025-11,-5.878446,54.598865,On or near Oakland Avenue,anti-social-behaviour
2025-11,-5.88879,54.60114,On or near Mersey Street,anti-social-behaviour
2025-11,-5.893096,54.601062,On or near Oval Court,burglary
2025-11,-5.884086,54.59873,On or near ,burglary
2025-11,-5.884379,54.600254,On or near Connsbrook Avenue,criminal-damage-arson
2025-11,-5.894489,54.598364,On or near Newtownards Road,criminal-damage-arson
2025-11,-5.896498,54.598722,On or near Gawn Street,criminal-damage-arson
2025-11,-5.893213,54.598207,On or near Ribble Street,criminal-damage-arson
2025-11,-5.893096,54.601062,On or near Oval Court,drugs
2025-11,-5.887196,54.598147,On or near ,other-theft
2025-11,-5.894489,54.598364,On or near Newtownards Road,other-theft
2025-11,-5.893062,54.601726,On or near ,other-theft
2025-11,-5.896498,54.598722,On or near Gawn Street,possession-of-weapons
2025-11,-5.881738,54.601034,On or near Colvil Street,public-order
2025-11,-5.893096,54.601062,On or near Oval Court,public-order
2025-11,-5.886064,54.598495,On or near Holywood Road,shoplifting
2025-11,-5.896379,54.597723,On or near Mourne Street,shoplifting
2025-11,-5.884379,54.600254,On or near Connsbrook Avenue,violent-crime
2025-11,-5.897466,54.597652,On or near Chamberlain Street,violent-crime
2025-11,-5.884378,54.602357,On or near Park Avenue,violent-crime
2025-11,-5.882291,54.602006,On or near Park Avenue,violent-crime
2025-11,-5.88147,54.599646,On or near ,violent-crime
2025-11,-5.882032,54.598066,On or near Irwin Avenue,violent-crime
2025-11,-5.895814,54.601487,On or near Connswater Grove,violent-crime
2025-11,-5.882076,54.601984,On or near Park Avenue,violent-crime
2025-11,-5.895026,54.601752,On or near Mersey Street,violent-crime
2025-11,-5.884086,54.59873,On or near ,violent-crime
2025-11,-5.886516,54.599626,On or near ,violent-crime
2025-11,-5.89305,54.599255,On or near Carew Street,violent-crime
2025-11,-5.879983,54.60086,On or near Sefton Drive,violent-crime
2025-11,-5.885402,54.598421,On or near Cheviot Avenue,other-crime
2025-11,-5.901722,54.571768,On or near Lissan Close,anti-social-behaviour
2025-11,-5.902143,54.57713,On or near Mount Merrion Avenue,anti-social-behaviour
2025-11,-5.898866,54.574378,On or near South Bank,anti-social-behaviour
2025-11,-5.903465,54.573658,On or near Mount Merrion Avenue,anti-social-behaviour
2025-11,-5.896579,54.568929,On or near Willowbank Drive,anti-social-behaviour
2025-11,-5.897769,54.572562,On or near Stracam Corner,criminal-damage-arson
2025-11,-5.899053,54.570751,On or near ,criminal-damage-arson
2025-11,-5.897391,54.571791,On or near Stracam Corner,other-theft
2025-11,-5.901783,54.570592,On or near ,shoplifting
2025-11,-5.900486,54.571441,On or near Bannagh Corner,shoplifting
2025-11,-5.896203,54.576227,On or near ,violent-crime
2025-11,-5.920207,54.608719,On or near Dock Street,anti-social-behaviour
2025-11,-5.923685,54.620055,On or near York Road,anti-social-behaviour
2025-11,-5.919596,54.607639,On or near Pilot Street,anti-social-behaviour
2025-11,-5.922965,54.630223,On or near Fortwilliam Grange,anti-social-behaviour
2025-11,-5.927743,54.61485,On or near Cosgrave Heights,anti-social-behaviour
2025-11,-5.923914,54.610993,On or near Midland Crescent,anti-social-behaviour
2025-11,-5.92895,54.618205,On or near Gainsborough Drive,anti-social-behaviour
2025-11,-5.922012,54.628877,On or near Oakmount Drive,anti-social-behaviour
2025-11,-5.921874,54.611542,On or near Whitla Street,anti-social-behaviour
2025-11,-5.924812,54.627406,On or near Fortwilliam Crescent,anti-social-behaviour
2025-11,-5.923835,54.617722,On or near York Road,anti-social-behaviour
2025-11,-5.927168,54.616727,On or near Seaview Close,anti-social-behaviour
2025-11,-5.923525,54.618336,On or near York Road,anti-social-behaviour
2025-11,-5.923625,54.620926,On or near York Road,anti-social-behaviour
2025-11,-5.936912,54.619661,On or near Castleton Gardens,anti-social-behaviour
2025-11,-5.923232,54.627119,On or near York Park,anti-social-behaviour
2025-11,-5.922286,54.604972,On or near Corporation Square,anti-social-behaviour
2025-11,-5.923358,54.600947,On or near Queens Square,anti-social-behaviour
2025-11,-5.921852,54.627158,On or near York Park,bicycle-theft
2025-11,-5.922125,54.602355,On or near Donegall Quay,burglary
2025-11,-5.936912,54.619661,On or near Castleton Gardens,burglary
2025-11,-5.927168,54.616727,On or near Seaview Close,criminal-damage-arson
2025-11,-5.922286,54.604972,On or near Corporation Square,criminal-damage-arson
2025-11,-5.928099,54.617283,On or near Crosscollyer Street,criminal-damage-arson
2025-11,-5.928364,54.616649,On or near Mountcollyer Street,criminal-damage-arson
2025-11,-5.923271,54.626661,On or near York Crescent,criminal-damage-arson
2025-11,-5.924165,54.614277,On or near York Road,criminal-damage-arson
2025-11,-5.927755,54.613692,On or near Glenrosa Street,criminal-damage-arson
2025-11,-5.926448,54.616562,On or near Parkmount Close,criminal-damage-arson
2025-11,-5.920207,54.608719,On or near Dock Street,criminal-damage-arson
2025-11,-5.919596,54.607639,On or near Pilot Street,criminal-damage-arson
2025-11,-5.920338,54.607976,On or near Pilot Street,criminal-damage-arson
2025-11,-5.925466,54.61305,On or near Clanmorris Street,criminal-damage-arson
2025-11,-5.923694,54.627477,On or near Shore Road,criminal-damage-arson
2025-11,-5.920936,54.606863,On or near Clarendon Road,drugs
2025-11,-5.936912,54.619661,On or near Castleton Gardens,drugs
2025-11,-5.916226,54.616036,On or near Milewater Road,drugs
2025-11,-5.922125,54.602355,On or near Donegall Quay,drugs
2025-11,-5.927168,54.616727,On or near Seaview Close,drugs
2025-11,-5.923914,54.610993,On or near Midland Crescent,other-theft
2025-11,-5.922012,54.628877,On or near Oakmount Drive,other-theft
2025-11,-5.921851,54.626268,On or near York Parade,other-theft
2025-11,-5.923625,54.620926,On or near York Road,other-theft
2025-11,-5.928439,54.613038,On or near Glenrosa Street,other-theft
2025-11,-5.929101,54.617991,On or near Gainsborough Drive,other-theft
2025-11,-5.921517,54.62673,On or near York Crescent,other-theft
2025-11,-5.921874,54.611542,On or near Whitla Street,other-theft
2025-11,-5.922286,54.604972,On or near Corporation Square,public-order
2025-11,-5.925144,54.610853,On or near Bentinck Street,shoplifting
2025-11,-5.936413,54.617901,On or near Limestone Road,vehicle-crime
2025-11,-5.923358,54.600947,On or near Queens Square,vehicle-crime
2025-11,-5.927743,54.61485,On or near Cosgrave Heights,violent-crime
2025-11,-5.922286,54.604972,On or near Corporation Square,violent-crime
2025-11,-5.936912,54.619661,On or near Castleton Gardens,violent-crime
2025-11,-5.923358,54.600947,On or near Queens Square,violent-crime
2025-11,-5.925848,54.614369,On or near Limestone Road,violent-crime
2025-11,-5.925496,54.612754,On or near ,violent-crime
2025-11,-5.925144,54.610853,On or near Bentinck Street,violent-crime
2025-11,-5.933633,54.62142,On or near Dunmore Place,violent-crime
2025-11,-5.9179,54.607511,On or near Princes Dock Street,violent-crime
2025-11,-5.919913,54.608418,On or near Princes Dock Street,violent-crime
2025-11,-5.926252,54.615849,On or near North Queen Street,violent-crime
2025-11,-5.924165,54.614277,On or near York Road,violent-crime
2025-11,-5.923685,54.620055,On or near York Road,violent-crime
2025-11,-5.920207,54.608719,On or near Dock Street,violent-crime
2025-11,-5.922295,54.623634,On or near ,violent-crime
2025-11,-5.929933,54.614403,On or near Mervue Street,violent-crime
2025-11,-5.922012,54.628877,On or near Oakmount Drive,other-crime
2025-11,-6.000533,54.552381,On or near Kingsway,anti-social-behaviour
2025-11,-5.999143,54.546041,On or near Glenshesk Park,anti-social-behaviour
2025-11,-6.002127,54.555516,On or near Edenvale Park,anti-social-behaviour
2025-11,-6.000071,54.560873,On or near ,anti-social-behaviour
2025-11,-6.013033,54.552479,On or near Areema Drive,criminal-damage-arson
2025-11,-6.007205,54.549975,On or near ,criminal-damage-arson
2025-11,-6.01071,54.551938,On or near Areema Drive,criminal-damage-arson
2025-11,-6.006186,54.548674,On or near ,drugs
2025-11,-6.003234,54.548984,On or near ,other-theft
2025-11,-6.003218,54.547412,On or near ,other-theft
2025-11,-6.000533,54.552381,On or near Kingsway,shoplifting
2025-11,-6.007805,54.549698,On or near Kingsway,vehicle-crime
2025-11,-6.001418,54.546618,On or near Glendun Park,violent-crime
2025-11,-6.010749,54.550186,On or near Ashley Park,violent-crime
2025-11,-6.012603,54.55276,On or near Alina Gardens,violent-crime
2025-11,-6.000257,54.546024,On or near Glenshesk Park,violent-crime
2025-11,-6.002484,54.552323,On or near Upper Dunmurry Lane,violent-crime
2025-11,-6.006186,54.548674,On or near ,violent-crime
2025-11,-6.008767,54.551223,On or near Ashley Lodge,violent-crime
2025-11,-6.000346,54.559045,On or near ,violent-crime
2025-11,-6.000071,54.560873,On or near ,other-crime
2025-11,-5.999779,54.54757,On or near Glenariff Drive,other-crime
2025-11,-5.943707,54.598842,On or near St. Peters Place,anti-social-behaviour
2025-11,-5.936073,54.599844,On or near Millfield,anti-social-behaviour
2025-11,-5.947648,54.59863,On or near Ross Street,anti-social-behaviour
2025-11,-5.95079,54.598612,On or near Conway Street,anti-social-behaviour
2025-11,-5.948835,54.599028,On or near North Howard Street,anti-social-behaviour
2025-11,-5.936357,54.599121,On or near Hamill Street,anti-social-behaviour
2025-11,-5.946181,54.593026,On or near Distillery Court,anti-social-behaviour
2025-11,-5.937269,54.599146,On or near John Street,anti-social-behaviour
2025-11,-5.936427,54.59835,On or near College Place North,anti-social-behaviour
2025-11,-5.940605,54.600811,On or near Fingals Court,anti-social-behaviour
2025-11,-5.945826,54.596084,On or near Marchioness Green,anti-social-behaviour
2025-11,-5.953081,54.597069,On or near ,burglary
2025-11,-5.959099,54.591519,On or near Irwell Court,criminal-damage-arson
2025-11,-5.938781,54.597707,On or near Durham Street,criminal-damage-arson
2025-11,-5.947788,54.594311,On or near Arundel Walk,criminal-damage-arson
2025-11,-5.948835,54.599028,On or near North Howard Street,criminal-damage-arson
2025-11,-5.952162,54.599641,On or near Falls Court,criminal-damage-arson
2025-11,-5.936315,54.597809,On or near College Square North,drugs
2025-11,-5.947645,54.595917,On or near Mcdonnell Court,drugs
2025-11,-5.936073,54.599844,On or near Millfield,drugs
2025-11,-5.948332,54.597959,On or near Ross's Court,other-theft
2025-11,-5.937646,54.597813,On or near Killen Street,other-theft
2025-11,-5.960159,54.592292,On or near Broadway,other-theft
2025-11,-5.948835,54.599028,On or near North Howard Street,other-theft
2025-11,-5.949789,54.600365,On or near ,other-theft
2025-11,-5.937646,54.597813,On or near Killen Street,robbery
2025-11,-5.936073,54.599844,On or near Millfield,theft-from-the-person
2025-11,-5.937646,54.597813,On or near Killen Street,vehicle-crime
2025-11,-5.936066,54.601201,On or near Wilson Street,vehicle-crime
2025-11,-5.949789,54.600365,On or near ,vehicle-crime
2025-11,-5.943826,54.596481,On or near Grove Tree South,vehicle-crime
2025-11,-5.937068,54.598217,On or near Killen Street,vehicle-crime
2025-11,-5.942307,54.597758,On or near Lisfaddan Way,vehicle-crime
2025-11,-5.942343,54.599798,On or near Divis Tower,violent-crime
2025-11,-5.951677,54.596371,On or near Abercorn Street North,violent-crime
2025-11,-5.941842,54.598073,On or near Cullingtree Road,violent-crime
2025-11,-5.945352,54.596893,On or near Ladymar Grove,violent-crime
2025-11,-5.943791,54.597163,On or near Lady Street,violent-crime
2025-11,-5.949789,54.600365,On or near ,violent-crime
2025-11,-5.937646,54.597813,On or near Killen Street,violent-crime
2025-11,-5.95223,54.596749,On or near Lower Clonard Street,violent-crime
2025-11,-5.936073,54.599844,On or near Millfield,violent-crime
2025-11,-5.947531,54.594504,On or near Arundel Walk,violent-crime
2025-11,-5.936315,54.597809,On or near College Square North,violent-crime
2025-11,-5.948835,54.599028,On or near North Howard Street,violent-crime
2025-11,-5.94559,54.597697,On or near Servia Street,violent-crime
2025-11,-5.940605,54.600811,On or near Fingals Court,violent-crime
2025-11,-5.949341,54.593277,On or near Roden Street,violent-crime
2025-11,-5.949789,54.600365,On or near ,other-crime
2025-11,-5.936073,54.599844,On or near Millfield,other-crime
2025-11,-5.938781,54.597707,On or near Durham Street,other-crime
2025-11,-5.936315,54.597809,On or near College Square North,other-crime
2025-11,-5.979746,54.582944,On or near Glen Parade,anti-social-behaviour
2025-11,-5.982751,54.578169,On or near Kennedy Way,anti-social-behaviour
2025-11,-5.980784,54.576672,On or near Andersonstown Road,anti-social-behaviour
2025-11,-5.9844,54.581126,On or near Andersonstown Park,anti-social-behaviour
2025-11,-5.979548,54.578511,On or near Andersonstown Road,anti-social-behaviour
2025-11,-5.985215,54.583089,On or near ,anti-social-behaviour
2025-11,-5.978141,54.580374,On or near Blackstaff Road,anti-social-behaviour
2025-11,-5.979949,54.581348,On or near Falls Road,anti-social-behaviour
2025-11,-5.982267,54.58295,On or near Lake Glen Park,bicycle-theft
2025-11,-5.979306,54.584329,On or near ,criminal-damage-arson
2025-11,-5.976491,54.577777,On or near Kennedy Way Industrial Estate,criminal-damage-arson
2025-11,-5.979548,54.578511,On or near Andersonstown Road,criminal-damage-arson
2025-11,-5.991854,54.585859,On or near Gortnamona Rise,criminal-damage-arson
2025-11,-5.979746,54.582944,On or near Glen Parade,criminal-damage-arson
2025-11,-5.981567,54.581168,On or near Sliabh Mor Heights,drugs
2025-11,-5.976491,54.577777,On or near Kennedy Way Industrial Estate,drugs
2025-11,-5.978141,54.580374,On or near Blackstaff Road,drugs
2025-11,-5.979746,54.582944,On or near Glen Parade,other-theft
2025-11,-5.978141,54.580374,On or near Blackstaff Road,other-theft
2025-11,-5.976491,54.577777,On or near Kennedy Way Industrial Estate,other-theft
2025-11,-5.979746,54.582944,On or near Glen Parade,public-order
2025-11,-5.978141,54.580374,On or near Blackstaff Road,shoplifting
2025-11,-5.976491,54.577777,On or near Kennedy Way Industrial Estate,shoplifting
2025-11,-5.979361,54.576037,On or near Stockmans Drive,shoplifting
2025-11,-5.979548,54.578511,On or near Andersonstown Road,shoplifting
2025-11,-5.986597,54.582052,On or near Denewood Park,vehicle-crime
2025-11,-5.979746,54.582944,On or near Glen Parade,violent-crime
2025-11,-5.979548,54.578511,On or near Andersonstown Road,violent-crime
2025-11,-5.978141,54.580374,On or near Blackstaff Road,other-crime
2025-11,-5.976491,54.577777,On or near Kennedy Way Industrial Estate,other-crime
2025-11,-5.978168,54.553599,On or near Finaghy Road South,other-theft
2025-11,-5.981663,54.553559,On or near Hollymount,violent-crime
2025-11,-5.984869,54.559399,On or near Porter Park,violent-crime
2025-11,-5.979445,54.617764,On or near Forthriver Drive,anti-social-behaviour
2025-11,-5.969898,54.612052,On or near Rutherglen Street,anti-social-behaviour
2025-11,-5.981644,54.619014,On or near ,anti-social-behaviour
2025-11,-5.969898,54.612052,On or near Rutherglen Street,criminal-damage-arson
2025-11,-5.978822,54.619407,On or near Forthriver Drive,criminal-damage-arson
2025-11,-5.980109,54.619357,On or near ,drugs
2025-11,-5.974591,54.610756,On or near ,drugs
2025-11,-5.981644,54.619014,On or near ,other-theft
2025-11,-5.984733,54.617286,On or near Glencairn Walk,other-theft
2025-11,-5.972571,54.609976,On or near ,violent-crime
2025-11,-5.974221,54.611675,On or near Forthriver Road,violent-crime
2025-11,-5.977773,54.618383,On or near Forthriver Link,violent-crime
2025-11,-5.984027,54.619979,On or near Forthriver Close,violent-crime
2025-11,-5.969898,54.612052,On or near Rutherglen Street,violent-crime
2025-11,-5.969898,54.612052,On or near Rutherglen Street,other-crime
2025-11,-5.938064,54.626878,On or near Antrim Road,anti-social-behaviour
2025-11,-5.934431,54.627364,On or near Somerton Road,anti-social-behaviour
2025-11,-5.936388,54.629716,On or near Somerton Close,anti-social-behaviour
2025-11,-5.935304,54.623596,On or near Glanleam Drive,anti-social-behaviour
2025-11,-5.93201,54.626263,On or near Ardavon Park,anti-social-behaviour
2025-11,-5.929248,54.624832,On or near Premier Drive,anti-social-behaviour
2025-11,-5.927601,54.627391,On or near Dunlambert Drive,anti-social-behaviour
2025-11,-5.932232,54.6234,On or near Ashfield Gardens,anti-social-behaviour
2025-11,-5.938488,54.627685,On or near Antrim Road,burglary
2025-11,-5.935304,54.623596,On or near Glanleam Drive,criminal-damage-arson
2025-11,-5.927445,54.625888,On or near Premier Drive,criminal-damage-arson
2025-11,-5.932289,54.623805,On or near Queen Victoria Gardens,criminal-damage-arson
2025-11,-5.938488,54.627685,On or near Antrim Road,drugs
2025-11,-5.933698,54.623497,On or near Ashdene Drive,other-theft
2025-11,-5.931338,54.624544,On or near Fortwilliam Parade,violent-crime
2025-11,-5.938488,54.627685,On or near Antrim Road,violent-crime
2025-11,-5.931225,54.629825,On or near ,violent-crime
2025-11,-5.925343,54.625816,On or near Seabank Parade,violent-crime
2025-11,-5.938064,54.626878,On or near Antrim Road,violent-crime
2025-11,-5.936846,54.625869,On or near Skegoneill Avenue,violent-crime
2025-11,-5.936388,54.629716,On or near Somerton Close,violent-crime
2025-11,-5.935304,54.623596,On or near Glanleam Drive,violent-crime
2025-11,-5.937466,54.627065,On or near Fortwilliam Court,violent-crime
2025-11,-5.930592,54.625205,On or near Seaview Drive,violent-crime
2025-11,-5.93226,54.624676,On or near Fortwilliam Parade,violent-crime
2025-11,-5.931524,54.638267,On or near Innisfayle Drive,anti-social-behaviour
2025-11,-5.92705,54.630005,On or near Lansdowne Road,anti-social-behaviour
2025-11,-5.924839,54.635089,On or near Sheringhurst Park,anti-social-behaviour
2025-11,-5.924374,54.63996,On or near Parkmount Terrace,anti-social-behaviour
2025-11,-5.925646,54.636882,On or near Waveney Heights,anti-social-behaviour
2025-11,-5.923707,54.630873,On or near ,anti-social-behaviour
2025-11,-5.929471,54.635698,On or near Fairhill Walk,criminal-damage-arson
2025-11,-5.92705,54.630005,On or near Lansdowne Road,criminal-damage-arson
2025-11,-5.92373,54.63011,On or near ,criminal-damage-arson
2025-11,-5.92705,54.630005,On or near Lansdowne Road,drugs
2025-11,-5.927715,54.632443,On or near Mount Vernon Park,other-theft
2025-11,-5.92705,54.630005,On or near Lansdowne Road,other-theft
2025-11,-5.92705,54.630005,On or near Lansdowne Road,violent-crime
2025-11,-5.92373,54.63011,On or near ,violent-crime
2025-11,-5.938416,54.630945,On or near Antrim Road,violent-crime
2025-11,-5.927765,54.640611,On or near Ben Eden Green,violent-crime
2025-11,-5.929715,54.639117,On or near Castle Gardens,violent-crime
2025-11,-5.92705,54.630005,On or near Lansdowne Road,other-crime
2025-11,-5.86568,54.593816,On or near Pasadena Gardens,anti-social-behaviour
2025-11,-5.867114,54.594497,On or near ,anti-social-behaviour
2025-11,-5.865101,54.598666,On or near Belmont Church Road,anti-social-behaviour
2025-11,-5.867901,54.595131,On or near Upper Newtownards Road,anti-social-behaviour
2025-11,-5.867555,54.597901,On or near Belmont Park,drugs
2025-11,-5.867633,54.594353,On or near ,other-theft
2025-11,-5.868191,54.593734,On or near Halstein Drive,public-order
2025-11,-5.873467,54.599092,On or near Belmont Avenue,violent-crime
2025-11,-5.865693,54.595047,On or near Upper Newtownards Road,violent-crime
2025-11,-5.859331,54.598331,On or near Wandsworth Road,violent-crime
2025-11,-5.856278,54.592239,On or near Kings Road,other-crime
2025-11,-5.852023,54.596638,On or near ,other-crime
2025-11,-5.999358,54.564392,On or near Moor Park Gardens,anti-social-behaviour
2025-11,-6.003809,54.567593,On or near Ladybrook Park,anti-social-behaviour
2025-11,-6.00089,54.565631,On or near Ladybrook Cross,anti-social-behaviour
2025-11,-6.013614,54.561842,On or near Kilwee Industrial Estate,anti-social-behaviour
2025-11,-6.017171,54.562134,On or near Upper Dunmurry Lane,anti-social-behaviour
2025-11,-6.010624,54.565144,On or near Tildarg Avenue,burglary
2025-11,-6.005257,54.566125,On or near Brooke Drive,criminal-damage-arson
2025-11,-6.005401,54.5638,On or near Arlington Drive,other-theft
2025-11,-6.013614,54.561842,On or near Kilwee Industrial Estate,violent-crime
2025-11,-6.003809,54.567593,On or near Ladybrook Park,violent-crime
2025-11,-6.008112,54.564968,On or near Trenchard,violent-crime
2025-11,-6.026389,54.556624,On or near ,anti-social-behaviour
2025-11,-6.026845,54.55488,On or near Stewartstown Road,anti-social-behaviour
2025-11,-6.049273,54.55589,On or near Mount Eagles Crescent,anti-social-behaviour
2025-11,-6.050097,54.553199,On or near Mount Eagles Park,anti-social-behaviour
2025-11,-6.037643,54.556313,On or near White Rise,anti-social-behaviour
2025-11,-6.037213,54.555605,On or near Teeling Grove,anti-social-behaviour
2025-11,-6.041173,54.556514,On or near White Glen,burglary
2025-11,-6.039844,54.556834,On or near White Rise,burglary
2025-11,-6.034928,54.559396,On or near Glenbawn Walk,criminal-damage-arson
2025-11,-6.026321,54.553568,On or near Juniper Park,criminal-damage-arson
2025-11,-6.050097,54.553199,On or near Mount Eagles Park,criminal-damage-arson
2025-11,-6.026389,54.556624,On or near ,criminal-damage-arson
2025-11,-6.046618,54.552559,On or near Mount Eagles Avenue,drugs
2025-11,-6.029275,54.552889,On or near Lagmore Grove,drugs
2025-11,-6.04044,54.557302,On or near White Rise,other-theft
2025-11,-6.043225,54.555954,On or near Lagmore View,other-theft
2025-11,-6.035154,54.558249,On or near ,other-theft
2025-11,-6.028517,54.554503,On or near Altan Walk,shoplifting
2025-11,-6.045819,54.553759,On or near Mount Eagles Square,vehicle-crime
2025-11,-6.043225,54.555954,On or near Lagmore View,violent-crime
2025-11,-6.031624,54.553214,On or near Lagmore Meadows,violent-crime
2025-11,-6.049108,54.556427,On or near Mount Eagles Crescent,violent-crime
2025-11,-6.041173,54.556514,On or near White Glen,violent-crime
2025-11,-6.037643,54.556313,On or near White Rise,violent-crime
2025-11,-6.041563,54.551606,On or near ,violent-crime
2025-11,-6.049111,54.554423,On or near Mount Eagles Avenue,violent-crime
2025-11,-6.046148,54.554968,On or near Mount Eagles Drive,violent-crime
2025-11,-6.030039,54.554671,On or near Altan Place,violent-crime
2025-11,-6.028681,54.557192,On or near Woodside Park,violent-crime
2025-11,-6.029275,54.552889,On or near Lagmore Grove,violent-crime
2025-11,-6.030235,54.557019,On or near Woodside View,violent-crime
2025-11,-6.029289,54.554524,On or near Altan Walk,violent-crime
2025-11,-6.049634,54.557055,On or near Mount Eagles Crescent,other-crime
2025-11,-5.979923,54.628428,On or near ,anti-social-behaviour
2025-11,-5.990033,54.627213,On or near Glenview Avenue,anti-social-behaviour
2025-11,-5.997504,54.638424,On or near Flush Road,anti-social-behaviour
2025-11,-5.978593,54.629943,On or near Wolfend Drive,criminal-damage-arson
2025-11,-5.991183,54.628086,On or near Wolfhill Avenue South,criminal-damage-arson
2025-11,-5.984697,54.627394,On or near Weavershill Court,criminal-damage-arson
2025-11,-5.987227,54.628532,On or near Ligoniel Road,criminal-damage-arson
2025-11,-5.984697,54.627394,On or near Weavershill Court,other-theft
2025-11,-5.979923,54.628428,On or near ,other-theft
2025-11,-5.978859,54.629588,On or near Wolfend Drive,violent-crime
2025-11,-5.978668,54.629054,On or near Bleach Green,violent-crime
2025-11,-5.978981,54.625555,On or near Springvale Park,violent-crime
2025-11,-5.981931,54.625721,On or near ,violent-crime
2025-11,-5.978593,54.629943,On or near Wolfend Drive,violent-crime
2025-11,-5.990033,54.627213,On or near Glenview Avenue,violent-crime
2025-11,-5.985726,54.627258,On or near ,violent-crime
2025-11,-5.978996,54.628377,On or near Hazelbrook Drive,violent-crime
2025-11,-5.978981,54.625555,On or near Springvale Park,other-crime
2025-11,-5.959421,54.572405,On or near Osborne Drive,anti-social-behaviour
2025-11,-5.959197,54.572545,On or near ,anti-social-behaviour
2025-11,-5.956693,54.57562,On or near Maryville Avenue,anti-social-behaviour
2025-11,-5.952694,54.569937,On or near Osborne Gardens,anti-social-behaviour
2025-11,-5.961372,54.559975,On or near Bristow Park,anti-social-behaviour
2025-11,-5.949796,54.566662,On or near Malone Road,anti-social-behaviour
2025-11,-5.951132,54.56469,On or near Malone Road,anti-social-behaviour
2025-11,-5.952729,54.572624,On or near Cranmore Park,anti-social-behaviour
2025-11,-5.960259,54.572652,On or near Lislea Avenue,anti-social-behaviour
2025-11,-5.970622,54.567031,On or near Upper Lisburn Road,criminal-damage-arson
2025-11,-5.966384,54.568595,On or near Balmoral Avenue,criminal-damage-arson
2025-11,-5.95611,54.567488,On or near ,other-theft
2025-11,-5.970622,54.567031,On or near Upper Lisburn Road,other-theft
2025-11,-5.956972,54.565103,On or near Shrewsbury Park,other-theft
2025-11,-5.949796,54.566662,On or near Malone Road,violent-crime
2025-11,-5.952694,54.569937,On or near Osborne Gardens,violent-crime
2025-11,-5.957134,54.574226,On or near Lisburn Road,violent-crime
2025-11,-5.966384,54.568595,On or near Balmoral Avenue,violent-crime
2025-11,-5.970622,54.567031,On or near Upper Lisburn Road,violent-crime
2025-11,-5.959161,54.573281,On or near ,other-crime
2025-11,-5.889503,54.579273,On or near Dill Road,anti-social-behaviour
2025-11,-5.884458,54.575753,On or near Beech Park,anti-social-behaviour
2025-11,-5.885355,54.573352,On or near Tudor Drive,anti-social-behaviour
2025-11,-5.887115,54.57641,On or near Merok Drive,criminal-damage-arson
2025-11,-5.8741,54.578033,On or near Carncaver Road,criminal-damage-arson
2025-11,-5.894799,54.576769,On or near Picardy Avenue,violent-crime
2025-11,-5.889503,54.579273,On or near Dill Road,violent-crime
2025-11,-5.984046,54.562602,On or near Grangeville Drive,anti-social-behaviour
2025-11,-5.984055,54.561784,On or near Upper Lisburn Road,anti-social-behaviour
2025-11,-5.975369,54.572637,On or near ,anti-social-behaviour
2025-11,-5.980334,54.560428,On or near Benmore Drive,anti-social-behaviour
2025-11,-5.979732,54.564785,On or near Richmond Park,criminal-damage-arson
2025-11,-5.96984,54.57001,On or near Stockmans Lane,criminal-damage-arson
2025-11,-5.97979,54.559871,On or near Doon End,drugs
2025-11,-5.979075,54.56401,On or near Upper Lisburn Road,shoplifting
2025-11,-5.984601,54.565459,On or near Orchardville Crescent,violent-crime
2025-11,-5.984865,54.563244,On or near Diamond Avenue,violent-crime
2025-11,-5.978973,54.560145,On or near Doon End,violent-crime
2025-11,-5.986205,54.565531,On or near Orchardville Crescent,violent-crime
2025-11,-5.984055,54.561784,On or near Upper Lisburn Road,violent-crime
2025-11,-5.979344,54.560753,On or near Kinnegar Road,other-crime
2025-11,-5.978973,54.560145,On or near Doon End,other-crime
2025-11,-5.93154,54.604699,On or near Donegall Street,anti-social-behaviour
2025-11,-5.936493,54.607453,On or near Carlisle Circus,anti-social-behaviour
2025-11,-5.928174,54.605765,On or near Lancaster Street,anti-social-behaviour
2025-11,-5.933431,54.605864,On or near Trinity Street,anti-social-behaviour
2025-11,-5.92635,54.607549,On or near Molyneaux Street,anti-social-behaviour
2025-11,-5.931955,54.603844,On or near Union Street,anti-social-behaviour
2025-11,-5.931152,54.608997,On or near ,anti-social-behaviour
2025-11,-5.935589,54.606961,On or near Clifton Street,anti-social-behaviour
2025-11,-5.931588,54.609543,On or near Queens Parade,anti-social-behaviour
2025-11,-5.936572,54.608029,On or near Annesley Street,anti-social-behaviour
2025-11,-5.928004,54.606679,On or near Thomas Street,anti-social-behaviour
2025-11,-5.928767,54.605964,On or near Lancaster Street,anti-social-behaviour
2025-11,-5.928221,54.608794,On or near Earl Close,anti-social-behaviour
2025-11,-5.929725,54.60448,On or near York Lane,anti-social-behaviour
2025-11,-5.936558,54.604641,On or near Stanhope Drive,anti-social-behaviour
2025-11,-5.930979,54.60416,On or near Union Street,anti-social-behaviour
2025-11,-5.930421,54.609362,On or near Victoria Parade,anti-social-behaviour
2025-11,-5.932536,54.603072,On or near Union Street,anti-social-behaviour
2025-11,-5.931724,54.602591,On or near ,anti-social-behaviour
2025-11,-5.929284,54.609818,On or near Hardinge Place,anti-social-behaviour
2025-11,-5.92635,54.607549,On or near Molyneaux Street,burglary
2025-11,-5.935606,54.605101,On or near Alton Street,burglary
2025-11,-5.928221,54.608794,On or near Earl Close,burglary
2025-11,-5.934834,54.614235,On or near Hallidays Road,criminal-damage-arson
2025-11,-5.932039,54.609515,On or near Queens Parade,criminal-damage-arson
2025-11,-5.928174,54.605765,On or near Lancaster Street,criminal-damage-arson
2025-11,-5.92635,54.607549,On or near Molyneaux Street,criminal-damage-arson
2025-11,-5.933062,54.602452,On or near North Street,criminal-damage-arson
2025-11,-5.934633,54.612075,On or near New Lodge Road,criminal-damage-arson
2025-11,-5.935936,54.612331,On or near Antrim Road,criminal-damage-arson
2025-11,-5.928174,54.605765,On or near Lancaster Street,drugs
2025-11,-5.936493,54.607453,On or near Carlisle Circus,drugs
2025-11,-5.928221,54.608794,On or near Earl Close,drugs
2025-11,-5.935929,54.610633,On or near Kinnaird Street,drugs
2025-11,-5.933779,54.603588,On or near ,drugs
2025-11,-5.932465,54.608732,On or near Carlisle Road,drugs
2025-11,-5.936322,54.613586,On or near ,drugs
2025-11,-5.93009,54.606436,On or near Lancaster Street,other-theft
2025-11,-5.928221,54.608794,On or near Earl Close,other-theft
2025-11,-5.936493,54.607453,On or near Carlisle Circus,other-theft
2025-11,-5.933062,54.602452,On or near North Street,other-theft
2025-11,-5.935936,54.612331,On or near Antrim Road,other-theft
2025-11,-5.933177,54.604467,On or near ,other-theft
2025-11,-5.931088,54.602634,On or near Kent Street,other-theft
2025-11,-5.929369,54.61088,On or near Spamount Street,other-theft
2025-11,-5.931152,54.608997,On or near ,other-theft
2025-11,-5.930979,54.60416,On or near Union Street,other-theft
2025-11,-5.93154,54.604699,On or near Donegall Street,other-theft
2025-11,-5.930082,54.610245,On or near New Lodge Place,other-theft
2025-11,-5.936558,54.604641,On or near Stanhope Drive,other-theft
2025-11,-5.935501,54.613285,On or near Hallidays Road,public-order
2025-11,-5.931724,54.602591,On or near ,public-order
2025-11,-5.936165,54.614231,On or near ,robbery
2025-11,-5.935929,54.610633,On or near Kinnaird Street,robbery
2025-11,-5.928221,54.608794,On or near Earl Close,robbery
2025-11,-5.934016,54.605317,On or near Lower Regent Street,robbery
2025-11,-5.928221,54.608794,On or near Earl Close,shoplifting
2025-11,-5.92635,54.607549,On or near Molyneaux Street,shoplifting
2025-11,-5.936572,54.608029,On or near Annesley Street,shoplifting
2025-11,-5.929725,54.60448,On or near York Lane,shoplifting
2025-11,-5.929349,54.60822,On or near Mccleery Street,theft-from-the-person
2025-11,-5.931724,54.602591,On or near ,theft-from-the-person
2025-11,-5.931955,54.603844,On or near Union Street,theft-from-the-person
2025-11,-5.932039,54.609515,On or near Queens Parade,vehicle-crime
2025-11,-5.929696,54.607175,On or near Great Georges Street,vehicle-crime
2025-11,-5.92635,54.607549,On or near Molyneaux Street,vehicle-crime
2025-11,-5.935672,54.612955,On or near Hallidays Road,vehicle-crime
2025-11,-5.931955,54.603844,On or near Union Street,violent-crime
2025-11,-5.935929,54.610633,On or near Kinnaird Street,violent-crime
2025-11,-5.931045,54.606524,On or near Lancaster Street,violent-crime
2025-11,-5.934552,54.604203,On or near Tyrone Street,violent-crime
2025-11,-5.928221,54.608794,On or near Earl Close,violent-crime
2025-11,-5.932505,54.610691,On or near Duncairn Parade,violent-crime
2025-11,-5.93594,54.611343,On or near Antrim Road,violent-crime
2025-11,-5.928174,54.605765,On or near Lancaster Street,violent-crime
2025-11,-5.933431,54.605864,On or near Trinity Street,violent-crime
2025-11,-5.932826,54.609555,On or near Carlisle Parade,violent-crime
2025-11,-5.931588,54.609543,On or near Queens Parade,violent-crime
2025-11,-5.935013,54.611614,On or near Donore Court,violent-crime
2025-11,-5.936493,54.607453,On or near Carlisle Circus,violent-crime
2025-11,-5.936992,54.603714,On or near Lime Court,violent-crime
2025-11,-5.935672,54.612955,On or near Hallidays Road,violent-crime
2025-11,-5.933779,54.603588,On or near ,violent-crime
2025-11,-5.929013,54.606615,On or near Portland Place,violent-crime
2025-11,-5.930568,54.611053,On or near Ludlow Square,violent-crime
2025-11,-5.930082,54.610245,On or near New Lodge Place,violent-crime
2025-11,-5.93154,54.604699,On or near Donegall Street,violent-crime
2025-11,-5.931724,54.602591,On or near ,violent-crime
2025-11,-5.934016,54.605317,On or near Lower Regent Street,violent-crime
2025-11,-5.936322,54.613586,On or near ,violent-crime
2025-11,-5.933123,54.609803,On or near Duncairn Parade,violent-crime
2025-11,-5.933062,54.602452,On or near North Street,violent-crime
2025-11,-5.932536,54.603072,On or near Union Street,violent-crime
2025-11,-5.933177,54.604467,On or near ,violent-crime
2025-11,-5.930979,54.60416,On or near Union Street,violent-crime
2025-11,-5.930451,54.608769,On or near ,violent-crime
2025-11,-5.935798,54.604359,On or near Wall Street,violent-crime
2025-11,-5.92635,54.607549,On or near Molyneaux Street,violent-crime
2025-11,-5.930103,54.610758,On or near Ludlow Square,violent-crime
2025-11,-5.935936,54.612331,On or near Antrim Road,violent-crime
2025-11,-5.928326,54.610386,On or near Spamount Street,violent-crime
2025-11,-5.933467,54.610051,On or near Lepper Street,violent-crime
2025-11,-5.930568,54.611053,On or near Ludlow Square,other-crime
2025-11,-5.933431,54.605864,On or near Trinity Street,other-crime
2025-11,-5.892666,54.586328,On or near ,anti-social-behaviour
2025-11,-5.896849,54.588018,On or near Ardgowan Drive,anti-social-behaviour
2025-11,-5.897501,54.58767,On or near Ardgowan Street,anti-social-behaviour
2025-11,-5.893711,54.587065,On or near Castlereagh Road,anti-social-behaviour
2025-11,-5.895052,54.587762,On or near Castlereagh Road,anti-social-behaviour
2025-11,-5.879175,54.585445,On or near Houston Gardens,anti-social-behaviour
2025-11,-5.899628,54.586925,On or near ,anti-social-behaviour
2025-11,-5.895073,54.58584,On or near Loopland Park,anti-social-behaviour
2025-11,-5.894697,54.587145,On or near Hillsborough Parade,anti-social-behaviour
2025-11,-5.885742,54.584392,On or near Orby Drive,criminal-damage-arson
2025-11,-5.881321,54.583749,On or near Houston Park,criminal-damage-arson
2025-11,-5.879175,54.585445,On or near Houston Gardens,criminal-damage-arson
2025-11,-5.899628,54.586925,On or near ,shoplifting
2025-11,-5.895052,54.587762,On or near Castlereagh Road,shoplifting
2025-11,-5.896849,54.588018,On or near Ardgowan Drive,violent-crime
2025-11,-5.890852,54.583709,On or near ,violent-crime
2025-11,-5.924252,54.579722,On or near Candahar Street,anti-social-behaviour
2025-11,-5.923219,54.576317,On or near Sunnyside Drive,anti-social-behaviour
2025-11,-5.922779,54.580101,On or near Candahar Street,anti-social-behaviour
2025-11,-5.923534,54.578631,On or near Ava Parade,anti-social-behaviour
2025-11,-5.920727,54.578475,On or near Blackwood Street,anti-social-behaviour
2025-11,-5.926978,54.576606,On or near Sunnyside Street,anti-social-behaviour
2025-11,-5.917506,54.57612,On or near Ormeau Road,anti-social-behaviour
2025-11,-5.917333,54.575883,On or near Ormeau Road,anti-social-behaviour
2025-11,-5.921544,54.580664,On or near ,anti-social-behaviour
2025-11,-5.922721,54.57851,On or near Ava Street,anti-social-behaviour
2025-11,-5.922779,54.580101,On or near Candahar Street,burglary
2025-11,-5.917333,54.575883,On or near Ormeau Road,criminal-damage-arson
2025-11,-5.918371,54.577977,On or near ,criminal-damage-arson
2025-11,-5.925528,54.579268,On or near ,criminal-damage-arson
2025-11,-5.921276,54.578629,On or near Blackwood Street,criminal-damage-arson
2025-11,-5.922325,54.576266,On or near ,drugs
2025-11,-5.924503,54.580562,On or near Delhi Street,drugs
2025-11,-5.923189,54.579335,On or near ,other-theft
2025-11,-5.921703,54.578744,On or near Blackwood Street,other-theft
2025-11,-5.922016,54.581714,On or near ,other-theft
2025-11,-5.921833,54.579231,On or near ,other-theft
2025-11,-5.913049,54.577094,On or near Ravenhill Road,possession-of-weapons
2025-11,-5.922692,54.576029,On or near Sunnyside Street,shoplifting
2025-11,-5.919718,54.579159,On or near Ormeau Road,shoplifting
2025-11,-5.919994,54.578894,On or near ,shoplifting
2025-11,-5.923364,54.581369,On or near ,shoplifting
2025-11,-5.921608,54.576972,On or near Haywood Avenue,violent-crime
2025-11,-5.923058,54.577662,On or near Ava Street,violent-crime
2025-11,-5.918641,54.57693,On or near Deramore Street,violent-crime
2025-11,-5.922347,54.577353,On or near ,violent-crime
2025-11,-5.922736,54.577593,On or near Fernwood Street,violent-crime
2025-11,-5.917506,54.57612,On or near Ormeau Road,violent-crime
2025-11,-5.921973,54.578614,On or near Fernwood Street,violent-crime
2025-11,-5.917024,54.576776,On or near St. Judes Parade,violent-crime
2025-11,-5.922779,54.580101,On or near Candahar Street,violent-crime
2025-11,-5.922325,54.576266,On or near ,violent-crime
2025-11,-5.924503,54.580562,On or near Delhi Street,violent-crime
2025-11,-5.922325,54.576266,On or near ,other-crime
2025-11,-5.901913,54.578878,On or near Onslow Parade,anti-social-behaviour
2025-11,-5.899136,54.584751,On or near Titania Street,anti-social-behaviour
2025-11,-5.901707,54.584392,On or near Ravenhill Parade,anti-social-behaviour
2025-11,-5.898654,54.583611,On or near Cregagh Road,anti-social-behaviour
2025-11,-5.897162,54.579542,On or near Onslow Parade,anti-social-behaviour
2025-11,-5.909347,54.579906,On or near Ravensdene Park,burglary
2025-11,-5.901913,54.578878,On or near Onslow Parade,burglary
2025-11,-5.903694,54.577633,On or near Onslow Parade,criminal-damage-arson
2025-11,-5.910266,54.579778,On or near ,criminal-damage-arson
2025-11,-5.909209,54.585016,On or near Ardenlee Green,other-theft
2025-11,-5.907841,54.585756,On or near Old Bakers Court,vehicle-crime
2025-11,-5.899136,54.584751,On or near Titania Street,violent-crime
2025-11,-5.927854,54.573683,On or near Annadale Crescent,anti-social-behaviour
2025-11,-5.905237,54.565961,On or near Knockbreda Park,anti-social-behaviour
2025-11,-5.907669,54.575231,On or near Knock Eden Park,anti-social-behaviour
2025-11,-5.921864,54.572547,On or near Haypark Gardens,burglary
2025-11,-5.913894,54.569337,On or near Ormeau Road,criminal-damage-arson
2025-11,-5.927854,54.573683,On or near Annadale Crescent,criminal-damage-arson
2025-11,-5.905079,54.574468,On or near Knock Eden Crescent,drugs
2025-11,-5.921864,54.572547,On or near Haypark Gardens,drugs
2025-11,-5.92464,54.571498,On or near College Drive,other-theft
2025-11,-5.921457,54.573259,On or near Haypark Avenue,vehicle-crime
2025-11,-5.908169,54.568483,On or near Queensberry Park,vehicle-crime
2025-11,-5.927158,54.57306,On or near ,vehicle-crime
2025-11,-5.905079,54.574468,On or near Knock Eden Crescent,violent-crime
2025-11,-5.905544,54.574134,On or near Flush Park,violent-crime
2025-11,-5.927158,54.57306,On or near ,violent-crime
2025-11,-5.916971,54.572364,On or near Rossmore Drive,violent-crime
2025-11,-5.915548,54.568134,On or near Acorn Hill,violent-crime
2025-11,-5.927854,54.573683,On or near Annadale Crescent,violent-crime
2025-11,-5.923218,54.570261,On or near Beech Heights,violent-crime
2025-11,-5.866663,54.583904,On or near Knock Grove,anti-social-behaviour
2025-11,-5.86455,54.590283,On or near Clara Park,anti-social-behaviour
2025-11,-5.869027,54.587801,On or near Clarawood Park,other-theft
2025-11,-5.867175,54.585342,On or near Clarawood Drive,other-theft
2025-11,-5.856876,54.589105,On or near Knockcastle Park,violent-crime
2025-11,-5.864396,54.58435,On or near Knock Green,violent-crime
2025-11,-5.868786,54.585299,On or near Clarawood Park,violent-crime
2025-11,-5.870312,54.586889,On or near Clarawood Park,violent-crime
2025-11,-5.867175,54.585342,On or near Clarawood Drive,violent-crime
2025-11,-5.940606,54.60294,On or near Boundary Street,anti-social-behaviour
2025-11,-5.947034,54.603454,On or near Northumberland Street,anti-social-behaviour
2025-11,-5.95204,54.604239,On or near Shankill Road,anti-social-behaviour
2025-11,-5.950196,54.607362,On or near Upper Charleville Street,anti-social-behaviour
2025-11,-5.950682,54.604154,On or near Conway Street,anti-social-behaviour
2025-11,-5.942638,54.603155,On or near Dover Place,anti-social-behaviour
2025-11,-5.950725,54.604523,On or near ,anti-social-behaviour
2025-11,-5.940142,54.604154,On or near California Close,anti-social-behaviour
2025-11,-5.945795,54.607144,On or near Hopewell Avenue,anti-social-behaviour
2025-11,-5.938709,54.603717,On or near Shankill Terrace,anti-social-behaviour
2025-11,-5.940097,54.602599,On or near Greenland Street,anti-social-behaviour
2025-11,-5.941742,54.604038,On or near Boundary Walk,anti-social-behaviour
2025-11,-5.937774,54.602928,On or near Brown Square,anti-social-behaviour
2025-11,-5.940142,54.604154,On or near California Close,criminal-damage-arson
2025-11,-5.940202,54.605117,On or near Shankill Parade,criminal-damage-arson
2025-11,-5.940732,54.604739,On or near Boundary Way,criminal-damage-arson
2025-11,-5.940097,54.602599,On or near Greenland Street,criminal-damage-arson
2025-11,-5.945611,54.601893,On or near Carlow Street,drugs
2025-11,-5.942423,54.604346,On or near Shankill Parade,drugs
2025-11,-5.950196,54.607362,On or near Upper Charleville Street,drugs
2025-11,-5.944851,54.60684,On or near Agnes Close,other-theft
2025-11,-5.938709,54.603717,On or near Shankill Terrace,other-theft
2025-11,-5.947047,54.606877,On or near Blaney Street,other-theft
2025-11,-5.952381,54.60146,On or near Argyle Street,public-order
2025-11,-5.941742,54.604038,On or near Boundary Walk,robbery
2025-11,-5.949697,54.604362,On or near ,shoplifting
2025-11,-5.942638,54.603155,On or near Dover Place,shoplifting
2025-11,-5.947797,54.607348,On or near Crimea Street,vehicle-crime
2025-11,-5.953724,54.605535,On or near Carnan Street,vehicle-crime
2025-11,-5.954886,54.603039,On or near Nelson Square,violent-crime
2025-11,-5.956102,54.602556,On or near Lawnbrook Square,violent-crime
2025-11,-5.954336,54.601349,On or near Ashmore Street,violent-crime
2025-11,-5.952378,54.60491,On or near Edwina Street,violent-crime
2025-11,-5.936392,54.601808,On or near ,violent-crime
2025-11,-5.952692,54.606667,On or near Brussels Street,violent-crime
2025-11,-5.935603,54.602406,On or near ,violent-crime
2025-11,-5.945611,54.601893,On or near Carlow Street,violent-crime
2025-11,-5.947034,54.603454,On or near Northumberland Street,violent-crime
2025-11,-5.947949,54.606794,On or near Sancroft Street,violent-crime
2025-11,-5.936892,54.6017,On or near Mcivors Place,violent-crime
2025-11,-5.942423,54.604346,On or near Shankill Parade,violent-crime
2025-11,-5.940097,54.602599,On or near Greenland Street,violent-crime
2025-11,-5.998014,54.576338,On or near Edenmore Drive,anti-social-behaviour
2025-11,-6.00036,54.576134,On or near Ramoan Gardens,anti-social-behaviour
2025-11,-5.999544,54.58206,On or near ,anti-social-behaviour
2025-11,-6.003855,54.57931,On or near Hamill Grove,anti-social-behaviour
2025-11,-5.999113,54.581702,On or near ,anti-social-behaviour
2025-11,-5.998014,54.576338,On or near Edenmore Drive,burglary
2025-11,-5.999544,54.58206,On or near ,criminal-damage-arson
2025-11,-6.009851,54.576866,On or near ,criminal-damage-arson
2025-11,-5.991032,54.581829,On or near Fodnamona Court,criminal-damage-arson
2025-11,-5.99865,54.581353,On or near Airfield Heights,criminal-damage-arson
2025-11,-5.994996,54.576387,On or near ,other-theft
2025-11,-6.005713,54.576088,On or near Shaws Road,other-theft
2025-11,-6.00106,54.578266,On or near Ramoan Drive,other-theft
2025-11,-6.007157,54.577576,On or near Culmore Gardens,other-theft
2025-11,-6.008462,54.576178,On or near Corrib Avenue,public-order
2025-11,-5.999544,54.58206,On or near ,violent-crime
2025-11,-6.009851,54.576866,On or near ,violent-crime
2025-11,-5.996122,54.580233,On or near Coolnasilla Park,violent-crime
2025-11,-6.005104,54.585701,On or near Upper Springfield Road,violent-crime
2025-11,-5.993975,54.580485,On or near Coolnasilla Park East,violent-crime
2025-11,-6.004907,54.578977,On or near Hamill Glen,violent-crime
2025-11,-6.004298,54.577843,On or near ,violent-crime
2025-11,-6.000975,54.579361,On or near Clonelly Avenue,violent-crime
2025-11,-6.003855,54.57931,On or near Hamill Grove,violent-crime
2025-11,-5.932055,54.577448,On or near Ridgeway Street,anti-social-behaviour
2025-11,-5.930897,54.572827,On or near Harleston Street,anti-social-behaviour
2025-11,-5.941114,54.576326,On or near Holyrood,anti-social-behaviour
2025-11,-5.934497,54.578397,On or near Sandymount Street,anti-social-behaviour
2025-11,-5.930688,54.572986,On or near Lockview Road,anti-social-behaviour
2025-11,-5.928964,54.570997,On or near Prince Edward Gardens,anti-social-behaviour
2025-11,-5.933595,54.567501,On or near Vauxhall Park,burglary
2025-11,-5.932055,54.577448,On or near Ridgeway Street,other-theft
2025-11,-5.936134,54.578146,On or near ,other-theft
2025-11,-5.941114,54.576326,On or near Holyrood,shoplifting
2025-11,-5.929871,54.570195,On or near Prince Edward Drive,violent-crime
2025-11,-5.941114,54.576326,On or near Holyrood,violent-crime
2025-11,-5.940498,54.567681,On or near Hillside Park,violent-crime
2025-11,-5.913227,54.603864,On or near Queens Road,anti-social-behaviour
2025-11,-5.88299,54.60465,On or near Strandburn Gardens,anti-social-behaviour
2025-11,-5.880704,54.604853,On or near Sandbrook Park,anti-social-behaviour
2025-11,-5.877114,54.607216,On or near Victoria Avenue,anti-social-behaviour
2025-11,-5.911571,54.605066,On or near Queens Road,anti-social-behaviour
2025-11,-5.886731,54.603233,On or near ,anti-social-behaviour
2025-11,-5.881625,54.603207,On or near Devon Parade,anti-social-behaviour
2025-11,-5.878378,54.601955,On or near ,anti-social-behaviour
2025-11,-5.880353,54.604155,On or near ,criminal-damage-arson
2025-11,-5.85922,54.623442,On or near ,criminal-damage-arson
2025-11,-5.878026,54.608122,On or near Inverary Wood,criminal-damage-arson
2025-11,-5.870695,54.607723,On or near Inverwood Gardens,drugs
2025-11,-5.913227,54.603864,On or near Queens Road,drugs
2025-11,-5.874324,54.609665,On or near Invernook Park,other-theft
2025-11,-5.911571,54.605066,On or near Queens Road,other-theft
2025-11,-5.898586,54.614653,On or near ,public-order
2025-11,-5.872812,54.609575,On or near ,public-order
2025-11,-5.913227,54.603864,On or near Queens Road,shoplifting
2025-11,-5.911571,54.605066,On or near Queens Road,shoplifting
2025-11,-5.911571,54.605066,On or near Queens Road,vehicle-crime
2025-11,-5.877882,54.604956,On or near Strandburn Parade,violent-crime
2025-11,-5.882282,54.602482,On or near Oakdene Parade,violent-crime
2025-11,-5.880282,54.606122,On or near Larkfield Road,violent-crime
2025-11,-5.885882,54.603794,On or near Kimona Drive,violent-crime
2025-11,-5.870706,54.614031,On or near ,violent-crime
2025-11,-5.881625,54.603207,On or near Devon Parade,violent-crime
2025-11,-5.85922,54.623442,On or near ,violent-crime
2025-11,-5.913227,54.603864,On or near Queens Road,violent-crime
2025-11,-5.884645,54.60317,On or near Devon Drive,violent-crime
2025-11,-5.898586,54.614653,On or near ,other-crime
2025-11,-5.9888,54.596671,On or near New Barnsley Park,anti-social-behaviour
2025-11,-5.990459,54.596905,On or near New Barnsley Crescent,anti-social-behaviour
2025-11,-5.989784,54.593659,On or near ,anti-social-behaviour
2025-11,-5.988758,54.592187,On or near Norglen Court,anti-social-behaviour
2025-11,-5.989386,54.590122,On or near Ardmonagh Gardens,anti-social-behaviour
2025-11,-5.991812,54.588913,On or near Monagh Drive,anti-social-behaviour
2025-11,-5.989565,54.587115,On or near Norglen Crescent,anti-social-behaviour
2025-11,-5.989259,54.597397,On or near New Barnsley Crescent,anti-social-behaviour
2025-11,-5.992138,54.589844,On or near Monagh Road,anti-social-behaviour
2025-11,-5.98797,54.591841,On or near ,anti-social-behaviour
2025-11,-5.986318,54.597726,On or near Moyard Parade,criminal-damage-arson
2025-11,-5.988828,54.592655,On or near Norglen Parade,drugs
2025-11,-5.989784,54.593659,On or near ,vehicle-crime
2025-11,-5.990109,54.588004,On or near Norglen Parade,violent-crime
2025-11,-5.98797,54.591841,On or near ,violent-crime
2025-11,-5.989784,54.593659,On or near ,violent-crime
2025-11,-5.985185,54.598749,On or near Vere Foster Walk,violent-crime
2025-11,-5.988067,54.598033,On or near Moyard Parade,violent-crime
2025-11,-5.987066,54.597936,On or near Moyard Parade,violent-crime
2025-11,-5.991498,54.590264,On or near Monagh Drive,violent-crime
2025-11,-5.996178,54.589803,On or near ,violent-crime
2025-11,-5.9888,54.596671,On or near New Barnsley Park,violent-crime
2025-11,-5.989565,54.587115,On or near Norglen Crescent,violent-crime
2025-11,-5.987338,54.596188,On or near New Barnsley Parade,other-crime
2025-11,-6.027003,54.546472,On or near Magnolia Park,anti-social-behaviour
2025-11,-6.018105,54.555006,On or near Aspen Park,anti-social-behaviour
2025-11,-6.025517,54.550689,On or near Gardenmore Road,anti-social-behaviour
2025-11,-6.016466,54.555015,On or near Cherry Walk,anti-social-behaviour
2025-11,-6.020538,54.550077,On or near Thornhill House,anti-social-behaviour
2025-11,-6.020533,54.556888,On or near Glasvey Drive,anti-social-behaviour
2025-11,-6.025376,54.549438,On or near Gardenmore Road,anti-social-behaviour
2025-11,-6.020378,54.557541,On or near Glasvey Rise,anti-social-behaviour
2025-11,-6.023008,54.552714,On or near Gardenmore Road,bicycle-theft
2025-11,-6.019119,54.560234,On or near Corrina Park,criminal-damage-arson
2025-11,-6.025294,54.548906,On or near Broom Park,criminal-damage-arson
2025-11,-6.026578,54.550805,On or near Almond Drive,criminal-damage-arson
2025-11,-6.014868,54.556085,On or near The Park,criminal-damage-arson
2025-11,-6.02433,54.555099,On or near Glasvey Walk,criminal-damage-arson
2025-11,-6.024858,54.548971,On or near Broom Park Heights,drugs
2025-11,-6.018055,54.555715,On or near Aspen Park,drugs
2025-11,-6.021542,54.55075,On or near Thornhill Court,drugs
2025-11,-6.023548,54.55656,On or near Glasvey Close,other-theft
2025-11,-6.027266,54.548399,On or near Acacia Avenue,other-theft
2025-11,-6.021542,54.55075,On or near Thornhill Court,possession-of-weapons
2025-11,-6.026443,54.54879,On or near Mulberry Park,possession-of-weapons
2025-11,-6.024748,54.557002,On or near ,violent-crime
2025-11,-6.02433,54.555099,On or near Glasvey Walk,violent-crime
2025-11,-6.025517,54.550689,On or near Gardenmore Road,violent-crime
2025-11,-6.018055,54.555715,On or near Aspen Park,violent-crime
2025-11,-6.013525,54.555731,On or near Chestnut Park,violent-crime
2025-11,-6.019157,54.55019,On or near ,violent-crime
2025-11,-6.020343,54.551566,On or near Thornhill Crescent,violent-crime
2025-11,-6.021542,54.55075,On or near Thornhill Court,violent-crime
2025-11,-5.971077,54.556005,On or near Upper Malone Park,anti-social-behaviour
2025-11,-5.967397,54.556959,On or near Malton Drive,anti-social-behaviour
2025-11,-5.973676,54.553156,On or near Upper Malone Road,criminal-damage-arson
2025-11,-5.971188,54.55439,On or near Greystown Avenue,drugs
2025-11,-5.972574,54.546084,On or near ,drugs
2025-11,-5.965991,54.555066,On or near Fairway Drive,violent-crime
2025-11,-5.966863,54.558361,On or near Finch Way,violent-crime
2025-11,-5.972574,54.546084,On or near ,violent-crime
2025-11,-5.974161,54.557099,On or near Inishowen Drive,violent-crime
2025-11,-5.938026,54.615691,On or near Allworthy Avenue,anti-social-behaviour
2025-11,-5.94037,54.616198,On or near ,anti-social-behaviour
2025-11,-5.937243,54.615255,On or near Antrim Road,anti-social-behaviour
2025-11,-5.941799,54.616717,On or near Woodland Avenue,anti-social-behaviour
2025-11,-5.940006,54.61603,On or near Brookhill Avenue,anti-social-behaviour
2025-11,-5.942052,54.614457,On or near Cliftonpark Avenue,anti-social-behaviour
2025-11,-5.942323,54.615216,On or near Manor Street,anti-social-behaviour
2025-11,-5.942507,54.616172,On or near Cliftonville Court,anti-social-behaviour
2025-11,-5.940925,54.615615,On or near ,bicycle-theft
2025-11,-5.940717,54.616375,On or near Cliftonville Avenue,burglary
2025-11,-5.938026,54.615691,On or near Allworthy Avenue,burglary
2025-11,-5.950038,54.614493,On or near Gracehill Court,criminal-damage-arson
2025-11,-5.94088,54.614679,On or near Cliftonpark Court,criminal-damage-arson
2025-11,-5.950506,54.614438,On or near Gracehill Court,criminal-damage-arson
2025-11,-5.946825,54.614062,On or near Rosapenna Street,criminal-damage-arson
2025-11,-5.946165,54.614554,On or near Rosevale Street,criminal-damage-arson
2025-11,-5.94215,54.613443,On or near Manor Close,drugs
2025-11,-5.941303,54.61519,On or near Cliftonville Road,drugs
2025-11,-5.936643,54.613044,On or near ,other-theft
2025-11,-5.943849,54.616284,On or near Rosapenna Drive,other-theft
2025-11,-5.946932,54.615303,On or near Sylvan Street,other-theft
2025-11,-5.943401,54.614408,On or near Harcourt Drive,other-theft
2025-11,-5.948278,54.61379,On or near Oldpark Road,other-theft
2025-11,-5.942591,54.615733,On or near Cliftonville Road,public-order
2025-11,-5.950569,54.614107,On or near Parkview Court,robbery
2025-11,-5.952891,54.61349,On or near St. Gemmas Court,vehicle-crime
2025-11,-5.940925,54.615615,On or near ,violent-crime
2025-11,-5.938179,54.617275,On or near Oceanic Avenue,violent-crime
2025-11,-5.944123,54.614222,On or near Roseleigh Street,violent-crime
2025-11,-5.945457,54.612637,On or near Manor Street,violent-crime
2025-11,-5.941799,54.616717,On or near Woodland Avenue,violent-crime
2025-11,-5.948278,54.61379,On or near Oldpark Road,violent-crime
2025-11,-5.948623,54.614002,On or near Oldpark Road,violent-crime
2025-11,-5.944898,54.615431,On or near Rosapenna Drive,violent-crime
2025-11,-5.952195,54.611942,On or near Hillview Road,violent-crime
2025-11,-5.943632,54.616586,On or near ,violent-crime
2025-11,-5.946165,54.614554,On or near Rosevale Street,violent-crime
2025-11,-5.94037,54.616198,On or near ,violent-crime
2025-11,-5.938276,54.615048,On or near ,violent-crime
2025-11,-5.948765,54.614885,On or near ,violent-crime
2025-11,-5.938026,54.615691,On or near Allworthy Avenue,violent-crime
2025-11,-5.939332,54.616207,On or near Allworthy Avenue,violent-crime
2025-11,-5.939717,54.617463,On or near Brookvale Avenue,other-crime
2025-11,-5.937243,54.615255,On or near Antrim Road,other-crime
2025-11,-5.943389,54.583966,On or near Lisburn Road,anti-social-behaviour
2025-11,-5.941098,54.580621,On or near ,anti-social-behaviour
2025-11,-5.955671,54.576879,On or near Great Northern Street,anti-social-behaviour
2025-11,-5.94736,54.582219,On or near Melrose Street,anti-social-behaviour
2025-11,-5.947954,54.583631,On or near ,anti-social-behaviour
2025-11,-5.944305,54.579912,On or near Windsor Avenue,anti-social-behaviour
2025-11,-5.950441,54.579998,On or near Chadwick Street,anti-social-behaviour
2025-11,-5.947039,54.582447,On or near ,anti-social-behaviour
2025-11,-5.950252,54.581306,On or near Meadowbank Street,anti-social-behaviour
2025-11,-5.948374,54.572191,On or near Marlborough Gardens,anti-social-behaviour
2025-11,-5.937639,54.584479,On or near Elmwood Avenue,anti-social-behaviour
2025-11,-5.93765,54.586411,On or near Abercorn Street,anti-social-behaviour
2025-11,-5.944429,54.583885,On or near Mount Prospect Park,anti-social-behaviour
2025-11,-5.951843,54.57888,On or near Ethel Street,anti-social-behaviour
2025-11,-5.95156,54.584213,On or near Fane Street,anti-social-behaviour
2025-11,-5.943897,54.583714,On or near Wellesley Avenue,anti-social-behaviour
2025-11,-5.945381,54.581278,On or near Malone Avenue,anti-social-behaviour
2025-11,-5.940372,54.5852,On or near Elmwood Avenue,anti-social-behaviour
2025-11,-5.955934,54.575958,On or near Marlborough Court,anti-social-behaviour
2025-11,-5.950929,54.582306,On or near Edinburgh Mews,anti-social-behaviour
2025-11,-5.939425,54.581886,On or near Wellington Park,anti-social-behaviour
2025-11,-5.95497,54.575744,On or near Lisburn Road,anti-social-behaviour
2025-11,-5.948599,54.585879,On or near ,bicycle-theft
2025-11,-5.945368,54.583066,On or near ,burglary
2025-11,-5.94476,54.585005,On or near Ulsterville Place,burglary
2025-11,-5.94647,54.584216,On or near ,burglary
2025-11,-5.947039,54.582447,On or near ,criminal-damage-arson
2025-11,-5.95497,54.575744,On or near Lisburn Road,criminal-damage-arson
2025-11,-5.947293,54.571849,On or near Malone Road,criminal-damage-arson
2025-11,-5.943897,54.583714,On or near Wellesley Avenue,criminal-damage-arson
2025-11,-5.943389,54.583966,On or near Lisburn Road,criminal-damage-arson
2025-11,-5.949617,54.583785,On or near Tates Avenue,criminal-damage-arson
2025-11,-5.941698,54.582518,On or near Wellington Park,criminal-damage-arson
2025-11,-5.956611,54.576014,On or near Ferndale Court,drugs
2025-11,-5.946673,54.586026,On or near Dunluce Avenue,drugs
2025-11,-5.950252,54.581306,On or near Meadowbank Street,drugs
2025-11,-5.948269,54.581974,On or near Edinburgh Street,drugs
2025-11,-5.943897,54.583714,On or near Wellesley Avenue,drugs
2025-11,-5.941098,54.580621,On or near ,drugs
2025-11,-5.955671,54.576879,On or near Great Northern Street,drugs
2025-11,-5.94476,54.585005,On or near Ulsterville Place,drugs
2025-11,-5.946933,54.583317,On or near ,drugs
2025-11,-5.949617,54.583785,On or near Tates Avenue,drugs
2025-11,-5.943897,54.583714,On or near Wellesley Avenue,other-theft
2025-11,-5.953088,54.580878,On or near Meadowbank Place,other-theft
2025-11,-5.950252,54.581306,On or near Meadowbank Street,other-theft
2025-11,-5.948454,54.583522,On or near ,other-theft
2025-11,-5.951679,54.579057,On or near ,other-theft
2025-11,-5.953673,54.579702,On or near Surrey Street,other-theft
2025-11,-5.949617,54.583785,On or near Tates Avenue,other-theft
2025-11,-5.944482,54.585297,On or near ,other-theft
2025-11,-5.947293,54.571849,On or near Malone Road,other-theft
2025-11,-5.944429,54.583885,On or near Mount Prospect Park,other-theft
2025-11,-5.937072,54.585593,On or near ,other-theft
2025-11,-5.947291,54.582658,On or near Sandringham Street,other-theft
2025-11,-5.950441,54.579998,On or near Chadwick Street,shoplifting
2025-11,-5.944429,54.583885,On or near Mount Prospect Park,shoplifting
2025-11,-5.95156,54.584213,On or near Fane Street,violent-crime
2025-11,-5.939425,54.581886,On or near Wellington Park,violent-crime
2025-11,-5.944767,54.583325,On or near Ashley Avenue,violent-crime
2025-11,-5.940372,54.5852,On or near Elmwood Avenue,violent-crime
2025-11,-5.950252,54.581306,On or near Meadowbank Street,violent-crime
2025-11,-5.939934,54.584069,On or near College Gardens,violent-crime
2025-11,-5.948454,54.583522,On or near ,violent-crime
2025-11,-5.943897,54.583714,On or near Wellesley Avenue,violent-crime
2025-11,-5.951566,54.579774,On or near Windsor Road,violent-crime
2025-11,-5.943389,54.583966,On or near Lisburn Road,violent-crime
2025-11,-5.948374,54.572191,On or near Marlborough Gardens,violent-crime
2025-11,-5.956611,54.576014,On or near Ferndale Court,violent-crime
2025-11,-5.947039,54.582447,On or near ,violent-crime
2025-11,-5.937507,54.586795,On or near ,violent-crime
2025-11,-5.939267,54.579511,On or near Lennoxvale,violent-crime
2025-11,-5.94947,54.580853,On or near ,violent-crime
2025-11,-5.948269,54.581974,On or near Edinburgh Street,other-crime
2025-11,-5.949617,54.583785,On or near Tates Avenue,other-crime
2025-11,-5.909993,54.589953,On or near ,anti-social-behaviour
2025-11,-5.911809,54.590748,On or near Park Parade,anti-social-behaviour
2025-11,-5.905881,54.593188,On or near Woodstock Road,anti-social-behaviour
2025-11,-5.915863,54.59195,On or near Ravenhill Reach Court,anti-social-behaviour
2025-11,-5.909014,54.593656,On or near Victor Place,anti-social-behaviour
2025-11,-5.901077,54.58793,On or near ,anti-social-behaviour
2025-11,-5.904318,54.588076,On or near Rosebery Gardens,anti-social-behaviour
2025-11,-5.903046,54.590561,On or near ,anti-social-behaviour
2025-11,-5.907713,54.587038,On or near Federation Street,anti-social-behaviour
2025-11,-5.90768,54.591315,On or near My Ladys Road,anti-social-behaviour
2025-11,-5.908939,54.590294,On or near ,anti-social-behaviour
2025-11,-5.913031,54.591659,On or near ,anti-social-behaviour
2025-11,-5.915968,54.592311,On or near Ravenhill Reach Court,bicycle-theft
2025-11,-5.910271,54.590865,On or near Ravenhill Road,criminal-damage-arson
2025-11,-5.908292,54.591442,On or near Ravenhill Street,criminal-damage-arson
2025-11,-5.904962,54.586685,On or near Rosebery Road,criminal-damage-arson
2025-11,-5.904986,54.59285,On or near Woodstock Road,criminal-damage-arson
2025-11,-5.906352,54.586431,On or near Ravenhill Avenue,criminal-damage-arson
2025-11,-5.906192,54.592861,On or near Radnor Street,drugs
2025-11,-5.905185,54.588962,On or near Rosebery Road,drugs
2025-11,-5.907141,54.590344,On or near Canada Street,drugs
2025-11,-5.912671,54.59203,On or near Ballarat Street,drugs
2025-11,-5.90855,54.587924,On or near Ravenhill Avenue,other-theft
2025-11,-5.909167,54.591583,On or near Mount Street South,other-theft
2025-11,-5.911848,54.590893,On or near Park Parade,other-theft
2025-11,-5.905662,54.587524,On or near Roslyn Street,other-theft
2025-11,-5.905956,54.590225,On or near Roslyn Street,other-theft
2025-11,-5.90768,54.591315,On or near My Ladys Road,other-theft
2025-11,-5.905881,54.593188,On or near Woodstock Road,other-theft
2025-11,-5.907306,54.586528,On or near Old Bakers Court,other-theft
2025-11,-5.909753,54.592528,On or near Shamrock Place,other-theft
2025-11,-5.909753,54.592528,On or near Shamrock Place,possession-of-weapons
2025-11,-5.909753,54.592528,On or near Shamrock Place,robbery
2025-11,-5.908779,54.589779,On or near Ravenhill Street,vehicle-crime
2025-11,-5.909014,54.593656,On or near Victor Place,violent-crime
2025-11,-5.909753,54.592528,On or near Shamrock Place,violent-crime
2025-11,-5.910359,54.591568,On or near Ravenhill Road,violent-crime
2025-11,-5.908444,54.593916,On or near ,violent-crime
2025-11,-5.90853,54.590718,On or near Ravenhill Street,violent-crime
2025-11,-5.908968,54.587608,On or near Watt Street,violent-crime
2025-11,-5.906662,54.589141,On or near Gotha Street,violent-crime
2025-11,-5.903476,54.5879,On or near Carlingford Street,violent-crime
2025-11,-5.904979,54.592373,On or near ,violent-crime
2025-11,-5.908586,54.59054,On or near Ravenhill Street,violent-crime
2025-11,-5.909185,54.591233,On or near Richardson Street,violent-crime
2025-11,-5.910271,54.590865,On or near Ravenhill Road,violent-crime
2025-11,-5.915863,54.59195,On or near Ravenhill Reach Court,violent-crime
2025-11,-5.90812,54.593281,On or near Mount Street,violent-crime
2025-11,-5.903387,54.58753,On or near Carlingford Street,violent-crime
2025-11,-5.90357,54.58968,On or near Willowfield Avenue,violent-crime
2025-11,-5.906341,54.592684,On or near Radnor Street,violent-crime
2025-11,-5.904986,54.59285,On or near Woodstock Road,violent-crime
2025-11,-5.907123,54.590092,On or near ,violent-crime
2025-11,-5.911809,54.590748,On or near Park Parade,violent-crime
2025-11,-5.909354,54.592458,On or near Shamrock Place,violent-crime
2025-11,-5.90547,54.590648,On or near London Road,violent-crime
2025-11,-5.906306,54.588227,On or near Imperial Street,violent-crime
2025-11,-5.905662,54.587524,On or near Roslyn Street,violent-crime
2025-11,-5.909753,54.592528,On or near Shamrock Place,other-crime
2025-11,-5.908576,54.592543,On or near Glenwherry Place,other-crime
2025-11,-5.962349,54.610092,On or near Chief Street,anti-social-behaviour
2025-11,-5.967502,54.609505,On or near Ballygomartin Road,anti-social-behaviour
2025-11,-5.958248,54.610382,On or near Ohio Street,anti-social-behaviour
2025-11,-5.962048,54.60776,On or near Woodvale Street,anti-social-behaviour
2025-11,-5.95788,54.610313,On or near Ohio Street,anti-social-behaviour
2025-11,-5.964131,54.603545,On or near March Street,anti-social-behaviour
2025-11,-5.962456,54.60827,On or near ,anti-social-behaviour
2025-11,-5.964899,54.603675,On or near ,anti-social-behaviour
2025-11,-5.964856,54.602973,On or near Woodvale Avenue,anti-social-behaviour
2025-11,-5.962178,54.606711,On or near ,anti-social-behaviour
2025-11,-5.954435,54.607703,On or near Tennent Street,anti-social-behaviour
2025-11,-5.959391,54.605181,On or near Mayo Place,anti-social-behaviour
2025-11,-5.961246,54.603047,On or near Mayo Street,criminal-damage-arson
2025-11,-5.963096,54.605998,On or near ,criminal-damage-arson
2025-11,-5.957694,54.611253,On or near ,criminal-damage-arson
2025-11,-5.95788,54.610313,On or near Ohio Street,criminal-damage-arson
2025-11,-5.962522,54.607876,On or near Woodvale Street,criminal-damage-arson
2025-11,-5.958419,54.610071,On or near Leopold Place,criminal-damage-arson
2025-11,-5.960926,54.605737,On or near Ainsworth Drive,criminal-damage-arson
2025-11,-5.961051,54.609747,On or near Rathlin Street,drugs
2025-11,-5.96154,54.609863,On or near ,drugs
2025-11,-5.963304,54.611438,On or near Woodvale Road,drugs
2025-11,-5.957158,54.602484,On or near Lawnbrook Drive,drugs
2025-11,-5.956843,54.609703,On or near Edenbrook Close,other-theft
2025-11,-5.963096,54.605998,On or near ,other-theft
2025-11,-5.955059,54.60669,On or near ,other-theft
2025-11,-5.957215,54.604731,On or near Shankill Road,other-theft
2025-11,-5.961931,54.607938,On or near ,other-theft
2025-11,-5.961001,54.604544,On or near Caledon Street,other-theft
2025-11,-5.958218,54.611595,On or near ,other-theft
2025-11,-5.955602,54.605108,On or near ,other-theft
2025-11,-5.96168,54.611087,On or near Ohio Street,other-theft
2025-11,-5.959336,54.610607,On or near Montreal Street,other-theft
2025-11,-5.960926,54.605737,On or near Ainsworth Drive,possession-of-weapons
2025-11,-5.967502,54.609505,On or near Ballygomartin Road,shoplifting
2025-11,-5.954051,54.610725,On or near ,shoplifting
2025-11,-5.960666,54.605679,On or near ,violent-crime
2025-11,-5.960369,54.611002,On or near Palmer Court,violent-crime
2025-11,-5.961001,54.604544,On or near Caledon Street,violent-crime
2025-11,-5.957205,54.611425,On or near Leopold Street,violent-crime
2025-11,-5.961201,54.605805,On or near ,violent-crime
2025-11,-5.960803,54.607281,On or near ,violent-crime
2025-11,-5.962178,54.606711,On or near ,violent-crime
2025-11,-5.955893,54.606416,On or near Acton Street,violent-crime
2025-11,-5.960926,54.605737,On or near Ainsworth Drive,violent-crime
2025-11,-5.958248,54.610382,On or near Ohio Street,violent-crime
2025-11,-5.961257,54.606237,On or near Lawnview Street,other-crime
2025-11,-5.954435,54.607703,On or near Tennent Street,other-crime
2025-11,-6.698788,55.062985,On or near Kinnyglass Road,anti-social-behaviour
2025-11,-6.748826,55.03992,On or near Craigmore Road,anti-social-behaviour
2025-11,-6.619061,55.087862,On or near Curragh Road,anti-social-behaviour
2025-11,-6.749238,55.058834,On or near ,anti-social-behaviour
2025-11,-6.752746,55.063775,On or near Cam Road,violent-crime
2025-11,-6.603349,55.037646,On or near ,violent-crime
2025-11,-6.759799,55.01691,On or near Belraugh Road,violent-crime
2025-11,-6.939229,54.965248,On or near ,anti-social-behaviour
2025-11,-6.929176,55.02443,On or near Ardgarvan Cottages,anti-social-behaviour
2025-11,-6.973227,54.956997,On or near Owenreagh Close,violent-crime
2025-11,-6.94236,54.96196,On or near Rosebrook,violent-crime
2025-11,-6.907049,54.941696,On or near ,violent-crime
2025-11,-6.678073,55.196512,On or near Glen Road,anti-social-behaviour
2025-11,-6.707916,55.186178,On or near Whyns Crescent,anti-social-behaviour
2025-11,-6.666585,55.197214,On or near Covehill Court,anti-social-behaviour
2025-11,-6.698048,55.186433,On or near ,anti-social-behaviour
2025-11,-6.667634,55.197333,On or near Covehill Court,vehicle-crime
2025-11,-6.676369,55.196287,On or near ,vehicle-crime
2025-11,-6.659874,55.196924,On or near Dhu Varren,vehicle-crime
2025-11,-6.709366,55.182115,On or near Millbrook Avenue,violent-crime
2025-11,-6.256197,55.199051,On or near Glentaise Drive,anti-social-behaviour
2025-11,-6.250715,55.205495,On or near ,anti-social-behaviour
2025-11,-6.254288,55.206426,On or near Stroanshesk Park,anti-social-behaviour
2025-11,-6.25712,55.202352,On or near Gortamaddy Park,burglary
2025-11,-6.243434,55.205677,On or near Strandview Road,criminal-damage-arson
2025-11,-6.256197,55.199051,On or near Glentaise Drive,violent-crime
2025-11,-6.255117,55.199323,On or near Glentaise Drive,violent-crime
2025-11,-6.257654,55.203088,On or near Gortamaddy Park,violent-crime
2025-11,-6.241944,55.20421,On or near Beechwood Avenue,violent-crime
2025-11,-6.257302,55.198905,On or near Broombeg View,violent-crime
2025-11,-6.256197,55.199051,On or near Glentaise Drive,other-crime
2025-11,-7.012393,55.043423,On or near Oakdene Crescent,anti-social-behaviour
2025-11,-6.9774,55.038445,On or near ,anti-social-behaviour
2025-11,-7.008869,55.044239,On or near Kings Lane,drugs
2025-11,-7.03049,55.041619,On or near Riverview,drugs
2025-11,-7.012395,55.042722,On or near Tamlough Park,other-theft
2025-11,-7.023793,55.041664,On or near Loughermore Road,violent-crime
2025-11,-7.03049,55.041619,On or near Riverview,violent-crime
2025-11,-7.019483,55.045852,On or near Hyacinth Avenue,violent-crime
2025-11,-7.021014,55.043385,On or near Riverside Cottages,violent-crime
2025-11,-7.01701,55.045922,On or near Dukes Lane,violent-crime
2025-11,-7.025019,55.042743,On or near Caman Park,violent-crime
2025-11,-6.512783,55.073441,On or near Park View,anti-social-behaviour
2025-11,-6.509176,55.072768,On or near Belford Park,anti-social-behaviour
2025-11,-6.506622,55.074506,On or near Newhill Park,anti-social-behaviour
2025-11,-6.508002,55.073185,On or near Belford Park,anti-social-behaviour
2025-11,-6.515086,55.07213,On or near John Street,burglary
2025-11,-6.509634,55.07475,On or near Alexandra Avenue,burglary
2025-11,-6.516004,55.071441,On or near Victoria Street,criminal-damage-arson
2025-11,-6.512211,55.071987,On or near St. Patricks Park,criminal-damage-arson
2025-11,-6.511835,55.074947,On or near Park View,criminal-damage-arson
2025-11,-6.510913,55.070669,On or near Queen Street,violent-crime
2025-11,-6.516004,55.071441,On or near Victoria Street,violent-crime
2025-11,-6.509815,55.078723,On or near Castlehill View,violent-crime
2025-11,-6.505525,55.075364,On or near Cloneen Drive,violent-crime
2025-11,-6.519001,55.065755,On or near West Gate,anti-social-behaviour
2025-11,-6.517281,55.070342,On or near Charlotte Street,anti-social-behaviour
2025-11,-6.515408,55.068083,On or near Meeting House Street,criminal-damage-arson
2025-11,-6.515408,55.068083,On or near Meeting House Street,drugs
2025-11,-6.52229,55.067834,On or near Westoncroft Avenue,drugs
2025-11,-6.51431,55.066892,On or near Seymour Street,drugs
2025-11,-6.518102,55.068888,On or near Castle Street,shoplifting
2025-11,-6.517485,55.068647,On or near Castle Street,violent-crime
2025-11,-6.519001,55.065755,On or near West Gate,violent-crime
2025-11,-6.518884,55.071871,On or near ,violent-crime
2025-11,-6.515619,55.067052,On or near Seymour Drive,violent-crime
2025-11,-6.689302,55.143427,On or near Cairnhill,anti-social-behaviour
2025-11,-6.765238,55.151092,On or near ,anti-social-behaviour
2025-11,-6.786462,55.165534,On or near Sea Road,anti-social-behaviour
2025-11,-6.771694,55.145687,On or near St. Pauls Road,criminal-damage-arson
2025-11,-6.770287,55.147586,On or near Woodend Park,other-theft
2025-11,-6.793227,55.16235,On or near Temple Park,other-theft
2025-11,-6.787512,55.165078,On or near Stable Lane,violent-crime
2025-11,-6.78992,55.16379,On or near Castle Park,violent-crime
2025-11,-6.798793,55.156242,On or near Ballymadigan Road,violent-crime
2025-11,-6.792822,55.162265,On or near Temple Park,violent-crime
2025-11,-6.794143,55.165817,On or near Strandview Cottages,violent-crime
2025-11,-6.685103,55.114186,On or near Redwood Park,anti-social-behaviour
2025-11,-6.673796,55.123415,On or near Screen Road,anti-social-behaviour
2025-11,-6.670641,55.117883,On or near Somerset Mews,anti-social-behaviour
2025-11,-6.681354,55.121925,On or near Spring Meadows,anti-social-behaviour
2025-11,-6.673522,55.119388,On or near Riverside Park South,anti-social-behaviour
2025-11,-6.681433,55.12048,On or near Burnside Park,criminal-damage-arson
2025-11,-6.679126,55.121982,On or near ,criminal-damage-arson
2025-11,-6.681433,55.12048,On or near Burnside Park,drugs
2025-11,-6.681433,55.12048,On or near Burnside Park,other-theft
2025-11,-6.673522,55.119388,On or near Riverside Park South,shoplifting
2025-11,-6.681433,55.12048,On or near Burnside Park,violent-crime
2025-11,-6.683182,55.119717,On or near Greenmount Road,violent-crime
2025-11,-6.673522,55.119388,On or near Riverside Park South,violent-crime
2025-11,-6.673796,55.123415,On or near Screen Road,violent-crime
2025-11,-6.370296,54.980153,On or near Killagan Road,criminal-damage-arson
2025-11,-6.328591,54.998516,On or near Gleneagles,criminal-damage-arson
2025-11,-6.381039,55.001184,On or near Anticur Road,criminal-damage-arson
2025-11,-6.507857,55.01859,On or near Finvoy Road,violent-crime
2025-11,-6.330955,54.999546,On or near Rosemount,violent-crime
2025-11,-6.328591,54.998516,On or near Gleneagles,violent-crime
2025-11,-6.944498,55.044093,On or near Greystone Park,anti-social-behaviour
2025-11,-6.939752,55.040162,On or near Enagh Park,anti-social-behaviour
2025-11,-6.946975,55.04388,On or near Greystone Park,anti-social-behaviour
2025-11,-6.947728,55.037868,On or near O'cahan Way,anti-social-behaviour
2025-11,-6.943696,55.045433,On or near Rathbeg Crescent,anti-social-behaviour
2025-11,-6.94001,55.041062,On or near Glenbank Walk,anti-social-behaviour
2025-11,-6.949045,55.044312,On or near Josephine Terrace,burglary
2025-11,-6.948408,55.045932,On or near Benevenagh Drive,criminal-damage-arson
2025-11,-6.94992,55.042558,On or near Roe Mill Gardens,criminal-damage-arson
2025-11,-6.949045,55.044312,On or near Josephine Terrace,criminal-damage-arson
2025-11,-6.948466,55.038926,On or near Irwin Avenue,criminal-damage-arson
2025-11,-6.949045,55.044312,On or near Josephine Terrace,drugs
2025-11,-6.943696,55.045433,On or near Rathbeg Crescent,other-theft
2025-11,-6.944721,55.039172,On or near Coolessan Walk,violent-crime
2025-11,-6.94346,55.041344,On or near Glenview Drive,violent-crime
2025-11,-6.94133,55.040849,On or near Glenmore Gardens,violent-crime
2025-11,-6.948739,55.038066,On or near Irwin Avenue,violent-crime
2025-11,-6.948408,55.045932,On or near Benevenagh Drive,violent-crime
2025-11,-6.949999,55.045514,On or near Josephine Avenue,other-crime
2025-11,-6.469833,55.125228,On or near Castlecat Road,anti-social-behaviour
2025-11,-6.474708,55.125217,On or near ,other-theft
2025-11,-6.477307,55.124082,On or near Mcarthur Avenue,public-order
2025-11,-6.47844,55.093454,On or near Farran Road,violent-crime
2025-11,-6.477307,55.124082,On or near Mcarthur Avenue,violent-crime
2025-11,-6.495506,55.119116,On or near Lisconnan Road,violent-crime
2025-11,-6.840663,54.988503,On or near ,anti-social-behaviour
2025-11,-6.670722,55.155532,On or near The Hawthorns,anti-social-behaviour
2025-11,-6.658425,55.133973,On or near Windsor Avenue,anti-social-behaviour
2025-11,-6.673917,55.145282,On or near Portstewart Road,anti-social-behaviour
2025-11,-6.662797,55.134524,On or near ,anti-social-behaviour
2025-11,-6.662471,55.141922,On or near Rosemary Place,anti-social-behaviour
2025-11,-6.646715,55.126477,On or near ,anti-social-behaviour
2025-11,-6.658662,55.1456,On or near Glenburn Crescent,anti-social-behaviour
2025-11,-6.660343,55.147864,On or near Oakvale Park,anti-social-behaviour
2025-11,-6.660012,55.139937,On or near Rosemary Place,anti-social-behaviour
2025-11,-6.651437,55.137525,On or near Lisnablagh Road,anti-social-behaviour
2025-11,-6.648519,55.13292,On or near Kingsbury Gardens,anti-social-behaviour
2025-11,-6.664417,55.145169,On or near Shell Bridge Park,anti-social-behaviour
2025-11,-6.599561,55.185045,On or near Corbally Road,anti-social-behaviour
2025-11,-6.574017,55.16486,On or near Ballybogy Road,anti-social-behaviour
2025-11,-6.657495,55.14626,On or near Glenvara Drive,anti-social-behaviour
2025-11,-6.703527,55.171939,On or near Aghermore Avenue,anti-social-behaviour
2025-11,-6.704625,55.166614,On or near Cappagh More Manor,anti-social-behaviour
2025-11,-6.646715,55.126477,On or near ,criminal-damage-arson
2025-11,-6.663828,55.150579,On or near Loughanhill Park,criminal-damage-arson
2025-11,-6.659076,55.14635,On or near Groves End Gardens,criminal-damage-arson
2025-11,-6.65847,55.147565,On or near Kenbane Avenue,criminal-damage-arson
2025-11,-6.657348,55.145495,On or near Mossvale Park,criminal-damage-arson
2025-11,-6.658767,55.134507,On or near Windsor Avenue,criminal-damage-arson
2025-11,-6.660114,55.138788,On or near Craigavon Terrace,criminal-damage-arson
2025-11,-6.62034,55.192549,On or near Craigahulliar Road,criminal-damage-arson
2025-11,-6.657806,55.14727,On or near Kenbane Avenue,other-theft
2025-11,-6.663828,55.150579,On or near Loughanhill Park,other-theft
2025-11,-6.631767,55.187629,On or near Gateside Road,other-theft
2025-11,-6.667095,55.142449,On or near Portrush Road,public-order
2025-11,-6.658968,55.142567,On or near Hartford Park,robbery
2025-11,-6.657348,55.145495,On or near Mossvale Park,violent-crime
2025-11,-6.702064,55.168186,On or near Cromlech Court,violent-crime
2025-11,-6.704625,55.166614,On or near Cappagh More Manor,violent-crime
2025-11,-6.700774,55.168271,On or near ,violent-crime
2025-11,-6.665767,55.138078,On or near Artillery Road,violent-crime
2025-11,-6.646715,55.126477,On or near ,violent-crime
2025-11,-6.60903,55.107484,On or near Newbridge Road,violent-crime
2025-11,-6.646253,55.135958,On or near Grasmere Court,violent-crime
2025-11,-6.646792,55.13485,On or near Silverthorn Avenue,violent-crime
2025-11,-6.663262,55.149225,On or near Elms Park,violent-crime
2025-11,-6.649817,55.137219,On or near Redthorn Court,violent-crime
2025-11,-6.662797,55.134524,On or near ,violent-crime
2025-11,-6.656995,55.145734,On or near Mossvale Park,violent-crime
2025-11,-6.666804,55.150243,On or near Willowfield Park,violent-crime
2025-11,-6.66848,55.142303,On or near The Boulevard,violent-crime
2025-11,-6.666223,55.138523,On or near ,violent-crime
2025-11,-6.65986,55.135138,On or near Windsor Avenue,violent-crime
2025-11,-6.657806,55.14727,On or near Kenbane Avenue,violent-crime
2025-11,-6.663991,55.148982,On or near Elms Park,violent-crime
2025-11,-6.660343,55.147864,On or near Oakvale Park,violent-crime
2025-11,-6.662854,55.152024,On or near Ballygallin Park,other-crime
2025-11,-6.700774,55.168271,On or near ,other-crime
2025-11,-6.60903,55.107484,On or near Newbridge Road,other-crime
2025-11,-6.416066,55.006254,On or near Hillside Avenue,possession-of-weapons
2025-11,-6.406542,55.012697,On or near Greenacre,vehicle-crime
2025-11,-6.464833,55.032006,On or near Queens Park,violent-crime
2025-11,-6.434087,55.049168,On or near ,violent-crime
2025-11,-6.41661,55.01148,On or near Carness Drive,violent-crime
2025-11,-6.405885,55.011116,On or near Bellaghy Crescent,violent-crime
2025-11,-6.915792,54.92415,On or near Finvola Park,anti-social-behaviour
2025-11,-7.018556,54.883404,On or near ,criminal-damage-arson
2025-11,-7.015098,54.893581,On or near Feeny Road,violent-crime
2025-11,-6.925829,54.927958,On or near New Street,violent-crime
2025-11,-6.92113,54.925751,On or near Garvagh Road,violent-crime
2025-11,-6.912171,54.918449,On or near Tracys Way,violent-crime
2025-11,-6.908276,54.915997,On or near Glenshane Road,violent-crime
2025-11,-7.018556,54.883404,On or near ,violent-crime
2025-11,-7.028254,54.92909,On or near Sheascan View,other-crime
2025-11,-7.024101,54.893187,On or near Cherry Lane,other-crime
2025-11,-6.687494,54.983362,On or near Bridge Street,anti-social-behaviour
2025-11,-6.687529,54.983264,On or near Main Street,criminal-damage-arson
2025-11,-6.677339,54.983432,On or near Killyvally Park,drugs
2025-11,-6.686517,54.985544,On or near Coleraine Road,drugs
2025-11,-6.681302,54.981642,On or near Thompsons Crescent,other-theft
2025-11,-6.677488,54.983164,On or near Killyvally Park,violent-crime
2025-11,-6.688367,54.977685,On or near Carhill Court,violent-crime
2025-11,-6.689377,54.978325,On or near Demesne Banks,violent-crime
2025-11,-6.677339,54.983432,On or near Killyvally Park,violent-crime
2025-11,-6.687866,54.982037,On or near Main Street,violent-crime
2025-11,-6.676701,54.983335,On or near Killyvally Park,violent-crime
2025-11,-6.482244,55.236408,On or near Causeway Road,anti-social-behaviour
2025-11,-6.525523,55.19815,On or near Ballyness Park,anti-social-behaviour
2025-11,-6.425388,55.201677,On or near ,other-theft
2025-11,-6.497737,55.183231,On or near Haw Road,other-theft
2025-11,-7.122101,55.029837,On or near Hawthorn Park,anti-social-behaviour
2025-11,-7.079301,55.025012,On or near ,anti-social-behaviour
2025-11,-7.112568,55.033101,On or near Gortgare Road,burglary
2025-11,-7.143592,55.02161,On or near Craigbrack Road,drugs
2025-11,-7.072988,55.04107,On or near ,violent-crime
2025-11,-7.112409,55.006358,On or near ,violent-crime
2025-11,-7.044257,55.042869,On or near Clooney Road,violent-crime
2025-11,-6.934102,55.044424,On or near Anderson Park,anti-social-behaviour
2025-11,-6.940237,55.045493,On or near Drumachose Mews,anti-social-behaviour
2025-11,-6.929608,55.049271,On or near Castle Park,anti-social-behaviour
2025-11,-6.924999,55.049006,On or near Knockanbaan,anti-social-behaviour
2025-11,-6.9359,55.043281,On or near Drumachose Park,violent-crime
2025-11,-6.933088,55.043733,On or near Anderson Park,violent-crime
2025-11,-6.930103,55.037742,On or near Mount Eden,violent-crime
2025-11,-6.933375,55.042945,On or near Drumachose Park,other-crime
2025-11,-6.655153,55.190674,On or near Magheramenagh Park,anti-social-behaviour
2025-11,-6.643227,55.190919,On or near Hopefield Park,anti-social-behaviour
2025-11,-6.655153,55.190674,On or near Magheramenagh Park,burglary
2025-11,-6.660946,55.197736,On or near Ailsa Craig Terrace,burglary
2025-11,-6.654231,55.189613,On or near Magheramenagh Drive,criminal-damage-arson
2025-11,-6.647983,55.197,On or near Girona Park,drugs
2025-11,-6.655153,55.190674,On or near Magheramenagh Park,other-theft
2025-11,-6.655153,55.190674,On or near Magheramenagh Park,shoplifting
2025-11,-6.657126,55.196894,On or near Glenvale Crescent,vehicle-crime
2025-11,-6.651182,55.196667,On or near Parker Avenue,vehicle-crime
2025-11,-6.65746,55.19211,On or near Glenmanus Road,vehicle-crime
2025-11,-6.659628,55.198143,On or near West Strand Avenue,vehicle-crime
2025-11,-6.659941,55.19724,On or near West Strand Road,vehicle-crime
2025-11,-6.657584,55.190755,On or near Glenmanus Park,violent-crime
2025-11,-6.655153,55.190674,On or near Magheramenagh Park,violent-crime
2025-11,-6.556099,54.952676,On or near Drumkill Mews,anti-social-behaviour
2025-11,-6.560228,54.95551,On or near Claragh Hill Gardens,anti-social-behaviour
2025-11,-6.556099,54.952676,On or near Drumkill Mews,burglary
2025-11,-6.558701,54.963703,On or near Movanagher Road,other-theft
2025-11,-6.609703,55.010885,On or near Moneydig Road,violent-crime
2025-11,-6.553256,54.949256,On or near Church Place,violent-crime
2025-11,-6.618092,54.96424,On or near ,violent-crime
2025-11,-6.261954,55.198136,On or near Ramoan Gardens,anti-social-behaviour
2025-11,-6.262929,55.202058,On or near Leyland Heights,anti-social-behaviour
2025-11,-6.260134,55.198451,On or near Dalriada Gardens,anti-social-behaviour
2025-11,-6.365415,55.198705,On or near Ballinlea Road,burglary
2025-11,-6.362726,55.236291,On or near Larrybane Park,burglary
2025-11,-6.261798,55.199194,On or near Fogarty Crescent,criminal-damage-arson
2025-11,-6.264398,55.198629,On or near Mayo Drive,criminal-damage-arson
2025-11,-6.263056,55.194459,On or near Drumawillin Park,violent-crime
2025-11,-6.262929,55.202058,On or near Leyland Heights,violent-crime
2025-11,-6.294686,55.176786,On or near Capecastle Road,violent-crime
2025-11,-6.270181,55.205072,On or near Whitepark Road,violent-crime
2025-11,-6.304719,55.063165,On or near Shelton Meadow,anti-social-behaviour
2025-11,-6.312863,55.009484,On or near ,anti-social-behaviour
2025-11,-6.064503,55.08039,On or near Mill Street,criminal-damage-arson
2025-11,-6.060329,55.061169,On or near Carn-neil Park,drugs
2025-11,-6.080675,55.076908,On or near Ballyemon Road,violent-crime
2025-11,-6.711816,55.09885,On or near Ringrash Road,anti-social-behaviour
2025-11,-6.816588,55.133294,On or near Altikeeragh Lane,anti-social-behaviour
2025-11,-6.709424,55.100163,On or near ,anti-social-behaviour
2025-11,-6.748722,55.115485,On or near ,anti-social-behaviour
2025-11,-6.758614,55.120922,On or near Gortycavan Road,anti-social-behaviour
2025-11,-6.695978,55.106048,On or near Dunderg Road,other-theft
2025-11,-6.795732,55.129748,On or near ,violent-crime
2025-11,-6.709424,55.100163,On or near ,violent-crime
2025-11,-6.948718,55.138521,On or near Drumavally,anti-social-behaviour
2025-11,-6.92444,55.148586,On or near Seacoast Road,drugs
2025-11,-6.92444,55.148586,On or near Seacoast Road,violent-crime
2025-11,-6.92444,55.148586,On or near Seacoast Road,other-crime
2025-11,-6.671032,55.129224,On or near Upper Abbey Street,anti-social-behaviour
2025-11,-6.664947,55.133056,On or near Railway Road,anti-social-behaviour
2025-11,-6.663686,55.133707,On or near Railway Place,anti-social-behaviour
2025-11,-6.673101,55.13019,On or near Ferryquay Place,anti-social-behaviour
2025-11,-6.665647,55.132282,On or near Railway Road,anti-social-behaviour
2025-11,-6.670026,55.130264,On or near New Row,anti-social-behaviour
2025-11,-6.67205,55.131625,On or near Queen Street,anti-social-behaviour
2025-11,-6.673009,55.130584,On or near Ferryquay Place,anti-social-behaviour
2025-11,-6.670388,55.128804,On or near New Row,anti-social-behaviour
2025-11,-6.664588,55.133466,On or near Railway Road,anti-social-behaviour
2025-11,-6.667379,55.130631,On or near ,criminal-damage-arson
2025-11,-6.673009,55.130584,On or near Ferryquay Place,criminal-damage-arson
2025-11,-6.665364,55.131821,On or near ,criminal-damage-arson
2025-11,-6.665202,55.134335,On or near Union Street,criminal-damage-arson
2025-11,-6.664611,55.129486,On or near ,criminal-damage-arson
2025-11,-6.673101,55.13019,On or near Ferryquay Place,criminal-damage-arson
2025-11,-6.663686,55.133707,On or near Railway Place,criminal-damage-arson
2025-11,-6.666358,55.125984,On or near Beresford Avenue,criminal-damage-arson
2025-11,-6.665021,55.130838,On or near ,drugs
2025-11,-6.660601,55.128436,On or near ,other-theft
2025-11,-6.655962,55.126993,On or near Lodge Park,other-theft
2025-11,-6.669696,55.131689,On or near New Row,shoplifting
2025-11,-6.670388,55.128804,On or near New Row,shoplifting
2025-11,-6.660601,55.128436,On or near ,violent-crime
2025-11,-6.67212,55.131401,On or near The Diamond,violent-crime
2025-11,-6.67205,55.131625,On or near Queen Street,violent-crime
2025-11,-6.668087,55.129156,On or near New Market Street,violent-crime
2025-11,-6.673009,55.130584,On or near Ferryquay Place,violent-crime
2025-11,-6.673101,55.13019,On or near Ferryquay Place,violent-crime
2025-11,-6.66969,55.129973,On or near Society Street,violent-crime
2025-11,-6.671032,55.129224,On or near Upper Abbey Street,violent-crime
2025-11,-6.656696,55.122419,On or near Rugby Avenue,violent-crime
2025-11,-6.667489,55.127802,On or near Mount Street Mews,violent-crime
2025-11,-6.671045,55.129314,On or near Upper Abbey Street,violent-crime
2025-11,-6.663686,55.133707,On or near Railway Place,violent-crime
2025-11,-6.664947,55.133056,On or near Railway Road,violent-crime
2025-11,-6.665438,55.133376,On or near ,violent-crime
2025-11,-6.673009,55.130584,On or near Ferryquay Place,other-crime
2025-11,-6.655869,55.207633,On or near Mark Street,anti-social-behaviour
2025-11,-6.655681,55.208098,On or near Mark Street,anti-social-behaviour
2025-11,-6.655869,55.207633,On or near Mark Street,criminal-damage-arson
2025-11,-6.657154,55.208213,On or near Coastguard Station,possession-of-weapons
2025-11,-6.651285,55.203828,On or near Victoria Street,violent-crime
2025-11,-6.648146,55.202841,On or near Causeway Street,violent-crime
2025-11,-6.712646,55.181665,On or near Mullaghacall Crescent,anti-social-behaviour
2025-11,-6.71841,55.183019,On or near The Promenade,anti-social-behaviour
2025-11,-6.717923,55.182071,On or near Strand Road,anti-social-behaviour
2025-11,-6.717612,55.185391,On or near Upper Heathmount,anti-social-behaviour
2025-11,-6.717145,55.179395,On or near Enterprise Parade,anti-social-behaviour
2025-11,-6.716178,55.180175,On or near Coleraine Road,anti-social-behaviour
2025-11,-6.717512,55.180207,On or near Enterprise Parade,anti-social-behaviour
2025-11,-6.715452,55.170053,On or near Ferndale Park,anti-social-behaviour
2025-11,-6.719304,55.18549,On or near The Promenade,anti-social-behaviour
2025-11,-6.717923,55.182071,On or near Strand Road,criminal-damage-arson
2025-11,-6.717645,55.181924,On or near Coleraine Road,criminal-damage-arson
2025-11,-6.71348,55.177703,On or near Seahaven Court,criminal-damage-arson
2025-11,-6.711558,55.17206,On or near Coleraine Road,criminal-damage-arson
2025-11,-6.709145,55.169025,On or near Agherton Village,shoplifting
2025-11,-6.483602,54.957848,On or near Main Street,anti-social-behaviour
2025-11,-6.951585,55.047073,On or near Roe Mill Walk,anti-social-behaviour
2025-11,-6.952435,55.05168,On or near Main Street,anti-social-behaviour
2025-11,-6.947011,55.049666,On or near ,anti-social-behaviour
2025-11,-6.953206,55.047905,On or near William Street,anti-social-behaviour
2025-11,-6.942648,55.052574,On or near Crawford Square,anti-social-behaviour
2025-11,-6.941723,55.049072,On or near ,anti-social-behaviour
2025-11,-6.947791,55.053957,On or near Mill Place,anti-social-behaviour
2025-11,-6.950542,55.050469,On or near Market Street,anti-social-behaviour
2025-11,-6.950893,55.051406,On or near Connell Street Car Park,anti-social-behaviour
2025-11,-6.950542,55.050469,On or near Market Street,burglary
2025-11,-6.944266,55.052337,On or near Alexander Terrace,burglary
2025-11,-6.953652,55.049409,On or near Catherine Street,criminal-damage-arson
2025-11,-6.953287,55.050807,On or near ,criminal-damage-arson
2025-11,-6.942648,55.052574,On or near Crawford Square,criminal-damage-arson
2025-11,-6.950639,55.047954,On or near Annadale Park,drugs
2025-11,-6.954542,55.04947,On or near ,drugs
2025-11,-6.947791,55.053957,On or near Mill Place,other-theft
2025-11,-6.941723,55.049072,On or near ,other-theft
2025-11,-6.951976,55.051882,On or near Main Street,other-theft
2025-11,-6.947011,55.049666,On or near ,possession-of-weapons
2025-11,-6.950542,55.050469,On or near Market Street,shoplifting
2025-11,-6.950784,55.050794,On or near Market Street,shoplifting
2025-11,-6.949222,55.053071,On or near Main Street,shoplifting
2025-11,-6.953652,55.049409,On or near Catherine Street,shoplifting
2025-11,-6.928202,55.050346,On or near ,shoplifting
2025-11,-6.949678,55.04941,On or near Connell Street,violent-crime
2025-11,-6.949222,55.053071,On or near Main Street,violent-crime
2025-11,-6.946438,55.05302,On or near Alexander Road,violent-crime
2025-11,-6.94813,55.054733,On or near Mill Place,violent-crime
2025-11,-6.946109,55.053628,On or near Alexander Road,violent-crime
2025-11,-6.941723,55.049072,On or near ,violent-crime
2025-11,-6.52273,55.059278,On or near Bann Road,anti-social-behaviour
2025-11,-6.564368,55.063451,On or near Burnside Park,anti-social-behaviour
2025-11,-6.564098,55.078423,On or near Macfin Road,drugs
2025-11,-6.517551,55.059664,On or near Millgrange,violent-crime
2025-11,-6.680628,55.125385,On or near Kylemore Road,anti-social-behaviour
2025-11,-6.676453,55.127433,On or near Lambeth Way,anti-social-behaviour
2025-11,-6.683369,55.127831,On or near Kylemore Road,anti-social-behaviour
2025-11,-6.677042,55.128122,On or near Kyles Brae,anti-social-behaviour
2025-11,-6.692727,55.137939,On or near Wheatsheaf Park,anti-social-behaviour
2025-11,-6.676453,55.127433,On or near Lambeth Way,criminal-damage-arson
2025-11,-6.683693,55.127053,On or near Westbourne Crescent,criminal-damage-arson
2025-11,-6.688135,55.13356,On or near Carthall Manor,criminal-damage-arson
2025-11,-6.677638,55.128577,On or near Winston Way,criminal-damage-arson
2025-11,-6.679965,55.129339,On or near Castle Place,criminal-damage-arson
2025-11,-6.683693,55.127053,On or near Westbourne Crescent,drugs
2025-11,-6.676073,55.13183,On or near Strand Road,drugs
2025-11,-6.683693,55.127053,On or near Westbourne Crescent,other-theft
2025-11,-6.683693,55.127053,On or near Westbourne Crescent,possession-of-weapons
2025-11,-6.682174,55.126515,On or near Kylemore Road,vehicle-crime
2025-11,-6.683693,55.127053,On or near Westbourne Crescent,violent-crime
2025-11,-6.682174,55.126515,On or near Kylemore Road,violent-crime
2025-11,-6.680696,55.132365,On or near Captain Street Upper,violent-crime
2025-11,-6.678158,55.129445,On or near Winston Way,violent-crime
2025-11,-6.681149,55.12955,On or near ,violent-crime
2025-11,-6.677638,55.128577,On or near Winston Way,violent-crime
2025-11,-6.686162,55.125373,On or near Greenhall Manor,violent-crime
2025-11,-6.641738,55.116531,On or near Gransden Park,anti-social-behaviour
2025-11,-6.64899,55.112947,On or near Mountsandel Road,anti-social-behaviour
2025-11,-6.648684,55.11553,On or near Wattstown Crescent,anti-social-behaviour
2025-11,-6.656418,55.11717,On or near Mountsandel Manor,violent-crime
2025-11,-6.644141,55.116396,On or near Knockbracken Court,violent-crime
2025-11,-7.408427,54.863445,On or near Leckpatrick Road,anti-social-behaviour
2025-11,-7.428011,54.860611,On or near Greenlaw Road,other-theft
2025-11,-7.449378,54.841091,On or near Grangewood,violent-crime
2025-11,-7.436385,54.83301,On or near Towncastle Road,violent-crime
2025-11,-7.478001,54.813389,On or near Carlton Drive,anti-social-behaviour
2025-11,-7.462457,54.817282,On or near Ballycolman Estate,anti-social-behaviour
2025-11,-7.46077,54.816655,On or near Linkside Park,criminal-damage-arson
2025-11,-7.462448,54.817992,On or near Ballycolman Estate,criminal-damage-arson
2025-11,-7.472003,54.816525,On or near Melmount Road,drugs
2025-11,-7.472003,54.816525,On or near Melmount Road,other-theft
2025-11,-7.474529,54.812484,On or near Collins Walk,vehicle-crime
2025-11,-7.458634,54.81934,On or near Ballycolman Estate,violent-crime
2025-11,-7.473236,54.811437,On or near Melmount Mews,violent-crime
2025-11,-7.475051,54.811786,On or near Fleming Way,violent-crime
2025-11,-7.459773,54.817926,On or near Ballycolman Estate,violent-crime
2025-11,-7.466078,54.814019,On or near Ballycolman Road,violent-crime
2025-11,-7.348667,55.021021,On or near Dunluce Court,anti-social-behaviour
2025-11,-7.350132,55.016421,On or near Drummard Close,anti-social-behaviour
2025-11,-7.355157,55.019915,On or near Harty Court,anti-social-behaviour
2025-11,-7.349812,55.016922,On or near Drumard Park,anti-social-behaviour
2025-11,-7.350746,55.015184,On or near Marianus Park,anti-social-behaviour
2025-11,-7.356202,55.018088,On or near Merriman Court,criminal-damage-arson
2025-11,-7.349589,55.021017,On or near O'casey Court,criminal-damage-arson
2025-11,-7.350585,55.016459,On or near Drumard Park,criminal-damage-arson
2025-11,-7.356228,55.013543,On or near Barrs Lane,drugs
2025-11,-7.356439,55.012107,On or near St. Eithne's Park,drugs
2025-11,-7.350132,55.016421,On or near Drummard Close,other-theft
2025-11,-7.34985,55.021342,On or near O'casey Court,violent-crime
2025-11,-7.350585,55.016459,On or near Drumard Park,violent-crime
2025-11,-7.356439,55.012107,On or near St. Eithne's Park,violent-crime
2025-11,-7.350746,55.015184,On or near Marianus Park,violent-crime
2025-11,-7.355157,55.019915,On or near Harty Court,violent-crime
2025-11,-7.354201,55.014233,On or near Inch View,violent-crime
2025-11,-7.356228,55.013543,On or near Barrs Lane,violent-crime
2025-11,-7.329626,54.997446,On or near Father Mulvey Park,anti-social-behaviour
2025-11,-7.331169,54.99864,On or near Beechwood Avenue,anti-social-behaviour
2025-11,-7.331932,54.99409,On or near Stanleys Walk,anti-social-behaviour
2025-11,-7.330476,54.994289,On or near Dove Gardens,anti-social-behaviour
2025-11,-7.330187,54.996649,On or near Westland Street,criminal-damage-arson
2025-11,-7.335677,54.989673,On or near Southend Park,criminal-damage-arson
2025-11,-7.32911,54.993769,On or near Durrow Park,criminal-damage-arson
2025-11,-7.331169,54.99864,On or near Beechwood Avenue,drugs
2025-11,-7.327707,54.991677,On or near Corporation Street,other-theft
2025-11,-7.338252,54.987918,On or near Letterkenny Road,other-theft
2025-11,-7.330799,54.994569,On or near Dove Gardens,violent-crime
2025-11,-7.328865,54.999041,On or near ,violent-crime
2025-11,-7.33208,54.99648,On or near Westland Mews,violent-crime
2025-11,-7.334006,54.990562,On or near ,other-crime
2025-11,-7.316116,55.02837,On or near Bradley Park,anti-social-behaviour
2025-11,-7.332637,55.025066,On or near Collon Lane,anti-social-behaviour
2025-11,-7.316621,55.024375,On or near Carnhill,anti-social-behaviour
2025-11,-7.319318,55.022109,On or near Carnhill,anti-social-behaviour
2025-11,-7.320302,55.023058,On or near Carnhill,burglary
2025-11,-7.334913,55.025447,On or near College Mews,criminal-damage-arson
2025-11,-7.337123,55.024184,On or near Templemore Street,criminal-damage-arson
2025-11,-7.329409,55.024536,On or near Slievemore Park,drugs
2025-11,-7.320302,55.023058,On or near Carnhill,other-theft
2025-11,-7.323881,55.02226,On or near Carnhill,other-theft
2025-11,-7.334426,55.021797,On or near The Hawthornes,shoplifting
2025-11,-7.329018,55.023618,On or near Slievemore Park,violent-crime
2025-11,-7.332637,55.025066,On or near Collon Lane,violent-crime
2025-11,-7.321768,55.0187,On or near Messines Park,violent-crime
2025-11,-7.326492,55.024098,On or near Slievemore Park,violent-crime
2025-11,-7.320139,55.023497,On or near Carnhill,violent-crime
2025-11,-7.329409,55.024536,On or near Slievemore Park,violent-crime
2025-11,-7.319883,55.025696,On or near Carnhill,violent-crime
2025-11,-7.596329,54.717292,On or near Castlefin Road,anti-social-behaviour
2025-11,-7.587894,54.710571,On or near Crockett Park,anti-social-behaviour
2025-11,-7.593242,54.707903,On or near Meetinghouse Lane,anti-social-behaviour
2025-11,-7.592835,54.706725,On or near Main Street,anti-social-behaviour
2025-11,-7.585918,54.708139,On or near Strabane Road,anti-social-behaviour
2025-11,-7.590332,54.711936,On or near Breezemount Park,anti-social-behaviour
2025-11,-7.590332,54.711936,On or near Breezemount Park,criminal-damage-arson
2025-11,-7.58304,54.708865,On or near Strabane Road,drugs
2025-11,-7.592458,54.713425,On or near Castlefinn Park,other-theft
2025-11,-7.592099,54.708959,On or near William Street,public-order
2025-11,-7.591096,54.706962,On or near Lower Strabane Road,shoplifting
2025-11,-7.585918,54.708139,On or near Strabane Road,violent-crime
2025-11,-7.602068,54.711202,On or near Millbrook Gardens,violent-crime
2025-11,-7.601194,54.711729,On or near Millbrook Gardens,violent-crime
2025-11,-7.591155,54.708803,On or near Meetinghouse Lane,violent-crime
2025-11,-7.591609,54.713009,On or near Castlefinn Park,violent-crime
2025-11,-7.593509,54.709135,On or near John Street,violent-crime
2025-11,-7.590166,54.714504,On or near Lurganboy Road,violent-crime
2025-11,-7.594185,54.709856,On or near Kilclean Road,violent-crime
2025-11,-7.590332,54.711936,On or near Breezemount Park,violent-crime
2025-11,-7.283814,55.007919,On or near Clearwater,anti-social-behaviour
2025-11,-7.283736,55.001783,On or near Kinsale Park,criminal-damage-arson
2025-11,-7.282523,55.003169,On or near Sperrin Park,other-theft
2025-11,-7.277917,54.998614,On or near Durham Park,shoplifting
2025-11,-7.276334,54.999772,On or near Canterbury Park,violent-crime
2025-11,-7.27826,55.001266,On or near Canterbury Park,violent-crime
2025-11,-7.281496,55.004672,On or near Sperrin Park,violent-crime
2025-11,-7.280293,55.004655,On or near Aughlish Court,violent-crime
2025-11,-7.321576,54.997635,On or near William Street,anti-social-behaviour
2025-11,-7.324848,54.993575,On or near Bishop Street,anti-social-behaviour
2025-11,-7.321645,54.998174,On or near Strand Road,anti-social-behaviour
2025-11,-7.321718,54.998507,On or near Strand Road,anti-social-behaviour
2025-11,-7.318883,54.994278,On or near Bridge Street,anti-social-behaviour
2025-11,-7.318823,54.996883,On or near Foyle Street,anti-social-behaviour
2025-11,-7.319963,54.996961,On or near Shipquay Street,anti-social-behaviour
2025-11,-7.319081,54.996435,On or near Bank Place,anti-social-behaviour
2025-11,-7.318992,54.995249,On or near Newmarket Street,anti-social-behaviour
2025-11,-7.325107,54.99769,On or near Columbcille Court,anti-social-behaviour
2025-11,-7.321006,54.996266,On or near Castle Street,anti-social-behaviour
2025-11,-7.3196,54.992522,On or near Carlisle Road,anti-social-behaviour
2025-11,-7.322793,54.99218,On or near Aubery Street,anti-social-behaviour
2025-11,-7.320455,54.991871,On or near Carlisle Road,anti-social-behaviour
2025-11,-7.31798,54.995944,On or near Foyle Street,anti-social-behaviour
2025-11,-7.322855,54.997777,On or near William Street,anti-social-behaviour
2025-11,-7.321622,54.993979,On or near Artillery Street,anti-social-behaviour
2025-11,-7.322647,54.991559,On or near Abercorn Place,anti-social-behaviour
2025-11,-7.323947,54.99048,On or near Alma Place,anti-social-behaviour
2025-11,-7.32592,54.99111,On or near Bellevue Avenue,anti-social-behaviour
2025-11,-7.319958,54.994473,On or near Carlisle Road,anti-social-behaviour
2025-11,-7.320469,54.996614,On or near Shipquay Street,anti-social-behaviour
2025-11,-7.320295,54.99672,On or near Shipquay Street,anti-social-behaviour
2025-11,-7.321801,54.995453,On or near The Diamond,anti-social-behaviour
2025-11,-7.323092,54.99485,On or near Bishop Street Within,anti-social-behaviour
2025-11,-7.322101,54.994296,On or near London Street,anti-social-behaviour
2025-11,-7.332435,54.988299,On or near Bishop Street,anti-social-behaviour
2025-11,-7.319081,54.996435,On or near Bank Place,criminal-damage-arson
2025-11,-7.321402,54.993142,On or near Kennedy Street,criminal-damage-arson
2025-11,-7.318883,54.994278,On or near Bridge Street,criminal-damage-arson
2025-11,-7.323277,54.993117,On or near ,criminal-damage-arson
2025-11,-7.325623,54.992061,On or near ,criminal-damage-arson
2025-11,-7.331638,54.988286,On or near Bishop Street,criminal-damage-arson
2025-11,-7.326008,54.991443,On or near Mountjoy Street,criminal-damage-arson
2025-11,-7.326002,54.998333,On or near Columbcille Court,criminal-damage-arson
2025-11,-7.32083,54.997442,On or near Magazine Street,criminal-damage-arson
2025-11,-7.319723,54.993609,On or near Horace Street,criminal-damage-arson
2025-11,-7.319958,54.994473,On or near Carlisle Road,criminal-damage-arson
2025-11,-7.32022,54.994681,On or near Ferryquay Gate,criminal-damage-arson
2025-11,-7.318992,54.995249,On or near Newmarket Street,criminal-damage-arson
2025-11,-7.319958,54.994473,On or near Carlisle Road,drugs
2025-11,-7.321622,54.993979,On or near Artillery Street,drugs
2025-11,-7.321773,54.992462,On or near Wapping Lane,drugs
2025-11,-7.323869,54.991405,On or near Abercorn Road,drugs
2025-11,-7.327322,54.98951,On or near Ewing Street,other-theft
2025-11,-7.322076,54.995796,On or near The Diamond,other-theft
2025-11,-7.32083,54.997442,On or near Magazine Street,other-theft
2025-11,-7.320084,54.992551,On or near ,other-theft
2025-11,-7.319963,54.996961,On or near Shipquay Street,other-theft
2025-11,-7.320516,54.992904,On or near ,other-theft
2025-11,-7.321006,54.996266,On or near Castle Street,other-theft
2025-11,-7.322467,54.995762,On or near The Diamond,other-theft
2025-11,-7.324848,54.993575,On or near Bishop Street,other-theft
2025-11,-7.323869,54.991405,On or near Abercorn Road,possession-of-weapons
2025-11,-7.320852,54.992385,On or near Georges Street,possession-of-weapons
2025-11,-7.32022,54.994681,On or near Ferryquay Gate,public-order
2025-11,-7.322855,54.997777,On or near William Street,robbery
2025-11,-7.321576,54.997635,On or near William Street,robbery
2025-11,-7.319081,54.996435,On or near Bank Place,shoplifting
2025-11,-7.323092,54.99485,On or near Bishop Street Within,shoplifting
2025-11,-7.318883,54.994278,On or near Bridge Street,shoplifting
2025-11,-7.321801,54.995453,On or near The Diamond,shoplifting
2025-11,-7.318992,54.995249,On or near Newmarket Street,shoplifting
2025-11,-7.31798,54.995944,On or near Foyle Street,theft-from-the-person
2025-11,-7.321645,54.998174,On or near Strand Road,theft-from-the-person
2025-11,-7.324472,54.996429,On or near Rossville Street,violent-crime
2025-11,-7.322021,54.995338,On or near The Diamond,violent-crime
2025-11,-7.31798,54.995944,On or near Foyle Street,violent-crime
2025-11,-7.320469,54.996614,On or near Shipquay Street,violent-crime
2025-11,-7.32083,54.997442,On or near Magazine Street,violent-crime
2025-11,-7.331219,54.98814,On or near ,violent-crime
2025-11,-7.331638,54.988286,On or near Bishop Street,violent-crime
2025-11,-7.324848,54.993575,On or near Bishop Street,violent-crime
2025-11,-7.319081,54.996435,On or near Bank Place,violent-crime
2025-11,-7.319933,54.992245,On or near Carlisle Road,violent-crime
2025-11,-7.319723,54.993609,On or near Horace Street,violent-crime
2025-11,-7.3196,54.992522,On or near Carlisle Road,violent-crime
2025-11,-7.323505,54.99628,On or near Fahan Street,violent-crime
2025-11,-7.323108,54.997589,On or near Chamberlain Street,violent-crime
2025-11,-7.323409,54.997393,On or near Chamberlain Street,violent-crime
2025-11,-7.319958,54.994473,On or near Carlisle Road,violent-crime
2025-11,-7.32022,54.994681,On or near Ferryquay Gate,violent-crime
2025-11,-7.322467,54.995762,On or near The Diamond,violent-crime
2025-11,-7.321801,54.995453,On or near The Diamond,violent-crime
2025-11,-7.319963,54.996961,On or near Shipquay Street,violent-crime
2025-11,-7.321576,54.997635,On or near William Street,violent-crime
2025-11,-7.318883,54.994278,On or near Bridge Street,violent-crime
2025-11,-7.318823,54.996883,On or near Foyle Street,violent-crime
2025-11,-7.318785,54.992697,On or near John Street,violent-crime
2025-11,-7.325107,54.99769,On or near Columbcille Court,violent-crime
2025-11,-7.1593,54.91273,On or near Creggmount,anti-social-behaviour
2025-11,-7.18898,54.996014,On or near Brockagh Road,anti-social-behaviour
2025-11,-7.15332,54.915347,On or near Brecanlea,burglary
2025-11,-7.18898,54.996014,On or near Brockagh Road,vehicle-crime
2025-11,-7.157021,54.912858,On or near Braefield,violent-crime
2025-11,-7.154623,54.911925,On or near Main Street,violent-crime
2025-11,-7.15255,54.910401,On or near Pinewood Crescent,violent-crime
2025-11,-7.151168,54.911631,On or near Main Street,violent-crime
2025-11,-7.297481,54.985174,On or near Irish Street,anti-social-behaviour
2025-11,-7.300772,54.986378,On or near Clondermott Park,anti-social-behaviour
2025-11,-7.305392,54.983845,On or near Knockwellan Park,anti-social-behaviour
2025-11,-7.305517,54.980261,On or near Fallowfield Park,burglary
2025-11,-7.310344,54.985642,On or near Virginia Court,criminal-damage-arson
2025-11,-7.298719,54.984031,On or near Lisnavar Court,drugs
2025-11,-7.310696,54.987019,On or near Trench Road,other-theft
2025-11,-7.305392,54.983845,On or near Knockwellan Park,shoplifting
2025-11,-7.300129,54.983823,On or near Lisnavar Court,violent-crime
2025-11,-7.305392,54.983845,On or near Knockwellan Park,violent-crime
2025-11,-7.305813,54.979401,On or near Lisaghmore Avenue,violent-crime
2025-11,-7.309279,54.983067,On or near Hollymount Park,violent-crime
2025-11,-7.307808,54.985996,On or near Gelvin Gardens,violent-crime
2025-11,-7.305608,54.987637,On or near East Avenue,violent-crime
2025-11,-7.347812,54.996593,On or near Swilly Gardens,anti-social-behaviour
2025-11,-7.338236,54.999325,On or near Beechwood Avenue,anti-social-behaviour
2025-11,-7.338012,54.997743,On or near Dawros Gardens,anti-social-behaviour
2025-11,-7.347109,54.99472,On or near Rinmore Drive,burglary
2025-11,-7.344906,54.996586,On or near Fanad Drive,criminal-damage-arson
2025-11,-7.332051,55.0001,On or near Oakfield Road,other-theft
2025-11,-7.347812,54.996593,On or near Swilly Gardens,violent-crime
2025-11,-7.341317,54.996297,On or near Creggan Broadway,violent-crime
2025-11,-7.337783,55.001227,On or near Westway,violent-crime
2025-11,-7.341924,54.998402,On or near Malin Gardens,other-crime
2025-11,-7.34701,54.992124,On or near Cromore Gardens,anti-social-behaviour
2025-11,-7.351293,54.993907,On or near Creggan Heights,criminal-damage-arson
2025-11,-7.348626,54.99366,On or near Linsfort Drive,criminal-damage-arson
2025-11,-7.351293,54.993907,On or near Creggan Heights,possession-of-weapons
2025-11,-7.348626,54.99366,On or near Linsfort Drive,violent-crime
2025-11,-7.34701,54.992124,On or near Cromore Gardens,violent-crime
2025-11,-7.335678,54.996221,On or near Brickfield Court,violent-crime
2025-11,-7.34985,54.988465,On or near High Park,violent-crime
2025-11,-7.352221,54.992574,On or near Circular Road,violent-crime
2025-11,-7.351961,54.990291,On or near Rathlin Gardens,violent-crime
2025-11,-7.344928,54.989508,On or near Kildrum Gardens,violent-crime
2025-11,-7.339808,54.994025,On or near Blighs Gardens,other-crime
2025-11,-7.344928,54.989508,On or near Kildrum Gardens,other-crime
2025-11,-7.288653,54.975601,On or near Ivy Mead,burglary
2025-11,-7.271798,54.982759,On or near Ardnabrocky,criminal-damage-arson
2025-11,-7.270752,54.98357,On or near Fincairn Road,criminal-damage-arson
2025-11,-7.286843,54.97462,On or near Milltown View,criminal-damage-arson
2025-11,-7.288653,54.975601,On or near Ivy Mead,drugs
2025-11,-7.290349,54.9742,On or near Tullyally Road,violent-crime
2025-11,-7.291543,54.976408,On or near Ivy Mead,violent-crime
2025-11,-7.213949,54.872071,On or near ,anti-social-behaviour
2025-11,-7.335676,54.858245,On or near Barron Road,other-theft
2025-11,-7.321618,54.8812,On or near Binnelly Road,other-theft
2025-11,-7.313048,54.872106,On or near Church View,violent-crime
2025-11,-7.313318,54.873625,On or near Berryhill Road,violent-crime
2025-11,-7.304575,55.000395,On or near Limavady Road,anti-social-behaviour
2025-11,-7.309651,54.995978,On or near Clooney Mews,anti-social-behaviour
2025-11,-7.301931,54.998772,On or near Clooney Park West,anti-social-behaviour
2025-11,-7.309002,54.996504,On or near Bonds Place,anti-social-behaviour
2025-11,-7.298579,54.997468,On or near Heron Way,anti-social-behaviour
2025-11,-7.308735,54.993844,On or near Carlin Terrace,anti-social-behaviour
2025-11,-7.309666,54.994217,On or near Duddys Court,anti-social-behaviour
2025-11,-7.310827,54.993029,On or near ,anti-social-behaviour
2025-11,-7.309438,54.996569,On or near ,anti-social-behaviour
2025-11,-7.309501,54.997432,On or near Limavady Road,anti-social-behaviour
2025-11,-7.309666,54.994217,On or near Duddys Court,criminal-damage-arson
2025-11,-7.299331,54.997347,On or near Heron Way,criminal-damage-arson
2025-11,-7.30678,54.997569,On or near ,criminal-damage-arson
2025-11,-7.309651,54.995978,On or near Clooney Mews,criminal-damage-arson
2025-11,-7.304575,55.000395,On or near Limavady Road,criminal-damage-arson
2025-11,-7.307101,54.994364,On or near ,drugs
2025-11,-7.310402,54.995928,On or near Florence Street,drugs
2025-11,-7.295752,55.006273,On or near Waterbank,drugs
2025-11,-7.310166,54.996008,On or near Bonds Hill,drugs
2025-11,-7.308735,54.993844,On or near Carlin Terrace,other-theft
2025-11,-7.309666,54.994217,On or near Duddys Court,public-order
2025-11,-7.309657,54.995654,On or near Clooney Mews,shoplifting
2025-11,-7.30058,54.994686,On or near Montgomery Close,shoplifting
2025-11,-7.312088,54.994213,On or near Waterside Link,violent-crime
2025-11,-7.309357,54.994943,On or near ,violent-crime
2025-11,-7.304968,54.995762,On or near Emerson Street,violent-crime
2025-11,-7.309651,54.995978,On or near Clooney Mews,violent-crime
2025-11,-7.304723,54.996381,On or near Roulston Avenue,violent-crime
2025-11,-7.310166,54.996008,On or near Bonds Hill,violent-crime
2025-11,-7.310534,54.996414,On or near ,violent-crime
2025-11,-7.302213,55.003229,On or near Ebrington Park,violent-crime
2025-11,-7.309657,54.995654,On or near Clooney Mews,other-crime
2025-11,-7.310166,54.996008,On or near Bonds Hill,other-crime
2025-11,-7.173471,55.022328,On or near Mill Path,anti-social-behaviour
2025-11,-7.174999,55.027827,On or near ,bicycle-theft
2025-11,-7.170804,55.029568,On or near St. Canices Park,violent-crime
2025-11,-7.179875,55.021096,On or near Dellwood,violent-crime
2025-11,-7.174999,55.027827,On or near ,other-crime
2025-11,-7.219875,55.028797,On or near Cloghole Road,anti-social-behaviour
2025-11,-7.247057,54.997744,On or near Gorticross Road,anti-social-behaviour
2025-11,-7.264213,55.034445,On or near Clonmeen Drive,anti-social-behaviour
2025-11,-7.255845,55.021836,On or near Maydown Road,anti-social-behaviour
2025-11,-7.256898,55.024933,On or near Lisdale Park,anti-social-behaviour
2025-11,-7.27355,55.030998,On or near Crannog Park,burglary
2025-11,-7.272564,55.014661,On or near ,criminal-damage-arson
2025-11,-7.253668,55.026251,On or near ,criminal-damage-arson
2025-11,-7.265523,55.032953,On or near Rossmore Place,other-theft
2025-11,-7.266122,55.030145,On or near Temple Road,other-theft
2025-11,-7.270586,55.00219,On or near Blackthorn Manor,possession-of-weapons
2025-11,-7.26497,55.034997,On or near Stradowen Drive,public-order
2025-11,-7.272679,54.997065,On or near Summer Meadows Manor,shoplifting
2025-11,-7.272564,55.014661,On or near ,shoplifting
2025-11,-7.263341,55.033407,On or near Temple Road,violent-crime
2025-11,-7.268783,55.033439,On or near Greenfield Park,violent-crime
2025-11,-7.272564,55.014661,On or near ,violent-crime
2025-11,-7.219467,55.029693,On or near Clooney Road,violent-crime
2025-11,-7.270586,55.00219,On or near Blackthorn Manor,violent-crime
2025-11,-7.257974,55.020861,On or near Tirkeeran Park,violent-crime
2025-11,-7.26497,55.034997,On or near Stradowen Drive,violent-crime
2025-11,-7.551659,54.719785,On or near Listymore Road,burglary
2025-11,-7.531641,54.757464,On or near Orchard Road,burglary
2025-11,-7.551702,54.717278,On or near Listymore Park,public-order
2025-11,-7.551702,54.717278,On or near Listymore Park,violent-crime
2025-11,-7.34034,55.006316,On or near Hatmore Park,anti-social-behaviour
2025-11,-7.334487,55.012474,On or near ,anti-social-behaviour
2025-11,-7.329685,55.010777,On or near Glenside Road,other-theft
2025-11,-7.334487,55.012474,On or near ,violent-crime
2025-11,-7.343089,55.014083,On or near Chippendale Park,violent-crime
2025-11,-7.343318,55.009665,On or near Kylemore Park,violent-crime
2025-11,-7.332539,55.010217,On or near Glen Vista Road,violent-crime
2025-11,-7.332142,55.02942,On or near Galliagh Park,anti-social-behaviour
2025-11,-7.33058,55.029286,On or near Galliagh Park,anti-social-behaviour
2025-11,-7.325148,55.026848,On or near Bloomfield Park,anti-social-behaviour
2025-11,-7.31519,55.033135,On or near Capall Court,anti-social-behaviour
2025-11,-7.332157,55.028522,On or near Galliagh Park,anti-social-behaviour
2025-11,-7.322587,55.032233,On or near Cashel Hill Park,anti-social-behaviour
2025-11,-7.331433,55.025967,On or near Moss Park,anti-social-behaviour
2025-11,-7.33058,55.029286,On or near Galliagh Park,criminal-damage-arson
2025-11,-7.317179,55.032059,On or near Leafair Park,criminal-damage-arson
2025-11,-7.326656,55.025545,On or near Glengalliagh Park,drugs
2025-11,-7.318185,55.031768,On or near Leafair Park,other-theft
2025-11,-7.33058,55.029286,On or near Galliagh Park,other-theft
2025-11,-7.317065,55.031367,On or near Leafair Park,other-theft
2025-11,-7.327133,55.029725,On or near Fergleen Park,violent-crime
2025-11,-7.331433,55.025967,On or near Moss Park,violent-crime
2025-11,-7.330139,55.029517,On or near Galliagh Park,violent-crime
2025-11,-7.33058,55.029286,On or near Galliagh Park,violent-crime
2025-11,-7.327521,55.025218,On or near Moss Park,violent-crime
2025-11,-7.322045,55.03285,On or near Glencaw Park,violent-crime
2025-11,-7.318095,55.031525,On or near Leafair Park,violent-crime
2025-11,-7.332142,55.02942,On or near Galliagh Park,other-crime
2025-11,-7.314524,55.032754,On or near Capall Court,other-crime
2025-11,-7.766569,54.706214,On or near Corgary Road,anti-social-behaviour
2025-11,-7.789726,54.682901,On or near Tullycar Road,anti-social-behaviour
2025-11,-7.625837,54.67584,On or near Killen Park,anti-social-behaviour
2025-11,-7.627876,54.671543,On or near Verner Park,violent-crime
2025-11,-7.766569,54.706214,On or near Corgary Road,violent-crime
2025-11,-7.359154,54.725863,On or near Carnargan Road,public-order
2025-11,-7.419283,54.805908,On or near Spout Road,theft-from-the-person
2025-11,-7.230918,54.76865,On or near Glenelly Road,vehicle-crime
2025-11,-7.432347,54.813588,On or near Spout Road,violent-crime
2025-11,-7.346371,54.787104,On or near Ligford Road,violent-crime
2025-11,-7.359154,54.725863,On or near Carnargan Road,violent-crime
2025-11,-7.291084,54.990077,On or near Waveney Mews,anti-social-behaviour
2025-11,-7.287736,54.991207,On or near Lansdowne Road,anti-social-behaviour
2025-11,-7.294194,54.986475,On or near ,anti-social-behaviour
2025-11,-7.29533,54.989356,On or near ,anti-social-behaviour
2025-11,-7.28033,54.995619,On or near Salisbury Crescent,burglary
2025-11,-7.294194,54.986475,On or near ,criminal-damage-arson
2025-11,-7.286046,54.986993,On or near Manorwood,criminal-damage-arson
2025-11,-7.288723,54.98312,On or near Grovemount Park,criminal-damage-arson
2025-11,-7.291171,54.985999,On or near ,criminal-damage-arson
2025-11,-7.294194,54.986475,On or near ,drugs
2025-11,-7.286051,54.987568,On or near Pelham Road,other-theft
2025-11,-7.291171,54.985999,On or near ,other-theft
2025-11,-7.294194,54.986475,On or near ,other-theft
2025-11,-7.29533,54.989356,On or near ,shoplifting
2025-11,-7.277775,54.996969,On or near Bramhall Crescent,shoplifting
2025-11,-7.281092,54.992309,On or near Sevenoaks,violent-crime
2025-11,-7.291171,54.985999,On or near ,violent-crime
2025-11,-7.294046,54.991298,On or near Avondale Avenue,violent-crime
2025-11,-7.294194,54.986475,On or near ,violent-crime
2025-11,-7.279759,54.990891,On or near Sevenoaks,violent-crime
2025-11,-7.294046,54.991298,On or near Avondale Avenue,other-crime
2025-11,-7.277775,54.996969,On or near Bramhall Crescent,other-crime
2025-11,-7.288881,54.998912,On or near Rossdale,anti-social-behaviour
2025-11,-7.299106,54.995019,On or near Lincoln Court,other-theft
2025-11,-7.297412,54.99536,On or near Lincoln Court,other-theft
2025-11,-7.295999,54.993959,On or near Springburn Road,violent-crime
2025-11,-7.291725,54.996225,On or near Ashburn Avenue,violent-crime
2025-11,-7.288881,54.998912,On or near Rossdale,violent-crime
2025-11,-7.293339,54.999531,On or near Tosh Avenue,violent-crime
2025-11,-7.319786,55.010147,On or near Richmond Crescent,anti-social-behaviour
2025-11,-7.319339,55.011653,On or near Phillip Street,anti-social-behaviour
2025-11,-7.318141,55.011287,On or near Phillip Street,anti-social-behaviour
2025-11,-7.30036,55.018983,On or near Gleneagles,anti-social-behaviour
2025-11,-7.308802,55.019921,On or near Culmore Road,anti-social-behaviour
2025-11,-7.312712,55.01529,On or near Culmore Road,anti-social-behaviour
2025-11,-7.317373,55.010537,On or near Strand Road,anti-social-behaviour
2025-11,-7.312731,55.014176,On or near Bay Road,criminal-damage-arson
2025-11,-7.317373,55.010537,On or near Strand Road,other-theft
2025-11,-7.304511,55.020354,On or near Gleneagles,possession-of-weapons
2025-11,-7.317373,55.010537,On or near Strand Road,shoplifting
2025-11,-7.31715,55.013509,On or near Pennyburn Court,shoplifting
2025-11,-7.317437,55.013179,On or near Pennyburn Court,shoplifting
2025-11,-7.318141,55.011287,On or near Phillip Street,theft-from-the-person
2025-11,-7.318141,55.011287,On or near Phillip Street,violent-crime
2025-11,-7.319877,55.011261,On or near Duncreggan Road,violent-crime
2025-11,-7.304511,55.020354,On or near Gleneagles,violent-crime
2025-11,-7.31895,55.011534,On or near Phillip Street,other-crime
2025-11,-7.341953,54.975631,On or near Summer Hill,anti-social-behaviour
2025-11,-7.357852,54.952074,On or near ,anti-social-behaviour
2025-11,-7.356115,54.959188,On or near Foyle Crescent,anti-social-behaviour
2025-11,-7.336893,54.981326,On or near Hazelwood Avenue,other-theft
2025-11,-7.345494,54.976809,On or near Sunningdale Drive,other-theft
2025-11,-7.356079,54.962394,On or near ,shoplifting
2025-11,-7.354619,54.966797,On or near Victoria Road,violent-crime
2025-11,-7.383899,54.716308,On or near Mourne Walk,anti-social-behaviour
2025-11,-7.380848,54.717927,On or near Millbrook Lane,anti-social-behaviour
2025-11,-7.377871,54.717813,On or near Main Street,anti-social-behaviour
2025-11,-7.513023,54.706493,On or near Ballynaloan Road,anti-social-behaviour
2025-11,-7.511518,54.671741,On or near Archill Road,anti-social-behaviour
2025-11,-7.380694,54.718906,On or near Millbrook Lane,other-theft
2025-11,-7.382753,54.719212,On or near Bessie Bell Court,shoplifting
2025-11,-7.382485,54.71639,On or near Mourne Walk,violent-crime
2025-11,-7.454227,54.730865,On or near Hillview Villas,violent-crime
2025-11,-7.380367,54.716937,On or near Millbrook Lane,violent-crime
2025-11,-7.385345,54.718121,On or near Orr Park,violent-crime
2025-11,-7.383202,54.716196,On or near Mourne Walk,violent-crime
2025-11,-7.378756,54.715698,On or near Avery Park,violent-crime
2025-11,-7.383899,54.716308,On or near Mourne Walk,violent-crime
2025-11,-7.32279,55.003489,On or near ,anti-social-behaviour
2025-11,-7.3241,55.000901,On or near Clarendon Street,anti-social-behaviour
2025-11,-7.326098,55.006625,On or near Argyle Street,anti-social-behaviour
2025-11,-7.324318,55.003704,On or near ,anti-social-behaviour
2025-11,-7.327778,55.007056,On or near Argyle Terrace,anti-social-behaviour
2025-11,-7.327184,55.007071,On or near ,anti-social-behaviour
2025-11,-7.321003,55.005689,On or near Fletcher Avenue,anti-social-behaviour
2025-11,-7.325601,55.001753,On or near Asylum Road,anti-social-behaviour
2025-11,-7.323364,55.008388,On or near Aberfoyle Crescent,anti-social-behaviour
2025-11,-7.319625,55.007676,On or near Strand Road,anti-social-behaviour
2025-11,-7.326,55.004064,On or near Northland Road,anti-social-behaviour
2025-11,-7.334758,55.002711,On or near ,anti-social-behaviour
2025-11,-7.322053,54.999964,On or near Strand Road,anti-social-behaviour
2025-11,-7.326876,55.005838,On or near Northland Terrace,burglary
2025-11,-7.327488,55.005707,On or near Northland Parade,burglary
2025-11,-7.327065,55.006711,On or near Argyle Street,burglary
2025-11,-7.322053,54.999964,On or near Strand Road,burglary
2025-11,-7.322908,55.001154,On or near Clarendon Street,criminal-damage-arson
2025-11,-7.322053,54.999964,On or near Strand Road,criminal-damage-arson
2025-11,-7.328447,55.007257,On or near Glasgow Terrace,criminal-damage-arson
2025-11,-7.32666,55.005685,On or near Northland Avenue,criminal-damage-arson
2025-11,-7.322421,55.003137,On or near Strand Road,drugs
2025-11,-7.327778,55.007056,On or near Argyle Terrace,drugs
2025-11,-7.333065,55.005873,On or near Nassau Crescent,other-theft
2025-11,-7.328331,55.003897,On or near ,other-theft
2025-11,-7.325398,55.008283,On or near Northland Road,other-theft
2025-11,-7.325784,55.008527,On or near Duncreggan Road,other-theft
2025-11,-7.323011,55.001523,On or near Asylum Road,public-order
2025-11,-7.319625,55.007676,On or near Strand Road,public-order
2025-11,-7.319625,55.007676,On or near Strand Road,robbery
2025-11,-7.320256,55.008263,On or near Dill Park,shoplifting
2025-11,-7.320197,55.007131,On or near Rock Terrace,shoplifting
2025-11,-7.322053,54.999964,On or near Strand Road,shoplifting
2025-11,-7.333761,55.003469,On or near Rosemount Avenue,vehicle-crime
2025-11,-7.323011,55.001523,On or near Asylum Road,violent-crime
2025-11,-7.330277,55.002462,On or near De Burgh Terrace,violent-crime
2025-11,-7.328775,55.00911,On or near Glenbrook Terrace,violent-crime
2025-11,-7.32279,55.003489,On or near ,violent-crime
2025-11,-7.321003,55.005689,On or near Fletcher Avenue,violent-crime
2025-11,-7.322421,55.003137,On or near Strand Road,violent-crime
2025-11,-7.326232,55.005152,On or near ,violent-crime
2025-11,-7.319625,55.007676,On or near Strand Road,violent-crime
2025-11,-7.320197,55.007131,On or near Rock Terrace,violent-crime
2025-11,-7.327778,55.007056,On or near Argyle Terrace,violent-crime
2025-11,-7.328447,55.007257,On or near Glasgow Terrace,violent-crime
2025-11,-7.326751,55.007724,On or near Argyle Terrace,violent-crime
2025-11,-7.322053,54.999964,On or near Strand Road,violent-crime
2025-11,-7.333761,55.003469,On or near Rosemount Avenue,violent-crime
2025-11,-7.325601,55.001753,On or near Asylum Road,violent-crime
2025-11,-7.334973,55.002955,On or near Rosemount Gardens,other-crime
2025-11,-7.323011,55.001523,On or near Asylum Road,other-crime
2025-11,-7.320256,55.008263,On or near Dill Park,other-crime
2025-11,-7.32279,55.003489,On or near ,other-crime
2025-11,-7.065408,54.896943,On or near Glenshane Road,criminal-damage-arson
2025-11,-7.167331,54.859839,On or near Sallowilly Road,violent-crime
2025-11,-7.134953,54.909397,On or near Faughanview Park,violent-crime
2025-11,-7.065408,54.896943,On or near Glenshane Road,violent-crime
2025-11,-7.315273,55.02091,On or near Summerhill Grove,anti-social-behaviour
2025-11,-7.316903,55.020703,On or near Summerhill Park,anti-social-behaviour
2025-11,-7.313383,55.029028,On or near Meenaleck Walk,anti-social-behaviour
2025-11,-7.311758,55.027169,On or near Drumleck Drive,criminal-damage-arson
2025-11,-7.306401,55.027686,On or near Daisy Hill Park,violent-crime
2025-11,-7.403379,54.97841,On or near Killea Road,anti-social-behaviour
2025-11,-7.345466,55.002491,On or near Glenowen Park,violent-crime
2025-11,-7.472008,54.783962,On or near ,anti-social-behaviour
2025-11,-7.46881,54.784846,On or near The Willows,anti-social-behaviour
2025-11,-7.492047,54.787335,On or near Garvan Park,anti-social-behaviour
2025-11,-7.468567,54.784432,On or near The Willows,anti-social-behaviour
2025-11,-7.474731,54.784926,On or near Main Street,burglary
2025-11,-7.472008,54.783962,On or near ,criminal-damage-arson
2025-11,-7.472509,54.78488,On or near Main Street,criminal-damage-arson
2025-11,-7.488206,54.786196,On or near Peacock Road,drugs
2025-11,-7.50224,54.724397,On or near Tievenny Road,other-theft
2025-11,-7.473612,54.783708,On or near New Street,violent-crime
2025-11,-7.474656,54.787117,On or near Marshalls Row,violent-crime
2025-11,-7.50224,54.724397,On or near Tievenny Road,violent-crime
2025-11,-7.449697,54.755889,On or near Melmount Road,violent-crime
2025-11,-7.472008,54.783962,On or near ,violent-crime
2025-11,-7.471891,54.782173,On or near Seein Park,violent-crime
2025-11,-7.478651,54.789452,On or near Lismore Grove,violent-crime
2025-11,-7.47647,54.787475,On or near Daisy Park,violent-crime
2025-11,-7.491973,54.734937,On or near Killeen Road,other-crime
2025-11,-7.478651,54.789452,On or near Lismore Grove,other-crime
2025-11,-7.492047,54.787335,On or near Garvan Park,other-crime
2025-11,-7.385078,54.940393,On or near Brookfield,anti-social-behaviour
2025-11,-7.348218,54.924364,On or near Killymallaght Road,burglary
2025-11,-7.257474,54.972638,On or near Lismacarol Park,violent-crime
2025-11,-7.315887,54.951818,On or near Curryfree Road,violent-crime
2025-11,-7.373274,54.910851,On or near Dullerton Road,violent-crime
2025-11,-7.244501,54.959965,On or near Glenshane Road,violent-crime
2025-11,-7.455404,54.822425,On or near Springhill Park,anti-social-behaviour
2025-11,-7.464629,54.825978,On or near Main Street,anti-social-behaviour
2025-11,-7.467399,54.830626,On or near Park Road,anti-social-behaviour
2025-11,-7.467733,54.828893,On or near Railway Street,anti-social-behaviour
2025-11,-7.463449,54.826979,On or near Castle Street,anti-social-behaviour
2025-11,-7.460217,54.826668,On or near ,anti-social-behaviour
2025-11,-7.462991,54.826321,On or near Church Street,anti-social-behaviour
2025-11,-7.465035,54.828181,On or near Dock Street,anti-social-behaviour
2025-11,-7.452604,54.8212,On or near Springhill Park,anti-social-behaviour
2025-11,-7.460217,54.826668,On or near ,criminal-damage-arson
2025-11,-7.465187,54.823816,On or near Bridge Street,criminal-damage-arson
2025-11,-7.46313,54.825217,On or near Bridge Street,criminal-damage-arson
2025-11,-7.467733,54.828893,On or near Railway Street,criminal-damage-arson
2025-11,-7.461722,54.824645,On or near Main Street,criminal-damage-arson
2025-11,-7.45461,54.823589,On or near Evish Grove,drugs
2025-11,-7.454881,54.824273,On or near Evish Grove,drugs
2025-11,-7.461147,54.832718,On or near Derry Road,drugs
2025-11,-7.467399,54.830626,On or near Park Road,other-theft
2025-11,-7.462199,54.825015,On or near Main Street,other-theft
2025-11,-7.468315,54.827252,On or near Eden Terrace,other-theft
2025-11,-7.471975,54.825813,On or near Carrick Strand,other-theft
2025-11,-7.473778,54.829522,On or near Lifford Road,shoplifting
2025-11,-7.454668,54.823922,On or near Evish Grove,violent-crime
2025-11,-7.45461,54.823589,On or near Evish Grove,violent-crime
2025-11,-7.457738,54.836287,On or near Derry Road,violent-crime
2025-11,-7.450748,54.819251,On or near Innisfree Gardens,violent-crime
2025-11,-7.465774,54.826433,On or near Main Street,violent-crime
2025-11,-7.466647,54.823984,On or near ,violent-crime
2025-11,-7.466248,54.824764,On or near Magirr Park,violent-crime
2025-11,-7.46313,54.825217,On or near Bridge Street,violent-crime
2025-11,-7.460116,54.823704,On or near Meetinghouse Street,violent-crime
2025-11,-7.454881,54.824273,On or near Evish Grove,violent-crime
2025-11,-7.467733,54.828893,On or near Railway Street,violent-crime
2025-11,-7.456319,54.822618,On or near Springhill Park,violent-crime
2025-11,-7.460217,54.826668,On or near ,violent-crime
2025-11,-7.462991,54.826321,On or near Church Street,violent-crime
2025-11,-7.46761,54.828839,On or near Eden Terrace,violent-crime
2025-11,-7.459709,54.823935,On or near Mill Street,violent-crime
2025-11,-7.461555,54.826665,On or near Church Street,violent-crime
2025-11,-7.473778,54.829522,On or near Lifford Road,other-crime
2025-11,-7.465554,54.824294,On or near Magirr Park,other-crime
2025-11,-7.462199,54.825015,On or near Main Street,other-crime
2025-11,-7.334602,54.981933,On or near Hillview Avenue,anti-social-behaviour
2025-11,-7.314658,54.989152,On or near Spencer Road,anti-social-behaviour
2025-11,-7.31268,54.990659,On or near Barnewall Place,anti-social-behaviour
2025-11,-7.312926,54.986313,On or near Mimosa Court,anti-social-behaviour
2025-11,-7.312766,54.985593,On or near Jasmine Court,anti-social-behaviour
2025-11,-7.313551,54.989972,On or near Spencer Road,anti-social-behaviour
2025-11,-7.309647,54.988046,On or near Top Of The Hill,criminal-damage-arson
2025-11,-7.31268,54.990659,On or near Barnewall Place,criminal-damage-arson
2025-11,-7.309647,54.988046,On or near Top Of The Hill,drugs
2025-11,-7.31616,54.989008,On or near Victoria Road,drugs
2025-11,-7.31225,54.985644,On or near Jasmine Court,other-theft
2025-11,-7.315753,54.986356,On or near Eskaheen View,other-theft
2025-11,-7.310228,54.988804,On or near Fountain Hill,violent-crime
2025-11,-7.314332,54.986303,On or near Strabane Old Road,violent-crime
2025-11,-7.312926,54.986313,On or near Mimosa Court,violent-crime
2025-11,-7.309647,54.988046,On or near Top Of The Hill,violent-crime
2025-11,-7.313551,54.989972,On or near Spencer Road,violent-crime
2025-11,-7.302607,54.991311,On or near ,violent-crime
2025-11,-7.31268,54.990659,On or near Barnewall Place,violent-crime
2025-11,-7.314658,54.989152,On or near Spencer Road,violent-crime
2025-11,-7.314332,54.986303,On or near Strabane Old Road,other-crime
2025-11,-7.311935,54.989433,On or near Dunnfield Terrace,other-crime
2025-11,-8.090082,54.415199,On or near Main Street,anti-social-behaviour
2025-11,-7.905705,54.465053,On or near ,drugs
2025-11,-8.07567,54.459856,On or near Toura Road,other-theft
2025-11,-7.892872,54.306781,On or near Lattone Road,violent-crime
2025-11,-7.715245,54.312619,On or near Moybrone Road,anti-social-behaviour
2025-11,-7.301538,54.595144,On or near Cannon Dale,anti-social-behaviour
2025-11,-7.300671,54.588851,On or near Coolnagard Heights,anti-social-behaviour
2025-11,-7.313431,54.596281,On or near Ardmore Crescent,anti-social-behaviour
2025-11,-7.301923,54.596144,On or near Cannon Dale,anti-social-behaviour
2025-11,-7.312459,54.594326,On or near O'kane Park,anti-social-behaviour
2025-11,-7.316356,54.592534,On or near Culmore Park,criminal-damage-arson
2025-11,-7.308293,54.596396,On or near Dromore Road Retail Park,other-theft
2025-11,-7.308967,54.59587,On or near Dromore Road Retail Park,shoplifting
2025-11,-7.301538,54.595144,On or near Cannon Dale,violent-crime
2025-11,-7.299905,54.59111,On or near Kevlin Gardens,violent-crime
2025-11,-7.308293,54.596396,On or near Dromore Road Retail Park,violent-crime
2025-11,-7.316502,54.592148,On or near Culmore Park,violent-crime
2025-11,-7.813474,54.416759,On or near Rosnarick Close,anti-social-behaviour
2025-11,-7.787952,54.443236,On or near Lough Shore Road,possession-of-weapons
2025-11,-7.574955,54.199101,On or near Main Street,anti-social-behaviour
2025-11,-7.586829,54.205242,On or near Stragowna Road,anti-social-behaviour
2025-11,-7.591446,54.226541,On or near Knockninny Road,criminal-damage-arson
2025-11,-7.58425,54.230154,On or near Knockninny Road,other-theft
2025-11,-7.518165,54.194278,On or near Newbridge Road,public-order
2025-11,-7.572797,54.197315,On or near Main Street,shoplifting
2025-11,-7.580799,54.163689,On or near Burrow Road,violent-crime
2025-11,-7.570876,54.1743,On or near The Crook Road,other-crime
2025-11,-7.730456,54.263271,On or near Marblearch Terrace,anti-social-behaviour
2025-11,-7.662521,54.199226,On or near Springtown Road,other-theft
2025-11,-7.621337,54.213953,On or near ,vehicle-crime
2025-11,-7.622245,54.243773,On or near Clonliff Road,vehicle-crime
2025-11,-7.775145,54.260192,On or near Marble Arch Road,violent-crime
2025-11,-7.322624,54.613815,On or near Watson Park,anti-social-behaviour
2025-11,-7.32009,54.596858,On or near Shandon Park,anti-social-behaviour
2025-11,-7.328129,54.614106,On or near Beltany Mews,anti-social-behaviour
2025-11,-7.317256,54.599788,On or near Centenary Park,anti-social-behaviour
2025-11,-7.317851,54.599334,On or near Centenary Park,anti-social-behaviour
2025-11,-7.321928,54.608205,On or near Gortrush Park,anti-social-behaviour
2025-11,-7.31585,54.600571,On or near Strule Park,anti-social-behaviour
2025-11,-7.320668,54.606725,On or near Gortrush Park,anti-social-behaviour
2025-11,-7.322856,54.592364,On or near Lambrook Meadows,criminal-damage-arson
2025-11,-7.330341,54.617056,On or near Beltany Road,drugs
2025-11,-7.323026,54.595167,On or near Clontarf Drive,drugs
2025-11,-7.328129,54.614106,On or near Beltany Mews,drugs
2025-11,-7.323828,54.613085,On or near Watson Park,drugs
2025-11,-7.322792,54.592534,On or near Lambrook Meadows,violent-crime
2025-11,-7.33095,54.617679,On or near Beltany Road,violent-crime
2025-11,-7.326087,54.593478,On or near Bracken Vale,violent-crime
2025-11,-7.328129,54.614106,On or near Beltany Mews,violent-crime
2025-11,-7.320279,54.59667,On or near Shandon Park,violent-crime
2025-11,-7.32009,54.596858,On or near Shandon Park,violent-crime
2025-11,-7.266535,54.6102,On or near Tirquin Road,anti-social-behaviour
2025-11,-7.286344,54.610237,On or near Castleview Crescent,anti-social-behaviour
2025-11,-7.285811,54.607979,On or near Castleview Park,anti-social-behaviour
2025-11,-7.282436,54.609837,On or near Mullaghmore Drive,criminal-damage-arson
2025-11,-7.288222,54.609961,On or near St. Julians Way,criminal-damage-arson
2025-11,-7.28395,54.607322,On or near Old Mountfield Road,shoplifting
2025-11,-7.281825,54.609348,On or near Knockshee Park,violent-crime
2025-11,-7.287664,54.606445,On or near Hawthorn Grove,violent-crime
2025-11,-7.464856,54.294429,On or near Boyhill Road,anti-social-behaviour
2025-11,-7.472868,54.293593,On or near Drumgoon Road,anti-social-behaviour
2025-11,-7.48931,54.270531,On or near Gola Road,anti-social-behaviour
2025-11,-7.469825,54.293777,On or near Drumgoon Road,drugs
2025-11,-7.468908,54.293414,On or near Harryville Street,vehicle-crime
2025-11,-7.462224,54.304299,On or near Gardiners Cross Road,violent-crime
2025-11,-7.476564,54.306087,On or near Tullyhill Road,violent-crime
2025-11,-7.174534,54.23895,On or near Main Street,anti-social-behaviour
2025-11,-7.221677,54.251401,On or near ,anti-social-behaviour
2025-11,-7.221677,54.251401,On or near ,violent-crime
2025-11,-7.221677,54.251401,On or near ,other-crime
2025-11,-7.66135,54.347722,On or near Ferney Rise,anti-social-behaviour
2025-11,-7.651874,54.342709,On or near Coleshill Park,anti-social-behaviour
2025-11,-7.655492,54.345774,On or near Windmill Road,anti-social-behaviour
2025-11,-7.660354,54.328665,On or near Cleenish Park,anti-social-behaviour
2025-11,-7.659333,54.333127,On or near Glenwood Gardens,criminal-damage-arson
2025-11,-7.663332,54.331045,On or near Drumawill Gardens,drugs
2025-11,-7.656456,54.342677,On or near Brackvede Park,drugs
2025-11,-7.650998,54.342689,On or near ,drugs
2025-11,-7.660739,54.330382,On or near Lisgoole Park,violent-crime
2025-11,-7.660506,54.33075,On or near ,violent-crime
2025-11,-7.300554,54.604724,On or near Mountjoy Road,anti-social-behaviour
2025-11,-7.310418,54.598833,On or near Great Northern Road,anti-social-behaviour
2025-11,-7.307701,54.603004,On or near ,anti-social-behaviour
2025-11,-7.309837,54.602082,On or near Brookmount Crescent,anti-social-behaviour
2025-11,-7.304073,54.602534,On or near Sedan Avenue,anti-social-behaviour
2025-11,-7.30162,54.602116,On or near Drumragh Avenue,anti-social-behaviour
2025-11,-7.294985,54.605491,On or near Sunnycrest Gardens,anti-social-behaviour
2025-11,-7.296515,54.60921,On or near Lisanelly Park,anti-social-behaviour
2025-11,-7.295144,54.606112,On or near Sunnycrest Gardens,anti-social-behaviour
2025-11,-7.303976,54.600036,On or near High Street,anti-social-behaviour
2025-11,-7.305876,54.599319,On or near John Street,anti-social-behaviour
2025-11,-7.302011,54.600025,On or near High Street,anti-social-behaviour
2025-11,-7.298388,54.60649,On or near Gardenville Avenue,anti-social-behaviour
2025-11,-7.298598,54.612276,On or near Lisanelly Heights,anti-social-behaviour
2025-11,-7.300044,54.606437,On or near Mountjoy Road,anti-social-behaviour
2025-11,-7.306331,54.598927,On or near Cunningham Terrace,anti-social-behaviour
2025-11,-7.299858,54.612778,On or near Lisanelly Heights,anti-social-behaviour
2025-11,-7.30162,54.602116,On or near Drumragh Avenue,burglary
2025-11,-7.300668,54.604374,On or near Mountjoy Road,criminal-damage-arson
2025-11,-7.304073,54.602534,On or near Sedan Avenue,criminal-damage-arson
2025-11,-7.304772,54.599645,On or near ,criminal-damage-arson
2025-11,-7.300044,54.606437,On or near Mountjoy Road,criminal-damage-arson
2025-11,-7.299491,54.604403,On or near Old Mountfield Road,criminal-damage-arson
2025-11,-7.300044,54.606437,On or near Mountjoy Road,drugs
2025-11,-7.307208,54.599228,On or near James Street,drugs
2025-11,-7.297777,54.6114,On or near Lisanelly Heights,drugs
2025-11,-7.313276,54.611938,On or near Meelmore Drive,other-theft
2025-11,-7.30162,54.602116,On or near Drumragh Avenue,robbery
2025-11,-7.299858,54.612778,On or near Lisanelly Heights,shoplifting
2025-11,-7.305876,54.599319,On or near John Street,theft-from-the-person
2025-11,-7.305876,54.599319,On or near John Street,violent-crime
2025-11,-7.302011,54.600025,On or near High Street,violent-crime
2025-11,-7.299858,54.612778,On or near Lisanelly Heights,violent-crime
2025-11,-7.300044,54.606437,On or near Mountjoy Road,violent-crime
2025-11,-7.304073,54.602534,On or near Sedan Avenue,violent-crime
2025-11,-7.298598,54.612276,On or near Lisanelly Heights,violent-crime
2025-11,-7.303976,54.600036,On or near High Street,violent-crime
2025-11,-7.306331,54.598927,On or near Cunningham Terrace,other-crime
2025-11,-6.257431,54.543624,On or near Aghalee Road,anti-social-behaviour
2025-11,-6.203206,54.542202,On or near Meadow Close,vehicle-crime
2025-11,-6.204425,54.539785,On or near North Street,violent-crime
2025-11,-6.255917,54.546523,On or near Hunters Chase,violent-crime
2025-11,-6.259211,54.544288,On or near Portmore Lea,violent-crime
2025-11,-6.074057,54.522666,On or near Edenvale Gardens,anti-social-behaviour
2025-11,-6.085406,54.520115,On or near Hollyburn,anti-social-behaviour
2025-11,-6.077607,54.518123,On or near ,anti-social-behaviour
2025-11,-6.085498,54.520782,On or near Hollyburn,anti-social-behaviour
2025-11,-6.083211,54.522785,On or near Limetree Lodge,anti-social-behaviour
2025-11,-6.074057,54.522666,On or near Edenvale Gardens,criminal-damage-arson
2025-11,-6.076658,54.523211,On or near Beechwood Grove,criminal-damage-arson
2025-11,-6.086773,54.515986,On or near Brokerstown Road,other-theft
2025-11,-6.074057,54.522666,On or near Edenvale Gardens,violent-crime
2025-11,-6.086773,54.515986,On or near Brokerstown Road,violent-crime
2025-11,-6.080696,54.523383,On or near Rathvarna Gardens,violent-crime
2025-11,-5.925697,54.546421,On or near Greer Park Avenue,anti-social-behaviour
2025-11,-5.920466,54.548982,On or near Beechwood Grove,anti-social-behaviour
2025-11,-5.902792,54.53829,On or near ,criminal-damage-arson
2025-11,-5.920189,54.544404,On or near Purdysburn Road,criminal-damage-arson
2025-11,-5.924032,54.545737,On or near Bests Hill Lane,drugs
2025-11,-5.920466,54.548982,On or near Beechwood Grove,other-theft
2025-11,-5.920466,54.548982,On or near Beechwood Grove,shoplifting
2025-11,-5.908951,54.536608,On or near ,vehicle-crime
2025-11,-5.923682,54.546234,On or near Greer Park Avenue,vehicle-crime
2025-11,-5.906322,54.539357,On or near ,violent-crime
2025-11,-5.925697,54.546421,On or near Greer Park Avenue,violent-crime
2025-11,-6.039218,54.50481,On or near ,anti-social-behaviour
2025-11,-6.068455,54.487895,On or near Eglantine Road,anti-social-behaviour
2025-11,-6.058084,54.49179,On or near ,anti-social-behaviour
2025-11,-6.042452,54.501107,On or near Hillsborough Old Road,drugs
2025-11,-6.058213,54.496231,On or near Rivergate Lane,other-theft
2025-11,-6.068455,54.487895,On or near Eglantine Road,shoplifting
2025-11,-6.037898,54.506577,On or near Hillsborough Old Road,violent-crime
2025-11,-6.053608,54.496022,On or near Springburn Park,violent-crime
2025-11,-6.042452,54.501107,On or near Hillsborough Old Road,other-crime
2025-11,-5.893158,54.546514,On or near Laurelgrove Crescent,anti-social-behaviour
2025-11,-5.894603,54.549675,On or near Rossdale Road,anti-social-behaviour
2025-11,-5.888239,54.546303,On or near ,violent-crime
2025-11,-5.784026,54.591251,On or near ,anti-social-behaviour
2025-11,-5.776486,54.592182,On or near Old Mill Grove,anti-social-behaviour
2025-11,-5.780494,54.591896,On or near Old Mill Park,anti-social-behaviour
2025-11,-5.784748,54.591345,On or near Rosneath Gardens,burglary
2025-11,-5.784836,54.593701,On or near ,criminal-damage-arson
2025-11,-5.791292,54.599067,On or near Lambert Avenue,other-theft
2025-11,-5.768938,54.590147,On or near ,other-theft
2025-11,-5.878951,54.51799,On or near ,anti-social-behaviour
2025-11,-5.885021,54.514403,On or near Killynure Way,anti-social-behaviour
2025-11,-5.885125,54.52286,On or near Baronscourt Drive,anti-social-behaviour
2025-11,-5.891491,54.509323,On or near Winchester Park,anti-social-behaviour
2025-11,-5.890146,54.509362,On or near Winchester Road,anti-social-behaviour
2025-11,-5.878951,54.51799,On or near ,burglary
2025-11,-5.886942,54.52176,On or near Danesfort Park,drugs
2025-11,-5.885225,54.518234,On or near Edgar Avenue,shoplifting
2025-11,-5.884715,54.514047,On or near Killynure Gardens,violent-crime
2025-11,-5.890689,54.508707,On or near Winchester Road,violent-crime
2025-11,-5.883535,54.515069,On or near Killynure Crescent,violent-crime
2025-11,-5.896686,54.511902,On or near Glennor Crescent East,anti-social-behaviour
2025-11,-5.915867,54.522792,On or near Mealough Road,anti-social-behaviour
2025-11,-5.896845,54.509416,On or near Oakwood Avenue,violent-crime
2025-11,-6.016179,54.541183,On or near ,anti-social-behaviour
2025-11,-6.046999,54.542008,On or near Milltown Avenue,anti-social-behaviour
2025-11,-6.045425,54.540994,On or near Milltown Avenue,anti-social-behaviour
2025-11,-6.031369,54.54312,On or near Derriaghy Road,anti-social-behaviour
2025-11,-6.022629,54.539779,On or near Killeaton Park,anti-social-behaviour
2025-11,-6.018904,54.541704,On or near Colinview,anti-social-behaviour
2025-11,-6.036191,54.5431,On or near ,burglary
2025-11,-6.013257,54.541521,On or near Hazel Avenue,criminal-damage-arson
2025-11,-6.011818,54.544094,On or near Rowan Drive,criminal-damage-arson
2025-11,-6.011601,54.546346,On or near ,vehicle-crime
2025-11,-6.025333,54.540416,On or near Killeaton Gardens,vehicle-crime
2025-11,-6.011818,54.544094,On or near Rowan Drive,violent-crime
2025-11,-6.067394,54.40306,On or near ,anti-social-behaviour
2025-11,-6.058337,54.416105,On or near Drumaknocken Road South,anti-social-behaviour
2025-11,-6.017968,54.379832,On or near Dromore Street,anti-social-behaviour
2025-11,-6.017247,54.378499,On or near Rathfriland Road,anti-social-behaviour
2025-11,-6.017614,54.378882,On or near Woodvale Avenue,criminal-damage-arson
2025-11,-6.017247,54.378499,On or near Rathfriland Road,shoplifting
2025-11,-5.963673,54.404491,On or near ,violent-crime
2025-11,-6.017077,54.385531,On or near Hillsborough Road,violent-crime
2025-11,-6.014701,54.377684,On or near Brompton Court,violent-crime
2025-11,-5.942134,54.517402,On or near ,criminal-damage-arson
2025-11,-5.957375,54.514354,On or near Titterington Gardens,drugs
2025-11,-5.942134,54.517402,On or near ,violent-crime
2025-11,-5.807505,54.59486,On or near Upper Newtownards Road,anti-social-behaviour
2025-11,-5.811046,54.597224,On or near ,anti-social-behaviour
2025-11,-5.815842,54.594355,On or near Galway Park,anti-social-behaviour
2025-11,-5.799273,54.600012,On or near Grangewood Crescent,other-theft
2025-11,-5.803081,54.6,On or near Grangewood Manor,vehicle-crime
2025-11,-5.811046,54.597224,On or near ,violent-crime
2025-11,-5.807505,54.59486,On or near Upper Newtownards Road,violent-crime
2025-11,-5.80195,54.598299,On or near Ballyregan Avenue,violent-crime
2025-11,-5.905309,54.563645,On or near Glencregagh Road,anti-social-behaviour
2025-11,-5.902382,54.562839,On or near Glencregagh Road,violent-crime
2025-11,-6.215541,54.595897,On or near ,anti-social-behaviour
2025-11,-6.21334,54.597041,On or near Gobrana Road,anti-social-behaviour
2025-11,-6.215541,54.595897,On or near ,criminal-damage-arson
2025-11,-6.21334,54.597041,On or near Gobrana Road,possession-of-weapons
2025-11,-6.214104,54.592668,On or near Old Forge,vehicle-crime
2025-11,-6.21334,54.597041,On or near Gobrana Road,violent-crime
2025-11,-6.217742,54.588742,On or near Glen Road,violent-crime
2025-11,-5.793397,54.593058,On or near Brooklands Gardens,anti-social-behaviour
2025-11,-5.808569,54.592049,On or near Motte Lodge,anti-social-behaviour
2025-11,-5.802018,54.595605,On or near Cherryhill Road,anti-social-behaviour
2025-11,-5.805676,54.594638,On or near Upper Newtownards Road,anti-social-behaviour
2025-11,-5.811366,54.589521,On or near Moatview Park,anti-social-behaviour
2025-11,-5.801218,54.593802,On or near Burton Avenue,criminal-damage-arson
2025-11,-5.801218,54.593802,On or near Burton Avenue,drugs
2025-11,-5.801894,54.59474,On or near Upper Newtownards Road,other-theft
2025-11,-5.801218,54.593802,On or near Burton Avenue,shoplifting
2025-11,-5.802018,54.595605,On or near Cherryhill Road,shoplifting
2025-11,-5.793397,54.593058,On or near Brooklands Gardens,violent-crime
2025-11,-5.792405,54.593372,On or near Brooklands Gardens,violent-crime
2025-11,-5.804493,54.594464,On or near Upper Newtownards Road,violent-crime
2025-11,-5.794241,54.593487,On or near Brooklands Avenue,violent-crime
2025-11,-5.796284,54.594324,On or near Craignish Crescent,violent-crime
2025-11,-6.032939,54.519156,On or near Belfast Road,drugs
2025-11,-6.04013,54.525409,On or near Beechpark,violent-crime
2025-11,-6.03261,54.52792,On or near Moss Road,violent-crime
2025-11,-6.048497,54.510639,On or near Market Place,anti-social-behaviour
2025-11,-6.046537,54.510275,On or near Haslems Lane,anti-social-behaviour
2025-11,-6.025582,54.519593,On or near Hilden Court,anti-social-behaviour
2025-11,-6.046777,54.509784,On or near Smithfield,anti-social-behaviour
2025-11,-6.032504,54.51374,On or near Parkview,anti-social-behaviour
2025-11,-6.029174,54.514908,On or near Low Road,anti-social-behaviour
2025-11,-6.028355,54.517805,On or near Delacherois Avenue,anti-social-behaviour
2025-11,-6.026153,54.517671,On or near Grand Street,anti-social-behaviour
2025-11,-6.049043,54.510513,On or near ,anti-social-behaviour
2025-11,-6.043742,54.512557,On or near Railway Street,anti-social-behaviour
2025-11,-6.042678,54.510895,On or near Market Square,anti-social-behaviour
2025-11,-6.028722,54.515323,On or near Grand Street,anti-social-behaviour
2025-11,-6.044693,54.508484,On or near Ivan Street,anti-social-behaviour
2025-11,-6.042744,54.513071,On or near Wallace Avenue,anti-social-behaviour
2025-11,-6.027733,54.516618,On or near East Down View,anti-social-behaviour
2025-11,-6.047962,54.509543,On or near Market Place,anti-social-behaviour
2025-11,-6.049774,54.510731,On or near Chapel Hill,anti-social-behaviour
2025-11,-6.042839,54.51141,On or near Market Square,anti-social-behaviour
2025-11,-6.030188,54.514709,On or near Barley Hill,anti-social-behaviour
2025-11,-6.048497,54.510639,On or near Market Place,burglary
2025-11,-6.046537,54.510275,On or near Haslems Lane,criminal-damage-arson
2025-11,-6.045273,54.512186,On or near Wardsborough Road,criminal-damage-arson
2025-11,-6.04467,54.507666,On or near Ivan Street,criminal-damage-arson
2025-11,-6.04846,54.512372,On or near Mckeown Street,criminal-damage-arson
2025-11,-6.040188,54.510343,On or near Bridge Street,criminal-damage-arson
2025-11,-6.0354,54.514533,On or near Wesley Street,drugs
2025-11,-6.034101,54.513622,On or near Roseville Park,drugs
2025-11,-6.04846,54.512372,On or near Mckeown Street,drugs
2025-11,-6.025582,54.519593,On or near Hilden Court,drugs
2025-11,-6.025782,54.521852,On or near Glenmore Drive,drugs
2025-11,-6.029736,54.518951,On or near Lawnmount Crescent,drugs
2025-11,-6.037355,54.514025,On or near Seymour Street,drugs
2025-11,-6.048497,54.510639,On or near Market Place,drugs
2025-11,-6.047962,54.509543,On or near Market Place,other-theft
2025-11,-6.027146,54.515027,On or near Grovehill Avenue,other-theft
2025-11,-6.023766,54.519132,On or near Hilden Court,other-theft
2025-11,-6.037355,54.514025,On or near Seymour Street,possession-of-weapons
2025-11,-6.045402,54.511092,On or near Market Square,shoplifting
2025-11,-6.046537,54.510275,On or near Haslems Lane,shoplifting
2025-11,-6.046705,54.511284,On or near Bow Street,shoplifting
2025-11,-6.052099,54.511829,On or near Ridgeway Street,shoplifting
2025-11,-6.027733,54.516618,On or near East Down View,shoplifting
2025-11,-6.049774,54.510731,On or near Chapel Hill,shoplifting
2025-11,-6.047732,54.511444,On or near Bow Street,shoplifting
2025-11,-6.023766,54.519132,On or near Hilden Court,violent-crime
2025-11,-6.029174,54.514908,On or near Low Road,violent-crime
2025-11,-6.037355,54.514025,On or near Seymour Street,violent-crime
2025-11,-6.040704,54.511178,On or near ,violent-crime
2025-11,-6.042678,54.510895,On or near Market Square,violent-crime
2025-11,-6.030026,54.518381,On or near Lawnmount Crescent,violent-crime
2025-11,-6.030188,54.514709,On or near Barley Hill,violent-crime
2025-11,-6.033149,54.51287,On or near Roseville Walk,violent-crime
2025-11,-6.026841,54.517188,On or near Grand Street,violent-crime
2025-11,-6.030075,54.513835,On or near Barley Hill,violent-crime
2025-11,-6.046777,54.509784,On or near Smithfield,violent-crime
2025-11,-6.043744,54.511218,On or near Market Lane,violent-crime
2025-11,-6.045229,54.507594,On or near Nicholson Gardens,violent-crime
2025-11,-6.029736,54.518951,On or near Lawnmount Crescent,violent-crime
2025-11,-6.04502,54.510367,On or near Market Street,other-crime
2025-11,-6.030188,54.514709,On or near Barley Hill,other-crime
2025-11,-6.025222,54.508805,On or near Hillhall Road,anti-social-behaviour
2025-11,-6.021216,54.50511,On or near Mount Royal,anti-social-behaviour
2025-11,-6.023356,54.505235,On or near ,anti-social-behaviour
2025-11,-6.022173,54.508953,On or near Burn Brae Avenue,anti-social-behaviour
2025-11,-6.029295,54.511127,On or near Ashmount Gardens,criminal-damage-arson
2025-11,-6.025764,54.507817,On or near M1,criminal-damage-arson
2025-11,-6.030953,54.508755,On or near Saintfield Park,drugs
2025-11,-6.006806,54.518539,On or near ,other-theft
2025-11,-6.02477,54.511781,On or near ,violent-crime
2025-11,-6.08305,54.462916,On or near Main Street,anti-social-behaviour
2025-11,-6.068228,54.438699,On or near ,burglary
2025-11,-6.075036,54.4641,On or near Dunbeg Gardens,criminal-damage-arson
2025-11,-6.084801,54.45944,On or near Park Street,criminal-damage-arson
2025-11,-6.084801,54.45944,On or near Park Street,drugs
2025-11,-6.083827,54.462147,On or near Church Lane,violent-crime
2025-11,-6.084801,54.45944,On or near Park Street,violent-crime
2025-11,-6.082857,54.506939,On or near ,anti-social-behaviour
2025-11,-6.084149,54.514641,On or near Knockdarragh Park,anti-social-behaviour
2025-11,-6.068082,54.514449,On or near Causeway Meadows,anti-social-behaviour
2025-11,-6.08962,54.513219,On or near Ballinderry Road,anti-social-behaviour
2025-11,-6.089674,54.510407,On or near Ferguson Drive,anti-social-behaviour
2025-11,-6.093187,54.514218,On or near Ballinderry Road,drugs
2025-11,-6.082857,54.506939,On or near ,drugs
2025-11,-6.083267,54.509057,On or near ,other-theft
2025-11,-6.100451,54.514081,On or near ,violent-crime
2025-11,-6.084149,54.514641,On or near Knockdarragh Park,violent-crime
2025-11,-6.067969,54.516504,On or near Drumard Crescent,violent-crime
2025-11,-6.187037,54.505024,On or near Glen View,anti-social-behaviour
2025-11,-6.218972,54.478599,On or near Berwick View,anti-social-behaviour
2025-11,-6.18738,54.504616,On or near Glen View,anti-social-behaviour
2025-11,-6.154938,54.489983,On or near Damhead Road,burglary
2025-11,-6.220897,54.482581,On or near St. Johns Park,criminal-damage-arson
2025-11,-6.207569,54.496247,On or near Lisnabilla Road,other-theft
2025-11,-6.207569,54.496247,On or near Lisnabilla Road,shoplifting
2025-11,-6.185762,54.503137,On or near The Meadows,violent-crime
2025-11,-6.187658,54.469733,On or near Laganview Terrace,violent-crime
2025-11,-6.160562,54.475065,On or near Laverys Bridge Road,violent-crime
2025-11,-6.047749,54.504939,On or near Elmwood Drive,anti-social-behaviour
2025-11,-6.052945,54.502489,On or near Woodside,anti-social-behaviour
2025-11,-6.058297,54.500329,On or near Blaris Park,anti-social-behaviour
2025-11,-6.056002,54.502485,On or near Beechland Drive,anti-social-behaviour
2025-11,-6.048572,54.503219,On or near Hillsborough Road,anti-social-behaviour
2025-11,-6.056872,54.500756,On or near Woodland Park,anti-social-behaviour
2025-11,-6.053518,54.503433,On or near Ashlea Place,anti-social-behaviour
2025-11,-6.050765,54.506444,On or near ,anti-social-behaviour
2025-11,-6.060384,54.501234,On or near Avonmore Park,anti-social-behaviour
2025-11,-6.059457,54.499638,On or near Avonmore Park,anti-social-behaviour
2025-11,-6.056,54.503176,On or near Ashlea Place,anti-social-behaviour
2025-11,-6.052521,54.503291,On or near Beechland Walk,burglary
2025-11,-6.047399,54.506129,On or near Hillsborough Road,criminal-damage-arson
2025-11,-6.054105,54.502769,On or near Ashgrove Park,criminal-damage-arson
2025-11,-6.056,54.503176,On or near Ashlea Place,criminal-damage-arson
2025-11,-6.05466,54.503433,On or near Ashlea Place,criminal-damage-arson
2025-11,-6.052945,54.502489,On or near Woodside,criminal-damage-arson
2025-11,-6.048572,54.503219,On or near Hillsborough Road,other-theft
2025-11,-6.047749,54.504939,On or near Elmwood Drive,other-theft
2025-11,-6.048572,54.503219,On or near Hillsborough Road,shoplifting
2025-11,-6.050765,54.506444,On or near ,violent-crime
2025-11,-6.058183,54.498827,On or near Avonmore Park,violent-crime
2025-11,-6.056002,54.502485,On or near Beechland Drive,violent-crime
2025-11,-6.056004,54.503419,On or near Ashlea Place,violent-crime
2025-11,-6.059457,54.499638,On or near Avonmore Park,violent-crime
2025-11,-6.009789,54.543881,On or near Elm Corner,anti-social-behaviour
2025-11,-6.016546,54.539023,On or near River Mews,anti-social-behaviour
2025-11,-6.010298,54.542946,On or near Hazel Avenue,anti-social-behaviour
2025-11,-6.007646,54.545032,On or near Yew Tree Walk,anti-social-behaviour
2025-11,-6.011265,54.544346,On or near ,anti-social-behaviour
2025-11,-6.013243,54.540533,On or near Glenwood Row,anti-social-behaviour
2025-11,-6.008583,54.545478,On or near Hawthorn Park,other-theft
2025-11,-6.01624,54.523367,On or near ,other-theft
2025-11,-6.020118,54.527168,On or near Green Lane,vehicle-crime
2025-11,-6.00577,54.54041,On or near Maple Crescent,vehicle-crime
2025-11,-6.004625,54.541073,On or near Maple Crescent,vehicle-crime
2025-11,-6.010671,54.544498,On or near Elm Corner,violent-crime
2025-11,-6.007945,54.539214,On or near Riverbank,violent-crime
2025-11,-6.063576,54.512409,On or near Rathmore Park,anti-social-behaviour
2025-11,-6.062621,54.516275,On or near Prince William Road,anti-social-behaviour
2025-11,-6.058467,54.513998,On or near Hillside Gardens,anti-social-behaviour
2025-11,-6.058509,54.51213,On or near Derrin Place,bicycle-theft
2025-11,-6.054684,54.511718,On or near ,drugs
2025-11,-6.065107,54.516935,On or near Thornleigh Park,other-theft
2025-11,-6.058467,54.513998,On or near Hillside Gardens,shoplifting
2025-11,-6.063871,54.516942,On or near Thornleigh Park,violent-crime
2025-11,-6.140564,54.499628,On or near Moira Road,anti-social-behaviour
2025-11,-6.192257,54.509883,On or near Willow Lodge,anti-social-behaviour
2025-11,-6.142789,54.491415,On or near Halfpenny Gate Road,anti-social-behaviour
2025-11,-6.185086,54.506541,On or near Maghaberry Manor,criminal-damage-arson
2025-11,-6.192257,54.509883,On or near Willow Lodge,criminal-damage-arson
2025-11,-6.140564,54.499628,On or near Moira Road,drugs
2025-11,-6.185086,54.506541,On or near Maghaberry Manor,other-theft
2025-11,-6.192257,54.509883,On or near Willow Lodge,violent-crime
2025-11,-6.140564,54.499628,On or near Moira Road,violent-crime
2025-11,-6.193247,54.509852,On or near Willow Lodge,violent-crime
2025-11,-6.192257,54.509883,On or near Willow Lodge,other-crime
2025-11,-6.0331,54.530264,On or near Hillview Gardens,anti-social-behaviour
2025-11,-6.039636,54.527989,On or near Oakridge Crescent,anti-social-behaviour
2025-11,-6.03724,54.528337,On or near Mountview Drive,other-crime
2025-11,-6.090186,54.483883,On or near Halftown Road,anti-social-behaviour
2025-11,-6.232495,54.480586,On or near Castlevue Park,anti-social-behaviour
2025-11,-6.230421,54.479666,On or near Castlevue Gardens,criminal-damage-arson
2025-11,-6.23463,54.479018,On or near Old Kilmore Road,other-theft
2025-11,-6.23819,54.473715,On or near Laganvale Mews,public-order
2025-11,-6.232495,54.480586,On or near Castlevue Park,violent-crime
2025-11,-5.911629,54.555559,On or near ,criminal-damage-arson
2025-11,-5.912483,54.555484,On or near Breda Road,violent-crime
2025-11,-5.916207,54.55642,On or near ,violent-crime
2025-11,-5.912801,54.551986,On or near Lenaghan Crescent,violent-crime
2025-11,-6.060024,54.507212,On or near Jubilee Avenue,anti-social-behaviour
2025-11,-6.057888,54.50601,On or near Warrenmount,anti-social-behaviour
2025-11,-6.059745,54.502338,On or near ,anti-social-behaviour
2025-11,-6.068698,54.507926,On or near Moira Road,drugs
2025-11,-6.060872,54.507235,On or near Windsor Avenue,other-theft
2025-11,-6.059864,54.507659,On or near Jubilee Place,vehicle-crime
2025-11,-6.074633,54.508794,On or near Hertford Crescent,violent-crime
2025-11,-6.060126,54.507672,On or near Jubilee Place,violent-crime
2025-11,-6.062706,54.504048,On or near ,violent-crime
2025-11,-6.059864,54.507659,On or near Jubilee Place,violent-crime
2025-11,-6.073061,54.5084,On or near Ballyknocken Park,violent-crime
2025-11,-6.029542,54.474868,On or near ,anti-social-behaviour
2025-11,-6.009559,54.453668,On or near The New Road,anti-social-behaviour
2025-11,-6.070068,54.469699,On or near Carnreagh,burglary
2025-11,-6.067615,54.466435,On or near Downshire Crescent,burglary
2025-11,-6.090234,54.589024,On or near Ballymacward Road,anti-social-behaviour
2025-11,-6.067997,54.597638,On or near Tornagrough Road,anti-social-behaviour
2025-11,-6.089793,54.576636,On or near ,anti-social-behaviour
2025-11,-6.090881,54.602323,On or near Sycamore Road,burglary
2025-11,-6.067997,54.597638,On or near Tornagrough Road,criminal-damage-arson
2025-11,-6.090234,54.589024,On or near Ballymacward Road,drugs
2025-11,-6.089793,54.576636,On or near ,drugs
2025-11,-6.115547,54.547085,On or near Ballyclough Road,drugs
2025-11,-6.089793,54.576636,On or near ,other-theft
2025-11,-6.126182,54.617807,On or near Dundrod Road,violent-crime
2025-11,-6.146069,54.579488,On or near Ballynacoy Road,violent-crime
2025-11,-6.090234,54.589024,On or near Ballymacward Road,other-crime
2025-11,-6.049408,54.513538,On or near Antrim Street,anti-social-behaviour
2025-11,-6.045871,54.513229,On or near Bachelors Walk,anti-social-behaviour
2025-11,-6.055107,54.519703,On or near ,anti-social-behaviour
2025-11,-6.050932,54.515916,On or near Clonevin Park,criminal-damage-arson
2025-11,-6.045871,54.513229,On or near Bachelors Walk,criminal-damage-arson
2025-11,-6.045871,54.513229,On or near Bachelors Walk,drugs
2025-11,-6.044499,54.513512,On or near Railway Street,shoplifting
2025-11,-6.050932,54.515916,On or near Clonevin Park,violent-crime
2025-11,-6.053501,54.518078,On or near Bellevue Park,violent-crime
2025-11,-6.045871,54.513229,On or near Bachelors Walk,violent-crime
2025-11,-6.051864,54.527468,On or near Magheralave Court,other-crime
2025-11,-6.293738,54.870029,On or near Cullybackey Road,violent-crime
2025-11,-6.284084,54.858195,On or near Leighinmohr Avenue,anti-social-behaviour
2025-11,-6.290524,54.856534,On or near Grangegorm Drive,anti-social-behaviour
2025-11,-6.295538,54.848807,On or near Rosses Stables,anti-social-behaviour
2025-11,-6.291809,54.85746,On or near Grangegorm Drive,other-theft
2025-11,-6.290524,54.856534,On or near Grangegorm Drive,violent-crime
2025-11,-6.280881,54.84453,On or near Clarehill,anti-social-behaviour
2025-11,-6.268728,54.85459,On or near Wilson Crescent,anti-social-behaviour
2025-11,-6.260997,54.851138,On or near Pennybridge Industrial Estate,anti-social-behaviour
2025-11,-6.273832,54.857214,On or near Wakehurst Park,anti-social-behaviour
2025-11,-6.272525,54.846271,On or near ,anti-social-behaviour
2025-11,-6.274376,54.851418,On or near Shanlieve,burglary
2025-11,-6.277105,54.858258,On or near Queen Street,criminal-damage-arson
2025-11,-6.277645,54.852166,On or near Kirkwood Manor,criminal-damage-arson
2025-11,-6.269098,54.849942,On or near Lanntara,drugs
2025-11,-6.277105,54.858258,On or near Queen Street,drugs
2025-11,-6.272525,54.846271,On or near ,drugs
2025-11,-6.272207,54.842053,On or near Ross Park,public-order
2025-11,-6.274648,54.848332,On or near Antrim Road,vehicle-crime
2025-11,-6.271552,54.852636,On or near Lettercreeve,vehicle-crime
2025-11,-6.274224,54.85315,On or near Lettercreeve,violent-crime
2025-11,-6.278159,54.85361,On or near Toome Road,violent-crime
2025-11,-6.28203,54.851195,On or near Camphill Park,violent-crime
2025-11,-6.275549,54.849459,On or near Old Antrim Road,violent-crime
2025-11,-6.260997,54.851138,On or near Pennybridge Industrial Estate,violent-crime
2025-11,-5.777021,54.808664,On or near Craigstown Meadow,anti-social-behaviour
2025-11,-5.830727,54.801846,On or near Gleno Village,other-theft
2025-11,-5.777934,54.809597,On or near ,violent-crime
2025-11,-6.260549,54.859019,On or near Inchkeith Road,anti-social-behaviour
2025-11,-6.252973,54.857742,On or near Knockeen Road,anti-social-behaviour
2025-11,-6.259168,54.857436,On or near Meadowvale,anti-social-behaviour
2025-11,-6.254299,54.859837,On or near Shetland Gardens,anti-social-behaviour
2025-11,-6.265422,54.859421,On or near Barra Drive,anti-social-behaviour
2025-11,-6.264263,54.855209,On or near Chichester Park East,anti-social-behaviour
2025-11,-6.269192,54.856834,On or near ,anti-social-behaviour
2025-11,-6.262407,54.854913,On or near Chichester Park East,burglary
2025-11,-6.263426,54.859465,On or near Kintyre Park,criminal-damage-arson
2025-11,-6.264359,54.859864,On or near Barra Drive,criminal-damage-arson
2025-11,-6.261683,54.85908,On or near Kintyre Park,criminal-damage-arson
2025-11,-6.252973,54.857742,On or near Knockeen Road,criminal-damage-arson
2025-11,-6.258289,54.858331,On or near Old Crebilly Road,criminal-damage-arson
2025-11,-6.264359,54.859864,On or near Barra Drive,drugs
2025-11,-6.268649,54.858255,On or near Moat Road,drugs
2025-11,-6.261242,54.857385,On or near Meadowvale,other-theft
2025-11,-6.251798,54.859702,On or near Staffa Drive,violent-crime
2025-11,-6.253873,54.863586,On or near Stroma Drive,violent-crime
2025-11,-6.263891,54.858061,On or near Inchcolm Avenue,violent-crime
2025-11,-6.268649,54.858255,On or near Moat Road,violent-crime
2025-11,-6.27019,54.857908,On or near Chichester Park Central,violent-crime
2025-11,-6.260549,54.859019,On or near Inchkeith Road,violent-crime
2025-11,-6.265942,54.859258,On or near Barra Drive,violent-crime
2025-11,-6.252973,54.857742,On or near Knockeen Road,violent-crime
2025-11,-6.264263,54.855209,On or near Chichester Park East,violent-crime
2025-11,-6.265218,54.855447,On or near Chichester Park East,violent-crime
2025-11,-6.25091,54.862214,On or near Rona Gardens,violent-crime
2025-11,-6.254649,54.861468,On or near Orkney Drive,violent-crime
2025-11,-6.2541,54.862655,On or near Orkney Drive,other-crime
2025-11,-5.784326,54.730034,On or near Regent Avenue,criminal-damage-arson
2025-11,-5.781476,54.725381,On or near St. Colmans Crescent,violent-crime
2025-11,-5.785369,54.730556,On or near Regent Park,violent-crime
2025-11,-6.269089,54.870506,On or near Warden Street,anti-social-behaviour
2025-11,-6.266669,54.873176,On or near Kenvara,anti-social-behaviour
2025-11,-6.267031,54.870189,On or near Warden Street,anti-social-behaviour
2025-11,-6.26465,54.8763,On or near Deramore Crescent,anti-social-behaviour
2025-11,-6.26604,54.872942,On or near Kenvara,anti-social-behaviour
2025-11,-6.257839,54.877074,On or near Brigadie Gardens,drugs
2025-11,-6.257839,54.877074,On or near Brigadie Gardens,violent-crime
2025-11,-6.25783,54.876185,On or near Frys Hollow,violent-crime
2025-11,-6.269089,54.870506,On or near Warden Street,violent-crime
2025-11,-6.263768,54.87362,On or near Broughshane Road,violent-crime
2025-11,-6.25783,54.876185,On or near Frys Hollow,other-crime
2025-11,-6.202934,54.893838,On or near Guide Street,anti-social-behaviour
2025-11,-6.198308,54.894794,On or near Tullymore Road,anti-social-behaviour
2025-11,-6.217109,54.886635,On or near Whinsmoor Park,criminal-damage-arson
2025-11,-6.20685,54.894453,On or near Fir Park,criminal-damage-arson
2025-11,-6.202098,54.892299,On or near Rathkeel Road,criminal-damage-arson
2025-11,-6.209405,54.896935,On or near Knowehead Road,violent-crime
2025-11,-6.231557,54.881986,On or near ,other-crime
2025-11,-6.21539,54.893088,On or near Houston Park,other-crime
2025-11,-5.828134,54.722597,On or near Crossgreen,anti-social-behaviour
2025-11,-5.820457,54.729979,On or near Sandringham Court,violent-crime
2025-11,-5.842087,54.863847,On or near Kylemore Gardens,anti-social-behaviour
2025-11,-5.854194,54.898949,On or near Coast Road,violent-crime
2025-11,-5.851052,54.880089,On or near ,violent-crime
2025-11,-5.991051,54.99206,On or near Bridge Street,anti-social-behaviour
2025-11,-5.988928,54.997021,On or near Largy Road,anti-social-behaviour
2025-11,-5.952557,54.967034,On or near Altmore Walk,anti-social-behaviour
2025-11,-5.993915,54.99448,On or near Gortin Park,drugs
2025-11,-5.990536,54.993301,On or near Herbert Street,violent-crime
2025-11,-5.990681,54.991641,On or near Bridge Street,violent-crime
2025-11,-5.80763,54.715677,On or near North Street,anti-social-behaviour
2025-11,-5.807677,54.71566,On or near Lancasterian Street,anti-social-behaviour
2025-11,-5.801779,54.717961,On or near Mckeens Avenue,anti-social-behaviour
2025-11,-5.811999,54.716394,On or near Thomas Street,anti-social-behaviour
2025-11,-5.818803,54.718305,On or near Elmwood Park,anti-social-behaviour
2025-11,-5.806817,54.715492,On or near ,anti-social-behaviour
2025-11,-5.813928,54.714003,On or near ,anti-social-behaviour
2025-11,-5.809357,54.714145,On or near Essex Street,anti-social-behaviour
2025-11,-5.814829,54.711387,On or near ,anti-social-behaviour
2025-11,-5.80939,54.715269,On or near Lancasterian Street,anti-social-behaviour
2025-11,-5.809479,54.714471,On or near West Street,anti-social-behaviour
2025-11,-5.807456,54.719753,On or near North Road,anti-social-behaviour
2025-11,-5.801779,54.717961,On or near Mckeens Avenue,burglary
2025-11,-5.799654,54.718507,On or near Mckeens Avenue,criminal-damage-arson
2025-11,-5.811405,54.715611,On or near Nelson Street,criminal-damage-arson
2025-11,-5.81171,54.720594,On or near Sunnylands Grove,criminal-damage-arson
2025-11,-5.813701,54.719938,On or near ,criminal-damage-arson
2025-11,-5.809357,54.714145,On or near Essex Street,criminal-damage-arson
2025-11,-5.801779,54.717961,On or near Mckeens Avenue,drugs
2025-11,-5.805448,54.715548,On or near Antrim Street,shoplifting
2025-11,-5.811999,54.716394,On or near Thomas Street,shoplifting
2025-11,-5.822487,54.710958,On or near Rhanbuoy Park,shoplifting
2025-11,-5.820116,54.713207,On or near Wyndway Court,shoplifting
2025-11,-5.813701,54.719938,On or near ,violent-crime
2025-11,-5.81896,54.714516,On or near Westmount Avenue,violent-crime
2025-11,-5.816828,54.716922,On or near ,violent-crime
2025-11,-5.816159,54.70973,On or near Swifts Quay,violent-crime
2025-11,-5.806412,54.716086,On or near Antrim Street,violent-crime
2025-11,-6.275819,54.868688,On or near Thomas Street,anti-social-behaviour
2025-11,-6.27196,54.860575,On or near Castle Gardens,anti-social-behaviour
2025-11,-6.283987,54.864878,On or near Balmoral Avenue,anti-social-behaviour
2025-11,-6.266835,54.864598,On or near Demesne Avenue,anti-social-behaviour
2025-11,-6.277404,54.859269,On or near Queen Street,anti-social-behaviour
2025-11,-6.282021,54.863125,On or near Waveney Road,anti-social-behaviour
2025-11,-6.278525,54.867316,On or near Albert Place,anti-social-behaviour
2025-11,-6.275406,54.867047,On or near ,anti-social-behaviour
2025-11,-6.2771,54.866407,On or near High Street,anti-social-behaviour
2025-11,-6.276141,54.866618,On or near ,anti-social-behaviour
2025-11,-6.280562,54.868863,On or near Mount Street,anti-social-behaviour
2025-11,-6.275379,54.868035,On or near William Street,anti-social-behaviour
2025-11,-6.274178,54.863346,On or near Castle Street,anti-social-behaviour
2025-11,-6.273853,54.86,On or near Waring Street,anti-social-behaviour
2025-11,-6.275118,54.859928,On or near Waring Street,anti-social-behaviour
2025-11,-6.283535,54.865258,On or near Princes Place,anti-social-behaviour
2025-11,-6.282422,54.865071,On or near Hope Street,anti-social-behaviour
2025-11,-6.269446,54.866549,On or near Glenravel Park,anti-social-behaviour
2025-11,-6.271751,54.860006,On or near Moat Road,anti-social-behaviour
2025-11,-6.274902,54.864623,On or near Church Street,anti-social-behaviour
2025-11,-6.273808,54.858867,On or near Casement Street,anti-social-behaviour
2025-11,-6.278889,54.864986,On or near George Street,anti-social-behaviour
2025-11,-6.272986,54.867893,On or near Broughshane Street,anti-social-behaviour
2025-11,-6.267176,54.864621,On or near Demesne Avenue,bicycle-theft
2025-11,-6.275342,54.860156,On or near Alfred Street Place,burglary
2025-11,-6.270209,54.865455,On or near Glenshesk Drive,criminal-damage-arson
2025-11,-6.280692,54.862891,On or near Kinhilt Street,criminal-damage-arson
2025-11,-6.275476,54.86067,On or near James Street,criminal-damage-arson
2025-11,-6.278397,54.862652,On or near Bridge Street,criminal-damage-arson
2025-11,-6.271146,54.86431,On or near ,criminal-damage-arson
2025-11,-6.269187,54.862413,On or near Trostan Avenue,criminal-damage-arson
2025-11,-6.266835,54.864598,On or near Demesne Avenue,criminal-damage-arson
2025-11,-6.277602,54.864123,On or near ,criminal-damage-arson
2025-11,-6.275406,54.867047,On or near ,criminal-damage-arson
2025-11,-6.275819,54.868688,On or near Thomas Street,criminal-damage-arson
2025-11,-6.274894,54.863707,On or near ,criminal-damage-arson
2025-11,-6.271751,54.860006,On or near Moat Road,criminal-damage-arson
2025-11,-6.27196,54.860575,On or near Castle Gardens,criminal-damage-arson
2025-11,-6.270285,54.864773,On or near Glenshesk Drive,criminal-damage-arson
2025-11,-6.277751,54.863182,On or near Prospect Place,drugs
2025-11,-6.277867,54.860838,On or near Patrick Place,drugs
2025-11,-6.278452,54.868294,On or near ,drugs
2025-11,-6.273638,54.866492,On or near Broadway Avenue,drugs
2025-11,-6.274325,54.859162,On or near Larne Street,drugs
2025-11,-6.271491,54.866084,On or near Carnduff Drive,other-theft
2025-11,-6.277404,54.859269,On or near Queen Street,other-theft
2025-11,-6.269187,54.862413,On or near Trostan Avenue,possession-of-weapons
2025-11,-6.274178,54.863346,On or near Castle Street,possession-of-weapons
2025-11,-6.279709,54.863308,On or near Clonavon Terrace,public-order
2025-11,-6.274673,54.867064,On or near Ballymoney Street,shoplifting
2025-11,-6.275554,54.868316,On or near Thomas Street,shoplifting
2025-11,-6.2771,54.866407,On or near High Street,shoplifting
2025-11,-6.272573,54.860808,On or near Edward Street,shoplifting
2025-11,-6.269187,54.862413,On or near Trostan Avenue,shoplifting
2025-11,-6.281327,54.865182,On or near Smithfield Place,shoplifting
2025-11,-6.277404,54.859269,On or near Queen Street,violent-crime
2025-11,-6.275819,54.868688,On or near Thomas Street,violent-crime
2025-11,-6.271001,54.86552,On or near Glenshesk Drive,violent-crime
2025-11,-6.280562,54.868863,On or near Mount Street,violent-crime
2025-11,-6.270209,54.865455,On or near Glenshesk Drive,violent-crime
2025-11,-6.277602,54.864123,On or near ,violent-crime
2025-11,-6.285974,54.865418,On or near Balmoral Avenue,violent-crime
2025-11,-6.269187,54.862413,On or near Trostan Avenue,violent-crime
2025-11,-6.273638,54.866492,On or near Broadway Avenue,violent-crime
2025-11,-6.266835,54.864598,On or near Demesne Avenue,violent-crime
2025-11,-6.281912,54.86643,On or near Cullybackey Road,violent-crime
2025-11,-6.273853,54.86,On or near Waring Street,violent-crime
2025-11,-6.280398,54.862482,On or near Waveney Road,violent-crime
2025-11,-6.275092,54.860179,On or near Alfred Street Place,violent-crime
2025-11,-6.274325,54.859162,On or near Larne Street,violent-crime
2025-11,-6.281327,54.865182,On or near Smithfield Place,violent-crime
2025-11,-6.273763,54.866135,On or near Church Street,violent-crime
2025-11,-6.275118,54.859928,On or near Waring Street,violent-crime
2025-11,-6.27196,54.860575,On or near Castle Gardens,violent-crime
2025-11,-6.279061,54.864251,On or near Galgorm Street,violent-crime
2025-11,-6.279709,54.863308,On or near Clonavon Terrace,violent-crime
2025-11,-6.278488,54.863066,On or near Prospect Place,violent-crime
2025-11,-6.274178,54.863346,On or near Castle Street,violent-crime
2025-11,-6.275733,54.864132,On or near Bridge Street,violent-crime
2025-11,-6.283418,54.866909,On or near Cullybackey Road,other-crime
2025-11,-6.273638,54.866492,On or near Broadway Avenue,other-crime
2025-11,-5.84333,54.856322,On or near Lindara Park,anti-social-behaviour
2025-11,-5.844363,54.862072,On or near Ardclinis Gardens,anti-social-behaviour
2025-11,-5.840734,54.862071,On or near Linn Road,anti-social-behaviour
2025-11,-5.845007,54.858472,On or near Lindara Drive,criminal-damage-arson
2025-11,-5.840734,54.862071,On or near Linn Road,criminal-damage-arson
2025-11,-5.844211,54.85791,On or near Lindara Drive,other-theft
2025-11,-5.840283,54.860589,On or near Linn Road,shoplifting
2025-11,-5.845919,54.860635,On or near Torr Gardens,violent-crime
2025-11,-5.837327,54.857922,On or near Knockdhu Park,violent-crime
2025-11,-5.840445,54.857573,On or near Linn Road,violent-crime
2025-11,-5.841096,54.859373,On or near Bengore Gardens,violent-crime
2025-11,-6.350137,54.889683,On or near ,anti-social-behaviour
2025-11,-6.351109,54.887639,On or near Main Street,violent-crime
2025-11,-6.341194,54.884683,On or near Charcoal Way,violent-crime
2025-11,-6.351932,54.889618,On or near Tobar Park,violent-crime
2025-11,-6.352767,54.88635,On or near ,violent-crime
2025-11,-5.81292,54.85133,On or near ,anti-social-behaviour
2025-11,-5.818716,54.852423,On or near Exchange Road,anti-social-behaviour
2025-11,-5.81617,54.850831,On or near Quay Street,anti-social-behaviour
2025-11,-5.807913,54.85177,On or near Curran Road,anti-social-behaviour
2025-11,-5.816769,54.851273,On or near ,anti-social-behaviour
2025-11,-5.801118,54.846426,On or near ,anti-social-behaviour
2025-11,-5.822696,54.849358,On or near Meadow Park,anti-social-behaviour
2025-11,-5.8223,54.847473,On or near Glynn Road,anti-social-behaviour
2025-11,-5.81549,54.85276,On or near Agnew Street,anti-social-behaviour
2025-11,-5.8223,54.847473,On or near Glynn Road,criminal-damage-arson
2025-11,-5.821131,54.850669,On or near Point Street,criminal-damage-arson
2025-11,-5.823018,54.851188,On or near High Street,drugs
2025-11,-5.823002,54.849175,On or near Glynn Road,drugs
2025-11,-5.809845,54.857501,On or near Glenarm Road,other-theft
2025-11,-5.818128,54.852924,On or near Victoria Road,other-theft
2025-11,-5.800921,54.84804,On or near Fleet Street,other-theft
2025-11,-5.800921,54.84804,On or near Fleet Street,possession-of-weapons
2025-11,-5.819484,54.851466,On or near Main Street,shoplifting
2025-11,-5.816769,54.851273,On or near ,shoplifting
2025-11,-5.800921,54.84804,On or near Fleet Street,violent-crime
2025-11,-5.821622,54.85137,On or near Main Street,violent-crime
2025-11,-5.818716,54.852423,On or near Exchange Road,violent-crime
2025-11,-5.820739,54.848982,On or near ,violent-crime
2025-11,-5.819155,54.85438,On or near Mcgarel Court,violent-crime
2025-11,-5.821355,54.850844,On or near Dunluce Street,violent-crime
2025-11,-5.801703,54.84827,On or near Coastguard Road,violent-crime
2025-11,-5.82533,54.848444,On or near Ilse Court,violent-crime
2025-11,-5.816769,54.851273,On or near ,violent-crime
2025-11,-5.814929,54.850459,On or near Circular Road,violent-crime
2025-11,-5.822975,54.852849,On or near St Johns Place,other-crime
2025-11,-6.26995,54.87404,On or near ,anti-social-behaviour
2025-11,-6.274214,54.881459,On or near Dunvale,anti-social-behaviour
2025-11,-6.275912,54.873074,On or near Glenariff Crescent,anti-social-behaviour
2025-11,-6.278264,54.87308,On or near Holland Park,anti-social-behaviour
2025-11,-6.274908,54.872143,On or near Devenagh Way,anti-social-behaviour
2025-11,-6.269388,54.880977,On or near Dunclug Park,anti-social-behaviour
2025-11,-6.270308,54.880595,On or near Dunclug Park,anti-social-behaviour
2025-11,-6.271023,54.87154,On or near Devenagh Way,bicycle-theft
2025-11,-6.272382,54.870373,On or near Parkway,criminal-damage-arson
2025-11,-6.271892,54.876368,On or near Waveney Brow,criminal-damage-arson
2025-11,-6.272732,54.881501,On or near Dunclug Park,criminal-damage-arson
2025-11,-6.278581,54.87295,On or near Holland Park,criminal-damage-arson
2025-11,-6.276392,54.871679,On or near Devenagh Way,criminal-damage-arson
2025-11,-6.274214,54.881459,On or near Dunvale,criminal-damage-arson
2025-11,-6.274258,54.880786,On or near Dunvale,drugs
2025-11,-6.272382,54.870373,On or near Parkway,drugs
2025-11,-6.274848,54.871001,On or near Devenagh Court,other-theft
2025-11,-6.271751,54.881828,On or near Dunclug Park,possession-of-weapons
2025-11,-6.276577,54.877935,On or near Windsor Walk,violent-crime
2025-11,-6.274095,54.871116,On or near Devenagh Court,violent-crime
2025-11,-6.271159,54.872746,On or near Deerfin Way,violent-crime
2025-11,-6.273709,54.881245,On or near Dunvale,violent-crime
2025-11,-6.276193,54.882179,On or near Dunvale,violent-crime
2025-11,-6.272382,54.870373,On or near Parkway,violent-crime
2025-11,-6.274147,54.873543,On or near Glenariff Crescent,violent-crime
2025-11,-6.270226,54.882157,On or near Dunclug Gardens,violent-crime
2025-11,-6.271892,54.876368,On or near Waveney Brow,other-crime
2025-11,-6.271023,54.87154,On or near Devenagh Way,other-crime
2025-11,-6.321819,54.858929,On or near Fenaghy Road,anti-social-behaviour
2025-11,-6.316441,54.872511,On or near Old Park Road,anti-social-behaviour
2025-11,-6.329811,54.85585,On or near Royal Court,anti-social-behaviour
2025-11,-6.330872,54.853915,On or near Orchard Hill,drugs
2025-11,-6.321819,54.858929,On or near Fenaghy Road,drugs
2025-11,-6.305521,54.85802,On or near Galgorm Road,drugs
2025-11,-6.305521,54.85802,On or near Galgorm Road,violent-crime
2025-11,-5.8391,54.853892,On or near Fairway,anti-social-behaviour
2025-11,-5.827263,54.857967,On or near ,anti-social-behaviour
2025-11,-5.8391,54.853892,On or near Fairway,criminal-damage-arson
2025-11,-5.83737,54.853035,On or near Loran Avenue,criminal-damage-arson
2025-11,-5.839622,54.851691,On or near Hampton Crescent,criminal-damage-arson
2025-11,-5.83955,54.850711,On or near Linn Road,shoplifting
2025-11,-5.84063,54.853524,On or near Greenland Parade,violent-crime
2025-11,-5.839622,54.851691,On or near Hampton Crescent,violent-crime
2025-11,-5.840373,54.852495,On or near Greenland Parade,violent-crime
2025-11,-5.836675,54.853804,On or near Loran Parade,violent-crime
2025-11,-6.179606,54.995874,On or near Glenravel Road,burglary
2025-11,-6.226141,54.962979,On or near Elmhurst Park,violent-crime
2025-11,-6.255931,54.933835,On or near Cushendall Road,violent-crime
2025-11,-6.177529,54.997235,On or near Benvore Park,violent-crime
2025-11,-6.228916,54.84593,On or near Rankinstown Road,anti-social-behaviour
2025-11,-6.234464,54.832265,On or near Liminary Road,anti-social-behaviour
2025-11,-6.095367,54.815822,On or near ,drugs
2025-11,-5.88719,54.700073,On or near Farm Lodge Road,anti-social-behaviour
2025-11,-5.871613,54.693574,On or near ,criminal-damage-arson
2025-11,-5.871908,54.699482,On or near Station Road,drugs
2025-11,-5.870365,54.693408,On or near Knockleigh Drive,other-theft
2025-11,-5.872068,54.696143,On or near Glassillan Grove,other-theft
2025-11,-5.875596,54.696303,On or near Glenkeen Avenue,violent-crime
2025-11,-5.872068,54.696143,On or near Glassillan Grove,violent-crime
2025-11,-5.872804,54.695706,On or near Gortlane Drive,violent-crime
2025-11,-5.868738,54.692202,On or near ,violent-crime
2025-11,-5.871613,54.693574,On or near ,violent-crime
2025-11,-6.412162,54.841853,On or near Carmagrim Lane,anti-social-behaviour
2025-11,-6.350493,54.801618,On or near Whitesides Road,burglary
2025-11,-6.383328,54.82249,On or near ,possession-of-weapons
2025-11,-6.446125,54.815611,On or near Culnafay Road,vehicle-crime
2025-11,-6.426511,54.81234,On or near ,violent-crime
2025-11,-6.394733,54.795429,On or near The Moorlands,violent-crime
2025-11,-6.411889,54.832956,On or near Carnearney Road,violent-crime
2025-11,-6.394733,54.795429,On or near The Moorlands,other-crime
2025-11,-5.850286,54.700008,On or near White Lodge Court,anti-social-behaviour
2025-11,-5.853501,54.697289,On or near Shore Road,anti-social-behaviour
2025-11,-5.840311,54.712248,On or near ,other-theft
2025-11,-5.82829,54.713012,On or near ,shoplifting
2025-11,-5.710701,54.778489,On or near Ballystrudder Gardens,anti-social-behaviour
2025-11,-5.69769,54.786697,On or near ,anti-social-behaviour
2025-11,-5.712107,54.778102,On or near Ballystrudder Gardens,other-theft
2025-11,-5.709654,54.775019,On or near ,violent-crime
2025-11,-6.2146,54.80663,On or near Church Road,anti-social-behaviour
2025-11,-6.21831,54.805391,On or near Crosshill View,anti-social-behaviour
2025-11,-6.222034,54.806281,On or near Maybin Park,anti-social-behaviour
2025-11,-6.212418,54.805681,On or near Rockfield Heights,anti-social-behaviour
2025-11,-6.218727,54.805801,On or near Templemoyle,anti-social-behaviour
2025-11,-6.208706,54.805896,On or near Carncome Road,anti-social-behaviour
2025-11,-6.210559,54.804801,On or near Rockfield Heights,anti-social-behaviour
2025-11,-6.217061,54.80654,On or near Glenaan Park,criminal-damage-arson
2025-11,-6.221436,54.808923,On or near Granville Manor,violent-crime
2025-11,-6.221145,54.807409,On or near Fernisky Terrace,violent-crime
2025-11,-6.211243,54.806212,On or near Main Street,violent-crime
2025-11,-5.772998,54.729656,On or near Edenvale Avenue,anti-social-behaviour
2025-11,-5.772764,54.732508,On or near Beltoy Road,anti-social-behaviour
2025-11,-5.777548,54.728499,On or near ,anti-social-behaviour
2025-11,-5.784919,54.737098,On or near Craigs Road,criminal-damage-arson
2025-11,-5.772746,54.770443,On or near Bellahill Road,drugs
2025-11,-5.773596,54.728094,On or near Higgins Court,violent-crime
2025-11,-5.784919,54.737098,On or near Craigs Road,violent-crime
2025-11,-5.915739,54.784945,On or near ,anti-social-behaviour
2025-11,-5.941205,54.778488,On or near ,anti-social-behaviour
2025-11,-5.947325,54.804342,On or near Upper Ballyboley Road,other-theft
2025-11,-5.869338,54.834193,On or near Belfast Road,other-theft
2025-11,-5.869338,54.834193,On or near Belfast Road,vehicle-crime
2025-11,-5.881665,54.838362,On or near Deerpark Road,vehicle-crime
2025-11,-5.853998,54.843132,On or near Old Forge Manor,vehicle-crime
2025-11,-5.851323,54.851001,On or near ,violent-crime
2025-11,-5.86073,54.840367,On or near Drumahoe Gardens,other-crime
2025-11,-6.302444,54.911216,On or near ,anti-social-behaviour
2025-11,-6.276565,54.884053,On or near Grove Road,anti-social-behaviour
2025-11,-6.332639,54.941623,On or near Kildowney Road,anti-social-behaviour
2025-11,-6.276565,54.884053,On or near Grove Road,burglary
2025-11,-6.276786,54.885448,On or near Parklands,criminal-damage-arson
2025-11,-6.274033,54.88531,On or near The Crescent,drugs
2025-11,-6.276786,54.885448,On or near Parklands,violent-crime
2025-11,-6.300346,54.91364,On or near ,violent-crime
2025-11,-6.302444,54.911216,On or near ,violent-crime
2025-11,-5.789298,54.724832,On or near Churchill Drive,anti-social-behaviour
2025-11,-5.799132,54.719548,On or near Taylors Avenue,anti-social-behaviour
2025-11,-5.798426,54.718826,On or near Mckeens Avenue,anti-social-behaviour
2025-11,-5.797485,54.721873,On or near Barn Road,other-theft
2025-11,-5.796526,54.72438,On or near Coronation Crescent,violent-crime
2025-11,-6.388325,54.902854,On or near ,anti-social-behaviour
2025-11,-6.377773,54.874882,On or near Ballyconnelly Terrace,violent-crime
2025-11,-6.40777,54.898403,On or near Killyless Road,violent-crime
2025-11,-6.28692,54.87066,On or near Kintullagh Court,anti-social-behaviour
2025-11,-6.284799,54.872912,On or near Ballymoney Road,anti-social-behaviour
2025-11,-6.286378,54.871308,On or near Kintullagh Park,anti-social-behaviour
2025-11,-6.284799,54.872912,On or near Ballymoney Road,burglary
2025-11,-6.289335,54.875052,On or near Ballymoney Road,other-theft
2025-11,-6.283881,54.872145,On or near Ballymoney Road,shoplifting
2025-11,-6.283881,54.872145,On or near Ballymoney Road,violent-crime
2025-11,-6.289335,54.875052,On or near Ballymoney Road,other-crime
2025-11,-6.46635,54.875494,On or near Garvaghy Avenue,anti-social-behaviour
2025-11,-6.484155,54.873058,On or near Riverside,anti-social-behaviour
2025-11,-6.430584,54.856916,On or near Tully Road,anti-social-behaviour
2025-11,-6.432725,54.843477,On or near ,anti-social-behaviour
2025-11,-6.478689,54.872999,On or near Clady Road,drugs
2025-11,-6.478689,54.872999,On or near Clady Road,other-theft
2025-11,-6.483346,54.872626,On or near Clady Road,other-theft
2025-11,-6.479379,54.873717,On or near Gortgole Road,shoplifting
2025-11,-6.478689,54.872999,On or near Clady Road,violent-crime
2025-11,-6.469121,54.875134,On or near Hilton Park,violent-crime
2025-11,-6.470376,54.874889,On or near Smyth Crescent,violent-crime
2025-11,-6.088665,54.921724,On or near Lisles Hill Road,burglary
2025-11,-6.178208,54.918769,On or near Clonetrace Road,other-theft
2025-11,-5.810757,54.724458,On or near Salia Avenue,anti-social-behaviour
2025-11,-5.820141,54.72345,On or near The Hollies,anti-social-behaviour
2025-11,-5.821686,54.720387,On or near Town Park,burglary
2025-11,-5.824601,54.720458,On or near ,drugs
2025-11,-5.817199,54.724467,On or near Sunningdale Crescent,violent-crime
2025-11,-5.811807,54.725142,On or near ,violent-crime
2025-11,-5.813151,54.724394,On or near Drumhoy Drive,violent-crime
2025-11,-5.813055,54.721849,On or near Bridewell Drive,violent-crime
2025-11,-5.823949,54.720742,On or near ,violent-crime
2025-11,-5.815184,54.722391,On or near Sandes Court,other-crime
2025-11,-5.816838,54.867861,On or near Seacourt Road,criminal-damage-arson
2025-11,-5.81495,54.85727,On or near ,criminal-damage-arson
2025-11,-5.820374,54.860664,On or near ,violent-crime
2025-11,-5.81896,54.857126,On or near Sallagh Park North,violent-crime
2025-11,-5.791901,54.734916,On or near Broadlands,anti-social-behaviour
2025-11,-5.808077,54.734994,On or near Rockfergus Crescent,violent-crime
2025-11,-5.808735,54.734871,On or near Rockfergus Mews,violent-crime
2025-11,-5.805076,54.729046,On or near Darby Road,violent-crime
2025-11,-5.801295,54.739508,On or near Bashfordsland,violent-crime
2025-11,-5.791901,54.734916,On or near Broadlands,violent-crime
2025-11,-5.713642,54.754751,On or near ,anti-social-behaviour
2025-11,-5.710913,54.754107,On or near Windsor Avenue,anti-social-behaviour
2025-11,-5.710424,54.758096,On or near Ransevyn Court,anti-social-behaviour
2025-11,-5.710387,54.7538,On or near Balmoral Avenue,anti-social-behaviour
2025-11,-5.704899,54.756886,On or near Donegall Avenue,other-theft
2025-11,-5.711127,54.753338,On or near Edward Road,vehicle-crime
2025-11,-5.712266,54.761509,On or near Islandmagee Road,violent-crime
2025-11,-5.706446,54.754534,On or near Marine Parade,violent-crime
2025-11,-5.859753,54.763241,On or near Cairn Road,anti-social-behaviour
2025-11,-5.827365,54.733194,On or near Meadow Hill,shoplifting
2025-11,-5.829369,54.733176,On or near Meadow Hill,violent-crime
2025-11,-5.847476,54.743374,On or near Liberty Road,violent-crime
2025-11,-6.584559,54.588549,On or near ,anti-social-behaviour
2025-11,-6.617537,54.588175,On or near Mountjoy Road,anti-social-behaviour
2025-11,-6.565828,54.606072,On or near Mullanahoe Road,violent-crime
2025-11,-7.161276,54.41743,On or near Mccrea Park,anti-social-behaviour
2025-11,-7.042743,54.468905,On or near Findrum Road,anti-social-behaviour
2025-11,-7.125614,54.434902,On or near Annaloughan Road,drugs
2025-11,-7.131161,54.389071,On or near Old Monaghan Road,other-theft
2025-11,-7.073197,54.431007,On or near Lisnawery Road,other-theft
2025-11,-7.042743,54.468905,On or near Findrum Road,other-theft
2025-11,-7.164345,54.414999,On or near Ferndale,other-theft
2025-11,-7.039722,54.440493,On or near ,violent-crime
2025-11,-6.97749,54.415546,On or near Ravella Road,anti-social-behaviour
2025-11,-6.919095,54.448296,On or near Tirelugan Road,violent-crime
2025-11,-6.974588,54.413329,On or near Mill Street,violent-crime
2025-11,-7.001946,54.470866,On or near Cravenny Road,anti-social-behaviour
2025-11,-6.935166,54.527559,On or near Reclain Road,anti-social-behaviour
2025-11,-6.914734,54.490175,On or near Cabragh Road,other-theft
2025-11,-7.038556,54.479716,On or near Cavey Road,violent-crime
2025-11,-7.036973,54.457172,On or near Pinewood Manor,violent-crime
2025-11,-7.000244,54.461599,On or near Cravenny Road,violent-crime
2025-11,-6.497363,54.764222,On or near Aughrim Lane,anti-social-behaviour
2025-11,-6.573994,54.771598,On or near ,anti-social-behaviour
2025-11,-6.531048,54.743999,On or near Waterfoot Road,anti-social-behaviour
2025-11,-6.574417,54.771063,On or near ,vehicle-crime
2025-11,-6.573994,54.771598,On or near ,violent-crime
2025-11,-6.519113,54.753601,On or near Aughrim Road,violent-crime
2025-11,-6.55653,54.771103,On or near Oak Grove,violent-crime
2025-11,-6.546645,54.744708,On or near Gracefield Road,other-crime
2025-11,-6.770283,54.504352,On or near Irish Street,anti-social-behaviour
2025-11,-6.773289,54.50193,On or near Scotch Street,anti-social-behaviour
2025-11,-6.783568,54.504037,On or near Cloneen,criminal-damage-arson
2025-11,-6.780746,54.502391,On or near Woodburn Crescent,criminal-damage-arson
2025-11,-6.776714,54.504031,On or near Fairmount Park,drugs
2025-11,-6.781341,54.508327,On or near ,drugs
2025-11,-6.78403,54.503574,On or near Ashdene,drugs
2025-11,-6.78097,54.50888,On or near ,drugs
2025-11,-6.785807,54.507168,On or near Mullaghmore Park,drugs
2025-11,-6.773289,54.50193,On or near Scotch Street,drugs
2025-11,-6.786247,54.505843,On or near Ballysaggart Park,possession-of-weapons
2025-11,-6.780717,54.503352,On or near Ballygawley Road,possession-of-weapons
2025-11,-6.779428,54.501552,On or near Woodburn Crescent,shoplifting
2025-11,-6.779594,54.507905,On or near Ardbeg,violent-crime
2025-11,-6.773289,54.50193,On or near Scotch Street,violent-crime
2025-11,-6.767596,54.497703,On or near Ardglena,violent-crime
2025-11,-6.77083,54.504142,On or near Irish Street,violent-crime
2025-11,-6.767763,54.503446,On or near Park Road,violent-crime
2025-11,-6.781587,54.506829,On or near Corrainey Gardens,violent-crime
2025-11,-6.769734,54.505658,On or near Feenys Lane,violent-crime
2025-11,-6.788563,54.506378,On or near Mullaghmore Park,violent-crime
2025-11,-6.786247,54.505843,On or near Ballysaggart Park,violent-crime
2025-11,-6.771336,54.50527,On or near Union Place,other-crime
2025-11,-6.776305,54.503272,On or near ,other-crime
2025-11,-6.517673,54.808708,On or near Main Street,anti-social-behaviour
2025-11,-6.513763,54.840643,On or near ,criminal-damage-arson
2025-11,-6.520651,54.807666,On or near Main Street,drugs
2025-11,-6.512093,54.811146,On or near Beatrice Villas,violent-crime
2025-11,-6.839305,54.351696,On or near Castle Lane,anti-social-behaviour
2025-11,-6.859656,54.338791,On or near Annaghroe Road,anti-social-behaviour
2025-11,-6.809535,54.41637,On or near Rehaghy Road,anti-social-behaviour
2025-11,-6.833544,54.441499,On or near Clogherney Road,burglary
2025-11,-6.782395,54.484835,On or near ,criminal-damage-arson
2025-11,-6.805996,54.447473,On or near Terryglassog Road,criminal-damage-arson
2025-11,-6.882328,54.400203,On or near ,other-theft
2025-11,-6.885078,54.386222,On or near Annaghsallagh Road,other-theft
2025-11,-6.841033,54.352045,On or near Kilgowney Heights,other-theft
2025-11,-6.833544,54.441499,On or near Clogherney Road,violent-crime
2025-11,-6.795937,54.510737,On or near Glebe Park,anti-social-behaviour
2025-11,-6.831998,54.495791,On or near Old Caulfield Road,anti-social-behaviour
2025-11,-6.89263,54.486974,On or near Ballygawyey Road,criminal-damage-arson
2025-11,-6.804746,54.525792,On or near Aghareany Road,drugs
2025-11,-6.850732,54.497004,On or near ,drugs
2025-11,-6.8759,54.486523,On or near Killymoyle Road,other-theft
2025-11,-6.885196,54.529336,On or near ,violent-crime
2025-11,-6.552102,54.778462,On or near Park View,anti-social-behaviour
2025-11,-6.557923,54.778226,On or near Main Street,anti-social-behaviour
2025-11,-6.611365,54.812449,On or near Lurganagoose Road,anti-social-behaviour
2025-11,-6.552204,54.777799,On or near Park View,anti-social-behaviour
2025-11,-6.616057,54.795757,On or near Lurganagoose Road,other-theft
2025-11,-6.615626,54.795626,On or near Clooney Road,other-theft
2025-11,-6.611365,54.812449,On or near Lurganagoose Road,possession-of-weapons
2025-11,-6.557923,54.778226,On or near Main Street,shoplifting
2025-11,-6.556073,54.77824,On or near Bridge Street,violent-crime
2025-11,-6.550613,54.776208,On or near Riverside Gardens,violent-crime
2025-11,-6.556409,54.780607,On or near Millview,violent-crime
2025-11,-6.552204,54.777799,On or near Park View,violent-crime
2025-11,-6.569314,54.817431,On or near ,other-crime
2025-11,-6.57253,54.655572,On or near Ballinderry Bridge Road,anti-social-behaviour
2025-11,-6.660444,54.653791,On or near Drummullan Road,anti-social-behaviour
2025-11,-6.661341,54.649156,On or near Moneyhaw Road,drugs
2025-11,-6.612034,54.6449,On or near Finnobar,other-theft
2025-11,-6.565023,54.636419,On or near Battery Road,violent-crime
2025-11,-6.701296,54.539279,On or near Platers Hill,anti-social-behaviour
2025-11,-6.674979,54.535606,On or near Dernmore Drive,anti-social-behaviour
2025-11,-6.690246,54.535045,On or near Derryowen Place,anti-social-behaviour
2025-11,-6.696805,54.537191,On or near Maplebrook Rise,anti-social-behaviour
2025-11,-6.702606,54.539877,On or near ,anti-social-behaviour
2025-11,-6.703514,54.538036,On or near Ardnasaggart Terrace,anti-social-behaviour
2025-11,-6.701825,54.540623,On or near The Square,anti-social-behaviour
2025-11,-6.703514,54.538036,On or near Ardnasaggart Terrace,burglary
2025-11,-6.687285,54.533431,On or near Collowen,criminal-damage-arson
2025-11,-6.701998,54.542008,On or near Ardnaskea Park,criminal-damage-arson
2025-11,-6.703514,54.538036,On or near Ardnasaggart Terrace,drugs
2025-11,-6.701683,54.534881,On or near Ballynakilly Road,drugs
2025-11,-6.70488,54.538814,On or near Dungannon Road,drugs
2025-11,-6.691836,54.537479,On or near Clonabay,violent-crime
2025-11,-6.692772,54.542026,On or near Innishmore Gardens,violent-crime
2025-11,-6.702903,54.535388,On or near Ballynakilly Road,violent-crime
2025-11,-6.691135,54.537184,On or near Clonabay,violent-crime
2025-11,-6.701683,54.534881,On or near Ballynakilly Road,violent-crime
2025-11,-6.701296,54.539279,On or near Platers Hill,violent-crime
2025-11,-6.690246,54.535045,On or near Derryowen Place,violent-crime
2025-11,-6.689328,54.534756,On or near Altowen Park,violent-crime
2025-11,-6.688526,54.533283,On or near Canal Place,violent-crime
2025-11,-6.694832,54.534618,On or near Knockmoy Park,other-crime
2025-11,-6.74201,54.647632,On or near Union Street,anti-social-behaviour
2025-11,-6.74301,54.648864,On or near Coagh Crescent,anti-social-behaviour
2025-11,-6.735485,54.644725,On or near Woodland Drive,anti-social-behaviour
2025-11,-6.739736,54.646009,On or near Molesworth Road,anti-social-behaviour
2025-11,-6.736736,54.639339,On or near Fountain Court,anti-social-behaviour
2025-11,-6.736276,54.638696,On or near Fountain Court,anti-social-behaviour
2025-11,-6.735112,54.639286,On or near Coolnafranky Park,criminal-damage-arson
2025-11,-6.739736,54.646009,On or near Molesworth Road,drugs
2025-11,-6.735485,54.644725,On or near Woodland Drive,robbery
2025-11,-6.739779,54.645138,On or near ,violent-crime
2025-11,-6.741749,54.646057,On or near Molesworth Road,violent-crime
2025-11,-6.74301,54.648864,On or near Coagh Crescent,violent-crime
2025-11,-6.743705,54.654441,On or near Claggan Park,violent-crime
2025-11,-6.746094,54.652831,On or near Coolreaghs Road,violent-crime
2025-11,-6.742263,54.652989,On or near Moneymore Road,violent-crime
2025-11,-6.744484,54.655303,On or near Claggan Lane,violent-crime
2025-11,-6.740597,54.65175,On or near Dunmore Close,violent-crime
2025-11,-6.735112,54.639286,On or near Coolnafranky Park,violent-crime
2025-11,-6.73477,54.637324,On or near Lomond,violent-crime
2025-11,-6.757276,54.666179,On or near Coolreaghs Road,violent-crime
2025-11,-6.76031,54.632198,On or near Sandholes Road,drugs
2025-11,-6.758395,54.632034,On or near Sandholes Road,drugs
2025-11,-6.76,54.634764,On or near Drumlea Park,violent-crime
2025-11,-6.752393,54.651054,On or near Millburn Close,anti-social-behaviour
2025-11,-6.750923,54.652485,On or near Queens Avenue,anti-social-behaviour
2025-11,-6.75245,54.648189,On or near Burn Road,anti-social-behaviour
2025-11,-6.750067,54.650617,On or near Millburn Park,anti-social-behaviour
2025-11,-6.749926,54.647121,On or near Burn Road,anti-social-behaviour
2025-11,-6.755721,54.648088,On or near Morgans Hill Road,criminal-damage-arson
2025-11,-6.750067,54.650617,On or near Millburn Park,criminal-damage-arson
2025-11,-6.74902,54.651406,On or near Millburn Park,criminal-damage-arson
2025-11,-6.747066,54.647936,On or near Orritor Crescent,criminal-damage-arson
2025-11,-6.75125,54.645868,On or near Parkmount,criminal-damage-arson
2025-11,-6.750111,54.645649,On or near Park Avenue,drugs
2025-11,-6.747965,54.647936,On or near Orritor Crescent,other-theft
2025-11,-6.760132,54.642653,On or near Tullaville,violent-crime
2025-11,-6.747675,54.65282,On or near Northland Gardens,other-crime
2025-11,-6.620081,54.748845,On or near The Willows,criminal-damage-arson
2025-11,-6.649309,54.737657,On or near Lisalbanagh Road,violent-crime
2025-11,-6.602407,54.72179,On or near Ballymoghan Lane,violent-crime
2025-11,-6.622694,54.745074,On or near Thornhill Avenue,violent-crime
2025-11,-6.621889,54.744068,On or near Thornhill Court,violent-crime
2025-11,-6.622763,54.744401,On or near Thornhill Drive,violent-crime
2025-11,-6.813041,54.531075,On or near Pomeroy Road,anti-social-behaviour
2025-11,-6.809019,54.532329,On or near Ivybank Park,anti-social-behaviour
2025-11,-6.777295,54.5399,On or near Cookstown Road,drugs
2025-11,-6.861625,54.568717,On or near Dungororan Road,other-theft
2025-11,-6.777295,54.5399,On or near Cookstown Road,violent-crime
2025-11,-6.813041,54.531075,On or near Pomeroy Road,violent-crime
2025-11,-6.831152,54.558939,On or near ,violent-crime
2025-11,-6.907443,54.55464,On or near Camaghy Road,violent-crime
2025-11,-6.784971,54.79329,On or near St. Patricks Street,anti-social-behaviour
2025-11,-6.787462,54.790566,On or near Glenelly Villas,violent-crime
2025-11,-6.790384,54.795285,On or near Woodland Heights,violent-crime
2025-11,-6.782222,54.796308,On or near Moykeeran Gardens,violent-crime
2025-11,-6.77928,54.792281,On or near Bradley Park,violent-crime
2025-11,-7.173227,54.416039,On or near ,anti-social-behaviour
2025-11,-7.314978,54.376734,On or near Breakly Way,anti-social-behaviour
2025-11,-7.314524,54.377171,On or near Spout Gardens,criminal-damage-arson
2025-11,-7.31819,54.393677,On or near Murley Road,drugs
2025-11,-7.315185,54.376322,On or near Spout Walk,drugs
2025-11,-7.315487,54.376674,On or near Breakly Way,other-theft
2025-11,-7.314524,54.377171,On or near Spout Gardens,possession-of-weapons
2025-11,-7.314978,54.376734,On or near Breakly Way,violent-crime
2025-11,-7.312772,54.37708,On or near Spout Road,violent-crime
2025-11,-7.315185,54.376322,On or near Spout Walk,violent-crime
2025-11,-7.314524,54.377171,On or near Spout Gardens,violent-crime
2025-11,-7.314524,54.377171,On or near Spout Gardens,other-crime
2025-11,-6.607533,54.756068,On or near ,anti-social-behaviour
2025-11,-6.605223,54.755943,On or near ,anti-social-behaviour
2025-11,-6.609476,54.754213,On or near ,anti-social-behaviour
2025-11,-6.610359,54.755642,On or near Rainey Street,anti-social-behaviour
2025-11,-6.611614,54.756636,On or near ,anti-social-behaviour
2025-11,-6.61192,54.753594,On or near ,anti-social-behaviour
2025-11,-6.618944,54.761715,On or near Hazeldene Avenue,anti-social-behaviour
2025-11,-6.614098,54.751238,On or near Highfield Crescent,anti-social-behaviour
2025-11,-6.616324,54.76473,On or near Grange Avenue,anti-social-behaviour
2025-11,-6.613843,54.760048,On or near ,anti-social-behaviour
2025-11,-6.608162,54.755384,On or near Queen Street,anti-social-behaviour
2025-11,-6.608536,54.756259,On or near ,anti-social-behaviour
2025-11,-6.608548,54.7559,On or near ,anti-social-behaviour
2025-11,-6.597861,54.756801,On or near Sandymount,anti-social-behaviour
2025-11,-6.608536,54.756259,On or near ,burglary
2025-11,-6.59964,54.754333,On or near Ashgrove Park,criminal-damage-arson
2025-11,-6.615654,54.754796,On or near ,criminal-damage-arson
2025-11,-6.608162,54.755384,On or near Queen Street,criminal-damage-arson
2025-11,-6.607229,54.75496,On or near Market Street,criminal-damage-arson
2025-11,-6.609476,54.754213,On or near ,criminal-damage-arson
2025-11,-6.611614,54.756636,On or near ,criminal-damage-arson
2025-11,-6.611269,54.757198,On or near ,criminal-damage-arson
2025-11,-6.611389,54.75596,On or near Rainey Street,drugs
2025-11,-6.618944,54.761715,On or near Hazeldene Avenue,drugs
2025-11,-6.608536,54.756259,On or near ,drugs
2025-11,-6.611614,54.756636,On or near ,other-theft
2025-11,-6.616607,54.759173,On or near ,other-theft
2025-11,-6.609476,54.754213,On or near ,violent-crime
2025-11,-6.616758,54.762498,On or near Hospital Road,violent-crime
2025-11,-6.610359,54.755642,On or near Rainey Street,violent-crime
2025-11,-6.615717,54.756566,On or near Mullaghboy Lane,violent-crime
2025-11,-6.615672,54.754257,On or near ,violent-crime
2025-11,-6.608536,54.756259,On or near ,violent-crime
2025-11,-6.61192,54.753594,On or near ,violent-crime
2025-11,-6.608162,54.755384,On or near Queen Street,violent-crime
2025-11,-6.597861,54.756801,On or near Sandymount,violent-crime
2025-11,-6.605223,54.755943,On or near ,violent-crime
2025-11,-6.600455,54.754549,On or near Ashgrove Park,violent-crime
2025-11,-6.616607,54.759173,On or near ,other-crime
2025-11,-6.699918,54.487866,On or near ,anti-social-behaviour
2025-11,-6.64513,54.491793,On or near Tamnamore Close,anti-social-behaviour
2025-11,-6.639378,54.502347,On or near Annaghbeg Road,drugs
2025-11,-6.685047,54.522797,On or near Ballynakilly Road,drugs
2025-11,-6.655565,54.494092,On or near Tamnamore Road,other-theft
2025-11,-6.657198,54.499357,On or near Ballynakilly Road,shoplifting
2025-11,-6.704499,54.492803,On or near Laghey Court,violent-crime
2025-11,-6.699566,54.490207,On or near The Meadows,violent-crime
2025-11,-6.761133,54.504725,On or near Orpheus Drive,anti-social-behaviour
2025-11,-6.745798,54.497344,On or near Killyneill Court,anti-social-behaviour
2025-11,-6.760544,54.513452,On or near Dunlea Vale,anti-social-behaviour
2025-11,-6.765474,54.500529,On or near Empire Avenue,anti-social-behaviour
2025-11,-6.761183,54.512758,On or near Dunlea Vale,anti-social-behaviour
2025-11,-6.763077,54.504763,On or near Killyman Road,burglary
2025-11,-6.757451,54.502927,On or near Killymerron Park,criminal-damage-arson
2025-11,-6.757754,54.503649,On or near Killyman Road,criminal-damage-arson
2025-11,-6.763833,54.501186,On or near Gortmerron Avenue,drugs
2025-11,-6.748438,54.495314,On or near ,other-theft
2025-11,-6.763833,54.501186,On or near Gortmerron Avenue,possession-of-weapons
2025-11,-6.761133,54.504725,On or near Orpheus Drive,shoplifting
2025-11,-6.752565,54.515867,On or near Ashbourne Court,vehicle-crime
2025-11,-6.751462,54.497852,On or near Belmount,violent-crime
2025-11,-6.763833,54.501186,On or near Gortmerron Avenue,violent-crime
2025-11,-6.747738,54.50103,On or near Cedar Ridge,violent-crime
2025-11,-6.757451,54.502927,On or near Killymerron Park,violent-crime
2025-11,-6.760141,54.513016,On or near Dunlea Vale,violent-crime
2025-11,-6.761133,54.504725,On or near Orpheus Drive,violent-crime
2025-11,-6.765474,54.500529,On or near Empire Avenue,violent-crime
2025-11,-6.74797,54.683008,On or near Churchtown Road,burglary
2025-11,-6.783201,54.669946,On or near Feegarron Road,criminal-damage-arson
2025-11,-6.668074,54.687672,On or near Riverbrook Court,violent-crime
2025-11,-6.78806,54.605159,On or near ,anti-social-behaviour
2025-11,-6.760498,54.601071,On or near ,shoplifting
2025-11,-6.855345,54.827653,On or near Moneyneany Road,vehicle-crime
2025-11,-6.758185,54.82262,On or near Carnamoney Lane,violent-crime
2025-11,-6.829526,54.815971,On or near Moneyneany Road,violent-crime
2025-11,-6.673557,54.844578,On or near Main Street,anti-social-behaviour
2025-11,-6.672838,54.840887,On or near Largantogher Park,anti-social-behaviour
2025-11,-6.67937,54.845333,On or near Glen Road,anti-social-behaviour
2025-11,-6.677475,54.847127,On or near Glenview,criminal-damage-arson
2025-11,-6.673557,54.844578,On or near Main Street,drugs
2025-11,-6.670365,54.843681,On or near Main Street,drugs
2025-11,-6.677609,54.848737,On or near Crawfordsburn Drive,violent-crime
2025-11,-6.662804,54.839286,On or near Mullagh Park,violent-crime
2025-11,-6.67587,54.846679,On or near Tamney Crescent,violent-crime
2025-11,-6.723065,54.47152,On or near Redford Park,anti-social-behaviour
2025-11,-6.722756,54.467087,On or near Moy Road,anti-social-behaviour
2025-11,-6.695973,54.447441,On or near Jockey Lane,anti-social-behaviour
2025-11,-6.745695,54.411959,On or near Main Street,anti-social-behaviour
2025-11,-6.694207,54.447251,On or near ,anti-social-behaviour
2025-11,-6.69121,54.446455,On or near The Square,anti-social-behaviour
2025-11,-6.702584,54.450467,On or near Dungannon Road,other-theft
2025-11,-6.688711,54.448458,On or near Oakfield Gardens,other-theft
2025-11,-6.688827,54.444812,On or near The Quays,shoplifting
2025-11,-6.702584,54.450467,On or near Dungannon Road,violent-crime
2025-11,-6.693519,54.447531,On or near The Square,violent-crime
2025-11,-6.747235,54.413484,On or near Ashveagh,violent-crime
2025-11,-6.762833,54.49955,On or near Ranfurly Road,other-theft
2025-11,-6.762833,54.49955,On or near Ranfurly Road,violent-crime
2025-11,-6.742981,54.525237,On or near Killymeal Road,anti-social-behaviour
2025-11,-6.767254,54.513673,On or near Bernagh Gardens,anti-social-behaviour
2025-11,-6.770915,54.506433,On or near ,criminal-damage-arson
2025-11,-6.766511,54.50965,On or near ,drugs
2025-11,-6.760808,54.517991,On or near Coalisland Road,other-theft
2025-11,-6.764453,54.510312,On or near Shiels Institution,other-theft
2025-11,-6.764453,54.510312,On or near Shiels Institution,shoplifting
2025-11,-6.76677,54.510784,On or near Drumglass Way,violent-crime
2025-11,-6.775512,54.50604,On or near Charlemont Street,violent-crime
2025-11,-6.759626,54.516227,On or near Lambfield Meadows,violent-crime
2025-11,-6.767254,54.513673,On or near Bernagh Gardens,violent-crime
2025-11,-6.768269,54.512282,On or near ,violent-crime
2025-11,-6.770699,54.512082,On or near Knockmore Drive,violent-crime
2025-11,-6.776749,54.507023,On or near ,other-crime
2025-11,-6.915728,54.666947,On or near Tulnacross Road,anti-social-behaviour
2025-11,-6.925729,54.7202,On or near Davagh Road,anti-social-behaviour
2025-11,-6.867187,54.666916,On or near Ballynasolus Road,drugs
2025-11,-6.904663,54.661717,On or near Drum Road,drugs
2025-11,-6.8597,54.659227,On or near ,other-theft
2025-11,-6.952924,54.597696,On or near Cavanakeeran Road,anti-social-behaviour
2025-11,-6.96182,54.650003,On or near Crancussy Road,violent-crime
2025-11,-6.940825,54.594707,On or near Park View,violent-crime
2025-11,-6.890148,54.589914,On or near Carnenny Lane,violent-crime
2025-11,-6.674986,54.578783,On or near North Street Park,anti-social-behaviour
2025-11,-6.680163,54.576495,On or near Henderson Park,anti-social-behaviour
2025-11,-6.680163,54.576495,On or near Henderson Park,criminal-damage-arson
2025-11,-6.675934,54.57767,On or near Hillhead,drugs
2025-11,-6.70402,54.570338,On or near Roughan Road,violent-crime
2025-11,-6.662849,54.631053,On or near Moorville,violent-crime
2025-11,-6.657525,54.614499,On or near Coagh Road,violent-crime
2025-11,-6.661869,54.631662,On or near ,violent-crime
2025-11,-6.661869,54.631662,On or near ,other-crime
2025-11,-6.690341,54.906477,On or near Halfgayne Road,anti-social-behaviour
2025-11,-6.661021,54.909562,On or near Carn View,criminal-damage-arson
2025-11,-6.679024,54.849255,On or near Craigmore Road,drugs
2025-11,-6.744851,54.86024,On or near ,drugs
2025-11,-6.655064,54.888053,On or near ,other-theft
2025-11,-6.661021,54.909562,On or near Carn View,other-theft
2025-11,-6.665096,54.908924,On or near Main Street,violent-crime
2025-11,-6.719333,54.891469,On or near ,violent-crime
2025-11,-6.680571,54.850054,On or near The Fort,violent-crime
2025-11,-6.744851,54.86024,On or near ,violent-crime
2025-11,-6.665096,54.908924,On or near Main Street,other-crime
2025-11,-6.629374,54.835508,On or near Beagh Terrace,anti-social-behaviour
2025-11,-6.606397,54.834752,On or near Meadow Villas,anti-social-behaviour
2025-11,-6.639867,54.879349,On or near Kilrea Road,anti-social-behaviour
2025-11,-6.64249,54.881975,On or near The Green,criminal-damage-arson
2025-11,-6.603248,54.824061,On or near Quarry Road,drugs
2025-11,-6.622506,54.86487,On or near Culnady Road,drugs
2025-11,-6.603248,54.824061,On or near Quarry Road,other-theft
2025-11,-6.64249,54.881975,On or near The Green,other-theft
2025-11,-6.610159,54.892812,On or near Lisgorgan Lane,violent-crime
2025-11,-6.604209,54.834098,On or near Gulladuff Hill,violent-crime
2025-11,-6.644057,54.881247,On or near Carsonville Drive,violent-crime
2025-11,-6.628234,54.878742,On or near Jubilee Road,violent-crime
2025-11,-6.561983,54.659364,On or near Ballinderry Bridge Road,criminal-damage-arson
2025-11,-6.53841,54.685324,On or near Shore Road,other-theft
2025-11,-6.596992,54.689853,On or near Scotts Road,other-theft
2025-11,-6.547647,54.719331,On or near ,violent-crime
2025-11,-6.585218,54.692626,On or near Scotts Road,violent-crime
2025-11,-6.710125,54.809928,On or near Hazel Grove,anti-social-behaviour
2025-11,-6.630906,54.771849,On or near ,anti-social-behaviour
2025-11,-6.701535,54.809081,On or near ,public-order
2025-11,-6.713134,54.808729,On or near Hillmount Crescent,violent-crime
2025-11,-6.713329,54.80945,On or near Hillmount Crescent,violent-crime
2025-11,-6.601657,54.749891,On or near Golf Terrace,anti-social-behaviour
2025-11,-6.599538,54.750541,On or near Killowen Drive,anti-social-behaviour
2025-11,-6.606675,54.749832,On or near Leckagh Drive,anti-social-behaviour
2025-11,-6.612663,54.749147,On or near Parkmore,anti-social-behaviour
2025-11,-6.598623,54.751384,On or near Killowen Drive,criminal-damage-arson
2025-11,-6.605464,54.751175,On or near Sperrin Drive,drugs
2025-11,-6.615848,54.745464,On or near Sherbourne Place,other-theft
2025-11,-6.60023,54.752992,On or near Beechland Road,violent-crime
2025-11,-6.598623,54.751384,On or near Killowen Drive,violent-crime
2025-11,-6.60926,54.751003,On or near Greenvale Park,violent-crime
2025-11,-6.606675,54.749832,On or near Leckagh Drive,violent-crime
2025-11,-6.524344,54.871442,On or near Ford Road,anti-social-behaviour
2025-11,-6.486815,54.87275,On or near Clady Road,violent-crime
2025-11,-6.603855,54.557634,On or near ,anti-social-behaviour
2025-11,-6.631924,54.542008,On or near ,other-theft
2025-11,-6.334312,54.175294,On or near High Street,anti-social-behaviour
2025-11,-6.334659,54.170096,On or near Chapel Street,anti-social-behaviour
2025-11,-6.334278,54.16966,On or near ,anti-social-behaviour
2025-11,-6.336261,54.171376,On or near Cronin Park,anti-social-behaviour
2025-11,-6.336754,54.17283,On or near St. Colmans Park,anti-social-behaviour
2025-11,-6.328747,54.167831,On or near Barley Lane,anti-social-behaviour
2025-11,-6.337594,54.176318,On or near Margaret Street,anti-social-behaviour
2025-11,-6.339119,54.175351,On or near The Mall,anti-social-behaviour
2025-11,-6.333106,54.16835,On or near Home Avenue,anti-social-behaviour
2025-11,-6.338385,54.173796,On or near Hill Street,anti-social-behaviour
2025-11,-6.326279,54.160699,On or near Carlingford Park,anti-social-behaviour
2025-11,-6.329145,54.176579,On or near Church Street,anti-social-behaviour
2025-11,-6.334312,54.175294,On or near High Street,burglary
2025-11,-6.328714,54.177768,On or near James Street,burglary
2025-11,-6.328747,54.167831,On or near Barley Lane,criminal-damage-arson
2025-11,-6.335486,54.176963,On or near ,criminal-damage-arson
2025-11,-6.337119,54.175566,On or near ,criminal-damage-arson
2025-11,-6.326963,54.161571,On or near Maple Grove,criminal-damage-arson
2025-11,-6.339119,54.175351,On or near The Mall,drugs
2025-11,-6.324527,54.17638,On or near The Blackthorns,drugs
2025-11,-6.329028,54.166954,On or near O'neill Avenue,drugs
2025-11,-6.329604,54.164815,On or near Carnagh Park,drugs
2025-11,-6.339119,54.175351,On or near The Mall,other-theft
2025-11,-6.32903,54.164223,On or near Carnagh Park,other-theft
2025-11,-6.328909,54.161535,On or near Cole Court,other-theft
2025-11,-6.329028,54.166954,On or near O'neill Avenue,possession-of-weapons
2025-11,-6.328747,54.167831,On or near Barley Lane,public-order
2025-11,-6.338388,54.175242,On or near Marcus Street,shoplifting
2025-11,-6.337594,54.176318,On or near Margaret Street,theft-from-the-person
2025-11,-6.334791,54.175561,On or near ,vehicle-crime
2025-11,-6.337535,54.175123,On or near Marcus Street,vehicle-crime
2025-11,-6.335486,54.176963,On or near ,violent-crime
2025-11,-6.330932,54.167565,On or near O'neill Avenue,violent-crime
2025-11,-6.329475,54.166116,On or near O'neill Avenue,violent-crime
2025-11,-6.328719,54.161307,On or near Cole Court,violent-crime
2025-11,-6.326963,54.161571,On or near Maple Grove,violent-crime
2025-11,-6.328714,54.177768,On or near James Street,violent-crime
2025-11,-6.326394,54.176442,On or near Ballyholland Park,violent-crime
2025-11,-6.329028,54.166954,On or near O'neill Avenue,violent-crime
2025-11,-6.326307,54.161894,On or near Maple Grove,violent-crime
2025-11,-6.328747,54.167831,On or near Barley Lane,violent-crime
2025-11,-6.337713,54.172609,On or near St. Colmans Park,violent-crime
2025-11,-6.325115,54.177376,On or near Blackthorn Grange,violent-crime
2025-11,-6.327947,54.178179,On or near Greenfield Park,violent-crime
2025-11,-6.337119,54.175566,On or near ,violent-crime
2025-11,-6.339119,54.175351,On or near The Mall,violent-crime
2025-11,-6.337594,54.176318,On or near Margaret Street,violent-crime
2025-11,-6.337535,54.175123,On or near Marcus Street,other-crime
2025-11,-6.336261,54.171376,On or near Cronin Park,other-crime
2025-11,-6.331929,54.16677,On or near Upper Chapel Street,other-crime
2025-11,-5.896754,54.108177,On or near The Moorings,criminal-damage-arson
2025-11,-5.897998,54.111703,On or near Shannagh Drive,criminal-damage-arson
2025-11,-5.911619,54.125185,On or near Quarter Road,criminal-damage-arson
2025-11,-5.915983,54.113211,On or near Majors Hill,drugs
2025-11,-5.874766,54.16999,On or near Ballagh Road,other-theft
2025-11,-5.903432,54.105544,On or near Kilkeel Road,other-theft
2025-11,-5.911619,54.125185,On or near Quarter Road,violent-crime
2025-11,-5.899727,54.111374,On or near Kellys Brae,violent-crime
2025-11,-5.874766,54.16999,On or near Ballagh Road,violent-crime
2025-11,-5.911619,54.125185,On or near Quarter Road,other-crime
2025-11,-5.904361,54.108346,On or near Kilhorne Green,other-crime
2025-11,-6.349073,54.177294,On or near Woodhill,anti-social-behaviour
2025-11,-6.340907,54.174298,On or near Corn Market,anti-social-behaviour
2025-11,-6.341752,54.176915,On or near Monaghan Street,anti-social-behaviour
2025-11,-6.338205,54.177136,On or near The Mall,anti-social-behaviour
2025-11,-6.339619,54.176616,On or near ,anti-social-behaviour
2025-11,-6.352147,54.180112,On or near Hospital Road,anti-social-behaviour
2025-11,-6.344649,54.17416,On or near Peters Place,anti-social-behaviour
2025-11,-6.3468,54.179752,On or near Clanrye Avenue,anti-social-behaviour
2025-11,-6.349473,54.181082,On or near Clanrye Park,anti-social-behaviour
2025-11,-6.355176,54.186749,On or near Third Avenue,anti-social-behaviour
2025-11,-6.339799,54.173671,On or near Mill Street,anti-social-behaviour
2025-11,-6.339138,54.173725,On or near Mill Street,anti-social-behaviour
2025-11,-6.351678,54.174185,On or near Altmore Gardens,anti-social-behaviour
2025-11,-6.34264,54.174627,On or near Corn Market,anti-social-behaviour
2025-11,-6.346789,54.175798,On or near John Martin Gardens,anti-social-behaviour
2025-11,-6.356974,54.176962,On or near Altnaveigh Park,anti-social-behaviour
2025-11,-6.34969,54.184104,On or near Slieve Gullion Road,anti-social-behaviour
2025-11,-6.343336,54.177134,On or near Monaghan Street,anti-social-behaviour
2025-11,-6.345557,54.17712,On or near Patrick Street,anti-social-behaviour
2025-11,-6.341728,54.179035,On or near Maginnis Street,burglary
2025-11,-6.340907,54.174298,On or near Corn Market,burglary
2025-11,-6.352147,54.180112,On or near Hospital Road,criminal-damage-arson
2025-11,-6.34264,54.174627,On or near Corn Market,criminal-damage-arson
2025-11,-6.358575,54.183336,On or near Parkhead Crescent,criminal-damage-arson
2025-11,-6.359075,54.18231,On or near ,criminal-damage-arson
2025-11,-6.353643,54.184086,On or near First Avenue,criminal-damage-arson
2025-11,-6.355176,54.186749,On or near Third Avenue,criminal-damage-arson
2025-11,-6.350469,54.172237,On or near Ardgreen Drive,criminal-damage-arson
2025-11,-6.354365,54.18096,On or near Laurel Hill,criminal-damage-arson
2025-11,-6.339619,54.176616,On or near ,criminal-damage-arson
2025-11,-6.351678,54.174185,On or near Altmore Gardens,criminal-damage-arson
2025-11,-6.348147,54.178629,On or near Daisy Hill Gardens,criminal-damage-arson
2025-11,-6.352147,54.180112,On or near Hospital Road,drugs
2025-11,-6.353643,54.184086,On or near First Avenue,drugs
2025-11,-6.342449,54.170958,On or near Pool Lane,drugs
2025-11,-6.340907,54.174298,On or near Corn Market,other-theft
2025-11,-6.349473,54.181082,On or near Clanrye Park,other-theft
2025-11,-6.346789,54.175798,On or near John Martin Gardens,other-theft
2025-11,-6.35589,54.181502,On or near ,other-theft
2025-11,-6.343945,54.177224,On or near Monaghan Street,other-theft
2025-11,-6.343755,54.174319,On or near Peters Place,other-theft
2025-11,-6.344649,54.17416,On or near Peters Place,possession-of-weapons
2025-11,-6.35589,54.181502,On or near ,possession-of-weapons
2025-11,-6.351268,54.171394,On or near Loanda Crescent,public-order
2025-11,-6.340907,54.174298,On or near Corn Market,shoplifting
2025-11,-6.340574,54.172289,On or near ,shoplifting
2025-11,-6.339619,54.176616,On or near ,shoplifting
2025-11,-6.337776,54.178675,On or near Canal Quay,shoplifting
2025-11,-6.343945,54.177224,On or near Monaghan Street,shoplifting
2025-11,-6.34971,54.182065,On or near Orior Road,violent-crime
2025-11,-6.35168,54.173349,On or near Altmore Gardens,violent-crime
2025-11,-6.351268,54.171394,On or near Loanda Crescent,violent-crime
2025-11,-6.351678,54.174185,On or near Altmore Gardens,violent-crime
2025-11,-6.344649,54.17416,On or near Peters Place,violent-crime
2025-11,-6.359264,54.1818,On or near Nursery Drive,violent-crime
2025-11,-6.342337,54.181802,On or near Chequer Hill,violent-crime
2025-11,-6.355176,54.186749,On or near Third Avenue,violent-crime
2025-11,-6.340574,54.172289,On or near ,violent-crime
2025-11,-6.352147,54.180112,On or near Hospital Road,violent-crime
2025-11,-6.339619,54.176616,On or near ,violent-crime
2025-11,-6.338684,54.179703,On or near New Street,violent-crime
2025-11,-6.344795,54.173569,On or near Kiln Street,violent-crime
2025-11,-6.354365,54.18096,On or near Laurel Hill,violent-crime
2025-11,-6.347232,54.178904,On or near Clanrye Avenue,violent-crime
2025-11,-6.352745,54.183544,On or near First Avenue,violent-crime
2025-11,-6.343628,54.172116,On or near Cleary Crescent,violent-crime
2025-11,-6.359395,54.183132,On or near Parkhead Crescent,violent-crime
2025-11,-6.356666,54.182025,On or near Crannard Gardens,violent-crime
2025-11,-6.35589,54.181502,On or near ,violent-crime
2025-11,-6.353643,54.184086,On or near First Avenue,violent-crime
2025-11,-6.338205,54.177136,On or near The Mall,violent-crime
2025-11,-6.357681,54.186172,On or near Fifth Avenue,violent-crime
2025-11,-6.343195,54.178363,On or near Upper Edward Street,violent-crime
2025-11,-6.347813,54.177789,On or near Monaghan Row,violent-crime
2025-11,-6.356391,54.177754,On or near Castlekeele,violent-crime
2025-11,-6.345605,54.177462,On or near Monaghan Street,violent-crime
2025-11,-6.344649,54.17416,On or near Peters Place,other-crime
2025-11,-6.343628,54.172116,On or near Cleary Crescent,other-crime
2025-11,-5.794165,54.301331,On or near Ballydugan Road,anti-social-behaviour
2025-11,-5.825529,54.35479,On or near Crawfordstown Road,anti-social-behaviour
2025-11,-5.815079,54.329082,On or near Dunnanew Road,criminal-damage-arson
2025-11,-5.744854,54.29952,On or near ,drugs
2025-11,-5.832206,54.312705,On or near ,violent-crime
2025-11,-5.882919,54.402733,On or near Windmill Drive,anti-social-behaviour
2025-11,-5.899545,54.400184,On or near Dromore Street,anti-social-behaviour
2025-11,-5.884334,54.39769,On or near Hillhead Crescent,anti-social-behaviour
2025-11,-5.896505,54.401802,On or near Windmill Street,anti-social-behaviour
2025-11,-5.905632,54.412186,On or near Ashburn,anti-social-behaviour
2025-11,-5.885701,54.402242,On or near Windmill Gardens,anti-social-behaviour
2025-11,-5.897518,54.402772,On or near High Street,burglary
2025-11,-5.89747,54.401603,On or near High Street,drugs
2025-11,-5.904551,54.399849,On or near Croob Park,drugs
2025-11,-5.893229,54.40471,On or near Mourne View,public-order
2025-11,-5.895408,54.401864,On or near Hillcrest Lane,violent-crime
2025-11,-5.883981,54.398259,On or near Hillhead Crescent,violent-crime
2025-11,-5.88611,54.402986,On or near Windmill Crescent,violent-crime
2025-11,-5.884334,54.39769,On or near Hillhead Crescent,violent-crime
2025-11,-5.885337,54.400942,On or near Hillfoot Crescent,violent-crime
2025-11,-5.894787,54.401071,On or near Hillcrest Drive,violent-crime
2025-11,-5.89747,54.401603,On or near High Street,violent-crime
2025-11,-5.899545,54.400184,On or near Dromore Street,violent-crime
2025-11,-5.965277,54.36465,On or near ,anti-social-behaviour
2025-11,-5.965554,54.319198,On or near Clonvaraghan Road,anti-social-behaviour
2025-11,-5.98792,54.367609,On or near Castlewellan Road,anti-social-behaviour
2025-11,-5.965554,54.319198,On or near Clonvaraghan Road,criminal-damage-arson
2025-11,-5.922115,54.339681,On or near Guiness Road,vehicle-crime
2025-11,-6.007383,54.301243,On or near ,violent-crime
2025-11,-5.965554,54.319198,On or near Clonvaraghan Road,violent-crime
2025-11,-5.989474,54.070145,On or near Kilmorey Court,anti-social-behaviour
2025-11,-6.006369,54.063166,On or near Mountain Road,bicycle-theft
2025-11,-5.990684,54.070695,On or near Riverdale Drive,criminal-damage-arson
2025-11,-5.989135,54.1138,On or near ,criminal-damage-arson
2025-11,-5.990394,54.069127,On or near Carrigenagh Road,other-theft
2025-11,-5.999768,54.068618,On or near Millvale,other-theft
2025-11,-5.999787,54.063129,On or near Rooney Park,violent-crime
2025-11,-5.999768,54.068618,On or near Millvale,other-crime
2025-11,-6.241764,54.105143,On or near Well Road,anti-social-behaviour
2025-11,-6.256351,54.10841,On or near Knocknagreana,anti-social-behaviour
2025-11,-6.269899,54.119792,On or near Mound Road,anti-social-behaviour
2025-11,-6.263022,54.118911,On or near ,criminal-damage-arson
2025-11,-6.249491,54.1061,On or near Burren Road,criminal-damage-arson
2025-11,-6.253771,54.113404,On or near Burren Road,drugs
2025-11,-6.255896,54.107235,On or near Ganna Way,other-theft
2025-11,-6.262762,54.112717,On or near Ashley Court,violent-crime
2025-11,-6.478582,54.156529,On or near ,anti-social-behaviour
2025-11,-6.448101,54.177856,On or near Newtown Road,anti-social-behaviour
2025-11,-6.410485,54.180636,On or near Main Street,anti-social-behaviour
2025-11,-6.398311,54.19521,On or near Church Road,anti-social-behaviour
2025-11,-6.399679,54.195084,On or near Church Road,anti-social-behaviour
2025-11,-6.39584,54.189777,On or near Ard Aveen Park,anti-social-behaviour
2025-11,-6.391798,54.185752,On or near Green Road,anti-social-behaviour
2025-11,-6.39584,54.189777,On or near Ard Aveen Park,burglary
2025-11,-6.396885,54.189297,On or near Father Cullen Park,criminal-damage-arson
2025-11,-6.404496,54.190171,On or near Cambrook Estate,criminal-damage-arson
2025-11,-6.39584,54.189777,On or near Ard Aveen Park,criminal-damage-arson
2025-11,-6.400693,54.198189,On or near Brookville Crescent,drugs
2025-11,-6.419534,54.175904,On or near ,other-theft
2025-11,-6.397389,54.19013,On or near Ard Aveen Park,public-order
2025-11,-6.397389,54.19013,On or near Ard Aveen Park,violent-crime
2025-11,-6.398311,54.19521,On or near Church Road,violent-crime
2025-11,-6.391286,54.185125,On or near Green Road,violent-crime
2025-11,-6.40691,54.181595,On or near Newry Road,other-crime
2025-11,-5.948002,54.254637,On or near Grange Avenue,anti-social-behaviour
2025-11,-5.934133,54.260393,On or near Drumbuck Road,anti-social-behaviour
2025-11,-5.951492,54.256988,On or near Burren Walk,criminal-damage-arson
2025-11,-5.940603,54.258383,On or near Clarmont Avenue,shoplifting
2025-11,-5.940706,54.257855,On or near Mary Street,other-crime
2025-11,-5.712343,54.315882,On or near Glebetown Drive,anti-social-behaviour
2025-11,-5.712826,54.326566,On or near ,anti-social-behaviour
2025-11,-5.716689,54.327879,On or near Market Lane,anti-social-behaviour
2025-11,-5.713986,54.329221,On or near Saul Street,anti-social-behaviour
2025-11,-5.719564,54.325094,On or near Market Street,anti-social-behaviour
2025-11,-5.711182,54.326274,On or near Johns Crescent,criminal-damage-arson
2025-11,-5.710558,54.315372,On or near Killough Walk,criminal-damage-arson
2025-11,-5.716197,54.320672,On or near Vianstown Road,criminal-damage-arson
2025-11,-5.717647,54.325858,On or near St. Patricks Drive,criminal-damage-arson
2025-11,-5.712343,54.315882,On or near Glebetown Drive,drugs
2025-11,-5.71385,54.322533,On or near Hunter's Mill,drugs
2025-11,-5.713958,54.327504,On or near John Street,drugs
2025-11,-5.713692,54.315395,On or near Ardilea Park,drugs
2025-11,-5.716815,54.326714,On or near St. Patricks Drive,drugs
2025-11,-5.719564,54.325094,On or near Market Street,drugs
2025-11,-5.719564,54.325094,On or near Market Street,other-theft
2025-11,-5.717439,54.327381,On or near Market Street,other-theft
2025-11,-5.716815,54.326714,On or near St. Patricks Drive,possession-of-weapons
2025-11,-5.708444,54.315251,On or near Ballymote Park,shoplifting
2025-11,-5.716689,54.327879,On or near Market Lane,shoplifting
2025-11,-5.716511,54.326375,On or near St. Patricks Avenue,shoplifting
2025-11,-5.717713,54.328824,On or near English Street,violent-crime
2025-11,-5.719564,54.325094,On or near Market Street,violent-crime
2025-11,-5.713958,54.327504,On or near John Street,violent-crime
2025-11,-5.718079,54.318336,On or near Vianstown Road,violent-crime
2025-11,-5.715611,54.322926,On or near Thomas Russell Park,violent-crime
2025-11,-5.716847,54.295057,On or near Marshallstown,violent-crime
2025-11,-5.71385,54.322533,On or near Hunter's Mill,violent-crime
2025-11,-5.711706,54.315187,On or near Killough Walk,violent-crime
2025-11,-5.658713,54.398196,On or near Grove Park,criminal-damage-arson
2025-11,-5.658713,54.398196,On or near Grove Park,violent-crime
2025-11,-5.659499,54.397915,On or near Grove Gardens,violent-crime
2025-11,-6.61225,54.079673,On or near Ard Ross,anti-social-behaviour
2025-11,-6.607194,54.076452,On or near Dundalk Road,drugs
2025-11,-6.629515,54.070895,On or near Cullaville Road,drugs
2025-11,-6.611508,54.079484,On or near Ard Ross,vehicle-crime
2025-11,-6.599895,54.081317,On or near Newry Road,violent-crime
2025-11,-6.635836,54.114327,On or near Assan Road,violent-crime
2025-11,-6.612734,54.080289,On or near Rathkeelan Park,violent-crime
2025-11,-6.642729,54.063893,On or near Malachy Conlon Park,violent-crime
2025-11,-6.337365,54.192335,On or near Ardmore Road,anti-social-behaviour
2025-11,-6.340077,54.181249,On or near Glensandra,anti-social-behaviour
2025-11,-6.338787,54.181339,On or near Mourne View Park,anti-social-behaviour
2025-11,-6.33342,54.194033,On or near Spring Hill Court,anti-social-behaviour
2025-11,-6.341901,54.193458,On or near River View,anti-social-behaviour
2025-11,-6.336718,54.193953,On or near Shandon Park,anti-social-behaviour
2025-11,-6.338593,54.193035,On or near Hill Crescent,anti-social-behaviour
2025-11,-6.338565,54.180366,On or near Sinclair Street,anti-social-behaviour
2025-11,-6.337348,54.18132,On or near Mourne View Park,anti-social-behaviour
2025-11,-6.339564,54.180676,On or near Erskine Street,anti-social-behaviour
2025-11,-6.346562,54.186864,On or near Violet Hill Avenue,anti-social-behaviour
2025-11,-6.35173,54.18981,On or near Larchmount,anti-social-behaviour
2025-11,-6.33075,54.193753,On or near Castleowen,anti-social-behaviour
2025-11,-6.347927,54.190288,On or near Lisdrum Avenue,burglary
2025-11,-6.340077,54.181249,On or near Glensandra,criminal-damage-arson
2025-11,-6.339195,54.182621,On or near Cochron Road,criminal-damage-arson
2025-11,-6.343076,54.193205,On or near ,criminal-damage-arson
2025-11,-6.340077,54.181249,On or near Glensandra,drugs
2025-11,-6.334325,54.185627,On or near Toll House Park,drugs
2025-11,-6.351386,54.189994,On or near Larchmount,drugs
2025-11,-6.338344,54.179788,On or near New Street,drugs
2025-11,-6.347927,54.190288,On or near Lisdrum Avenue,shoplifting
2025-11,-6.351386,54.189994,On or near Larchmount,shoplifting
2025-11,-6.339564,54.180676,On or near Erskine Street,vehicle-crime
2025-11,-6.333953,54.191075,On or near Millview Court,violent-crime
2025-11,-6.339195,54.182621,On or near Cochron Road,violent-crime
2025-11,-6.337601,54.180739,On or near ,violent-crime
2025-11,-6.346457,54.185273,On or near Violet Hill Avenue,violent-crime
2025-11,-6.334837,54.187754,On or near Belfast Road,violent-crime
2025-11,-6.337027,54.182834,On or near Mourne View Park,violent-crime
2025-11,-6.340077,54.181249,On or near Glensandra,violent-crime
2025-11,-6.338286,54.180829,On or near ,violent-crime
2025-11,-6.339528,54.193407,On or near Hill Crescent,violent-crime
2025-11,-6.346003,54.188968,On or near Drumgullion Avenue,violent-crime
2025-11,-6.345106,54.190717,On or near Drumgullion Avenue,violent-crime
2025-11,-6.338344,54.179788,On or near New Street,other-crime
2025-11,-6.343076,54.193205,On or near ,other-crime
2025-11,-5.745275,54.411706,On or near Derryboy Road,anti-social-behaviour
2025-11,-5.736149,54.450937,On or near Thornyhill Road,anti-social-behaviour
2025-11,-5.791087,54.464444,On or near Station Road,anti-social-behaviour
2025-11,-5.663361,54.410157,On or near Osborne Drive,criminal-damage-arson
2025-11,-5.791087,54.464444,On or near Station Road,other-theft
2025-11,-5.698786,54.447912,On or near Holly Park Road,violent-crime
2025-11,-5.665547,54.41072,On or near Osborne Drive,violent-crime
2025-11,-5.692171,54.422994,On or near Tullyveery Road,violent-crime
2025-11,-5.667556,54.426879,On or near Clay Road,violent-crime
2025-11,-6.270751,54.181945,On or near Benagh Road,anti-social-behaviour
2025-11,-6.312127,54.168731,On or near Bettys Hill Road,anti-social-behaviour
2025-11,-6.315432,54.146935,On or near Old Warrenpoint Road,anti-social-behaviour
2025-11,-6.254047,54.169763,On or near ,anti-social-behaviour
2025-11,-6.313688,54.158977,On or near Chapel Road,drugs
2025-11,-6.316084,54.168203,On or near Rockfield Heights,other-theft
2025-11,-5.888619,54.213985,On or near Bryansford Avenue,anti-social-behaviour
2025-11,-5.893912,54.206988,On or near ,anti-social-behaviour
2025-11,-5.890201,54.21093,On or near Main Street,anti-social-behaviour
2025-11,-5.887157,54.214696,On or near Railway Street,anti-social-behaviour
2025-11,-5.893519,54.206882,On or near Bryansford Road,anti-social-behaviour
2025-11,-5.884995,54.196408,On or near ,anti-social-behaviour
2025-11,-5.894703,54.204989,On or near ,anti-social-behaviour
2025-11,-5.88962,54.212097,On or near Downs Road,anti-social-behaviour
2025-11,-5.891718,54.208225,On or near Causeway Road,burglary
2025-11,-5.894394,54.20413,On or near ,criminal-damage-arson
2025-11,-5.907281,54.211471,On or near Kinghill Avenue,criminal-damage-arson
2025-11,-5.890907,54.216019,On or near Dunwellan Park,criminal-damage-arson
2025-11,-5.887017,54.213831,On or near Donard Place,criminal-damage-arson
2025-11,-5.888158,54.21341,On or near Savoy Lane,criminal-damage-arson
2025-11,-5.893519,54.206882,On or near Bryansford Road,drugs
2025-11,-5.904934,54.216956,On or near Rathcillan Wood,other-theft
2025-11,-5.903098,54.211749,On or near Rowley Close,violent-crime
2025-11,-5.889043,54.211988,On or near Downs Road,violent-crime
2025-11,-5.893519,54.206882,On or near Bryansford Road,violent-crime
2025-11,-5.904073,54.216995,On or near Rathcillan Wood,violent-crime
2025-11,-5.890907,54.216019,On or near Dunwellan Park,violent-crime
2025-11,-5.907281,54.211471,On or near Kinghill Avenue,violent-crime
2025-11,-5.893003,54.20557,On or near Central Promenade,violent-crime
2025-11,-5.890201,54.21093,On or near Main Street,violent-crime
2025-11,-5.889179,54.212934,On or near Main Street,violent-crime
2025-11,-5.888182,54.214732,On or near Railway Street,violent-crime
2025-11,-6.350924,54.15696,On or near Lisdrum Park,anti-social-behaviour
2025-11,-6.346054,54.171583,On or near Barcroft Park,anti-social-behaviour
2025-11,-6.340694,54.170045,On or near ,criminal-damage-arson
2025-11,-6.345655,54.170841,On or near Barcroft Park,criminal-damage-arson
2025-11,-6.337902,54.161785,On or near Fathom Park,criminal-damage-arson
2025-11,-6.353518,54.158334,On or near Ashton Heights,drugs
2025-11,-6.354328,54.159908,On or near Ashton Heights,other-theft
2025-11,-6.339956,54.17052,On or near ,shoplifting
2025-11,-6.340694,54.170045,On or near ,shoplifting
2025-11,-6.350375,54.15883,On or near Chancellors Road,vehicle-crime
2025-11,-6.341963,54.160538,On or near Ardaveen Drive,violent-crime
2025-11,-6.343565,54.170246,On or near Dominic Street,violent-crime
2025-11,-6.343244,54.169469,On or near Dominic Street,violent-crime
2025-11,-6.343186,54.162109,On or near Ardaveen Avenue,violent-crime
2025-11,-6.338723,54.160763,On or near Fathom Park,violent-crime
2025-11,-6.348142,54.171459,On or near Barcroft Park,violent-crime
2025-11,-6.358145,54.165585,On or near ,violent-crime
2025-11,-6.340694,54.170045,On or near ,violent-crime
2025-11,-6.350924,54.15696,On or near Lisdrum Park,other-crime
2025-11,-5.894899,54.374216,On or near Grove Road,anti-social-behaviour
2025-11,-5.855943,54.371023,On or near Cumber View,anti-social-behaviour
2025-11,-5.792832,54.371556,On or near ,anti-social-behaviour
2025-11,-5.851334,54.367338,On or near The Green,anti-social-behaviour
2025-11,-5.855759,54.355951,On or near Newcastle Road,burglary
2025-11,-5.851969,54.375203,On or near Corry Park,other-theft
2025-11,-5.902485,54.376675,On or near ,violent-crime
2025-11,-5.850478,54.364573,On or near Sycamore Court,violent-crime
2025-11,-5.898657,54.372673,On or near ,violent-crime
2025-11,-5.847818,54.383359,On or near Downpatrick Road,other-crime
2025-11,-5.851969,54.375203,On or near Corry Park,other-crime
2025-11,-5.844127,54.305461,On or near Forde Way,anti-social-behaviour
2025-11,-5.853734,54.286772,On or near ,anti-social-behaviour
2025-11,-5.840635,54.304356,On or near Newcastle Road,anti-social-behaviour
2025-11,-5.839359,54.291169,On or near The Square,criminal-damage-arson
2025-11,-5.851057,54.254133,On or near Robin Hill,drugs
2025-11,-5.839359,54.291169,On or near The Square,other-theft
2025-11,-5.90152,54.254627,On or near ,other-theft
2025-11,-5.837577,54.290895,On or near The Square,other-theft
2025-11,-5.851545,54.258904,On or near De Courcey Way,other-theft
2025-11,-5.844127,54.305461,On or near Forde Way,public-order
2025-11,-5.844127,54.305461,On or near Forde Way,violent-crime
2025-11,-5.869753,54.247196,On or near Ballyloughlin Road,violent-crime
2025-11,-5.839359,54.291169,On or near The Square,violent-crime
2025-11,-5.839359,54.291169,On or near The Square,other-crime
2025-11,-6.35914,54.115669,On or near Newtown Road,anti-social-behaviour
2025-11,-6.393316,54.12251,On or near Bearna Park,anti-social-behaviour
2025-11,-6.359395,54.141334,On or near Carn View,anti-social-behaviour
2025-11,-6.37317,54.123704,On or near Low Road,criminal-damage-arson
2025-11,-6.359395,54.141334,On or near Carn View,criminal-damage-arson
2025-11,-6.349294,54.150603,On or near Forkhill Road,public-order
2025-11,-6.391385,54.122214,On or near St. Moninna Park,violent-crime
2025-11,-6.330918,54.118471,On or near Cottage Road,violent-crime
2025-11,-6.33772,54.123929,On or near O'reilly Park,violent-crime
2025-11,-6.359395,54.141334,On or near Carn View,violent-crime
2025-11,-6.391262,54.126184,On or near Seafin Road,violent-crime
2025-11,-6.34492,54.127101,On or near ,other-crime
2025-11,-6.425796,54.099722,On or near Mountain Road,anti-social-behaviour
2025-11,-6.443446,54.068073,On or near ,anti-social-behaviour
2025-11,-6.373789,54.087997,On or near Regina Park,burglary
2025-11,-6.373058,54.078553,On or near Edenappa Road,drugs
2025-11,-6.371461,54.086563,On or near Bay View,other-theft
2025-11,-6.401489,54.088593,On or near Finegans Road,possession-of-weapons
2025-11,-6.452428,54.082439,On or near School Road,violent-crime
2025-11,-6.401489,54.088593,On or near Finegans Road,other-crime
2025-11,-6.145887,54.197806,On or near Rathfriland Road,anti-social-behaviour
2025-11,-6.14411,54.195056,On or near Main Street,anti-social-behaviour
2025-11,-6.191171,54.232826,On or near ,anti-social-behaviour
2025-11,-6.198032,54.234466,On or near Longstone Hill,criminal-damage-arson
2025-11,-6.18425,54.179126,On or near ,drugs
2025-11,-6.203613,54.171303,On or near ,other-theft
2025-11,-6.141623,54.195494,On or near Main Street,violent-crime
2025-11,-6.206326,54.173033,On or near Edentrumly Road,violent-crime
2025-11,-6.203029,54.221485,On or near Greenhill Road,violent-crime
2025-11,-6.143675,54.193135,On or near Rostrevor Road,other-crime
2025-11,-6.006884,54.063893,On or near Mountain Road,anti-social-behaviour
2025-11,-6.013458,54.0657,On or near Randall Heights,anti-social-behaviour
2025-11,-6.000244,54.060935,On or near Harbour Road,anti-social-behaviour
2025-11,-6.031836,54.044042,On or near St. Columbas Villas,anti-social-behaviour
2025-11,-6.02012,54.04447,On or near ,anti-social-behaviour
2025-11,-6.012184,54.054322,On or near Mcgoldricks Villas,anti-social-behaviour
2025-11,-6.013983,54.064936,On or near Seaview Avenue,anti-social-behaviour
2025-11,-6.004134,54.059454,On or near Knockchree Avenue,anti-social-behaviour
2025-11,-6.011032,54.065004,On or near Hillside Drive,criminal-damage-arson
2025-11,-6.015937,54.064331,On or near Hillside Drive,criminal-damage-arson
2025-11,-6.006832,54.063066,On or near Harbour Road,other-theft
2025-11,-6.009697,54.061298,On or near Greencastle Street,shoplifting
2025-11,-6.006884,54.063893,On or near Mountain Road,theft-from-the-person
2025-11,-6.006832,54.063066,On or near Harbour Road,violent-crime
2025-11,-6.002673,54.060921,On or near Harbour Road,violent-crime
2025-11,-6.038879,54.051399,On or near Dunnaval Road,violent-crime
2025-11,-6.013933,54.057352,On or near Derryogue Park,violent-crime
2025-11,-6.010985,54.064375,On or near Slieveshan Park,violent-crime
2025-11,-5.915371,54.420307,On or near Magheraknock Road,anti-social-behaviour
2025-11,-5.920108,54.412886,On or near Lisburn Road,anti-social-behaviour
2025-11,-5.811371,54.391033,On or near Pegg's Wood Lane,burglary
2025-11,-5.855102,54.428147,On or near ,burglary
2025-11,-5.877098,54.407501,On or near Hall Road,criminal-damage-arson
2025-11,-5.903404,54.438016,On or near ,criminal-damage-arson
2025-11,-5.862847,54.414357,On or near ,criminal-damage-arson
2025-11,-5.892168,54.419697,On or near Belfast Road,drugs
2025-11,-5.811371,54.391033,On or near Pegg's Wood Lane,vehicle-crime
2025-11,-5.862847,54.414357,On or near ,violent-crime
2025-11,-5.795078,54.392228,On or near Pegg's Wood Lane,violent-crime
2025-11,-5.607978,54.266967,On or near Seaview,anti-social-behaviour
2025-11,-5.609922,54.262827,On or near Downpatrick Road,anti-social-behaviour
2025-11,-5.69073,54.28578,On or near Coniamstown Road,anti-social-behaviour
2025-11,-5.607442,54.259525,On or near Kildare Street,criminal-damage-arson
2025-11,-5.63954,54.24711,On or near ,drugs
2025-11,-5.684542,54.272066,On or near Bright Road,other-theft
2025-11,-5.609903,54.264211,On or near Bay Rock Avenue,shoplifting
2025-11,-5.63954,54.24711,On or near ,violent-crime
2025-11,-5.607604,54.259115,On or near ,violent-crime
2025-11,-5.687157,54.255537,On or near Lisoid Road,violent-crime
2025-11,-5.645545,54.256178,On or near Main Street,violent-crime
2025-11,-5.717649,54.252794,On or near Minerstown Road,violent-crime
2025-11,-5.707219,54.279248,On or near ,violent-crime
2025-11,-6.024466,54.065504,On or near Scrogg Road,anti-social-behaviour
2025-11,-6.153519,54.072273,On or near Killowen Old Road,anti-social-behaviour
2025-11,-6.072005,54.081965,On or near Tullyframe Road,burglary
2025-11,-6.051186,54.121183,On or near Island Road,other-theft
2025-11,-6.024082,54.066505,On or near Dunnaman Park,public-order
2025-11,-6.035273,54.08766,On or near Aughrim Road,violent-crime
2025-11,-6.028473,54.065723,On or near Grove Hill,violent-crime
2025-11,-6.020054,54.066735,On or near Grange Manor,violent-crime
2025-11,-6.044172,54.057371,On or near Ballyardle Road,violent-crime
2025-11,-6.058784,54.061058,On or near ,violent-crime
2025-11,-6.024082,54.066505,On or near Dunnaman Park,other-crime
2025-11,-6.334155,54.261825,On or near Glen Road,anti-social-behaviour
2025-11,-6.255825,54.22864,On or near Finnard Road,criminal-damage-arson
2025-11,-6.255825,54.22864,On or near Finnard Road,violent-crime
2025-11,-6.482361,54.122282,On or near ,anti-social-behaviour
2025-11,-6.497283,54.128354,On or near ,burglary
2025-11,-6.531773,54.073596,On or near Cortreasla Road,burglary
2025-11,-6.476028,54.105607,On or near Belmont Crescent,drugs
2025-11,-6.487071,54.068567,On or near New Road,other-theft
2025-11,-6.511743,54.118022,On or near Cashel Road,violent-crime
2025-11,-6.478451,54.106662,On or near Glebe Park,violent-crime
2025-11,-5.890513,54.221934,On or near Burrendale Park Road,anti-social-behaviour
2025-11,-5.887212,54.219621,On or near Westland Avenue,anti-social-behaviour
2025-11,-5.888556,54.223023,On or near Burrendale Park Road,anti-social-behaviour
2025-11,-5.893638,54.222905,On or near Burrenview Way,anti-social-behaviour
2025-11,-5.901921,54.218315,On or near Bryansford Road,anti-social-behaviour
2025-11,-5.893178,54.222295,On or near Burrenview Court,anti-social-behaviour
2025-11,-5.891082,54.222501,On or near Bracken Avenue,anti-social-behaviour
2025-11,-5.886206,54.2183,On or near Merrion Avenue,anti-social-behaviour
2025-11,-5.868589,54.232591,On or near Dundrum Road,burglary
2025-11,-5.896018,54.229479,On or near Carrigs Road,burglary
2025-11,-5.884462,54.223023,On or near Dundrum Road,burglary
2025-11,-5.883861,54.224873,On or near Corrigs Avenue,burglary
2025-11,-5.891082,54.222501,On or near Bracken Avenue,criminal-damage-arson
2025-11,-5.893496,54.219075,On or near Ballaghbeg Park,criminal-damage-arson
2025-11,-5.86651,54.238386,On or near Flush Road,criminal-damage-arson
2025-11,-5.89054,54.217208,On or near Hunters Walk,criminal-damage-arson
2025-11,-5.868589,54.232591,On or near Dundrum Road,drugs
2025-11,-5.894167,54.224864,On or near ,other-theft
2025-11,-5.893178,54.222295,On or near Burrenview Court,other-theft
2025-11,-5.892739,54.219179,On or near Ballaghbeg Park,shoplifting
2025-11,-5.892498,54.221502,On or near Burrenview Court,violent-crime
2025-11,-5.896018,54.229479,On or near Carrigs Road,violent-crime
2025-11,-5.89054,54.217208,On or near Hunters Walk,violent-crime
2025-11,-5.888556,54.223023,On or near Burrendale Park Road,violent-crime
2025-11,-5.891543,54.222788,On or near Bracken Avenue,violent-crime
2025-11,-5.893638,54.222905,On or near Burrenview Way,violent-crime
2025-11,-6.597786,54.154239,On or near Barkers Road,anti-social-behaviour
2025-11,-6.588717,54.130153,On or near Slatequarry Road,anti-social-behaviour
2025-11,-6.587235,54.130567,On or near St. Patricks Park,anti-social-behaviour
2025-11,-6.578259,54.192932,On or near Dungormley Estate,anti-social-behaviour
2025-11,-6.631469,54.189712,On or near Knockowen Road,burglary
2025-11,-6.583857,54.108039,On or near Ballyfannahan Road,burglary
2025-11,-6.575684,54.188526,On or near Dundalk Street,burglary
2025-11,-6.577064,54.194265,On or near Meadowvale,criminal-damage-arson
2025-11,-6.577204,54.197331,On or near Ninemile Road,drugs
2025-11,-6.577204,54.197331,On or near Ninemile Road,other-theft
2025-11,-6.577204,54.197331,On or near Ninemile Road,possession-of-weapons
2025-11,-6.601893,54.125042,On or near Sheetrim Road,vehicle-crime
2025-11,-6.597786,54.154239,On or near Barkers Road,violent-crime
2025-11,-6.577204,54.197331,On or near Ninemile Road,violent-crime
2025-11,-6.575887,54.180828,On or near Dundalk Road,violent-crime
2025-11,-6.576276,54.190896,On or near Armagh Street,violent-crime
2025-11,-6.576275,54.190473,On or near Dundalk Street,violent-crime
2025-11,-6.575684,54.188526,On or near Dundalk Street,violent-crime
2025-11,-5.696695,54.349739,On or near Strangford Road,anti-social-behaviour
2025-11,-5.711648,54.341406,On or near Orchard Crescent,anti-social-behaviour
2025-11,-5.739321,54.366783,On or near Belfast Road,criminal-damage-arson
2025-11,-5.696695,54.349739,On or near Strangford Road,drugs
2025-11,-5.728908,54.360288,On or near Greystown Road,other-theft
2025-11,-5.728908,54.360288,On or near Greystown Road,violent-crime
2025-11,-5.700204,54.343381,On or near Strangford Road,violent-crime
2025-11,-6.204961,54.123908,On or near Lower Knockbarragh Road,anti-social-behaviour
2025-11,-6.194338,54.097701,On or near Cloughmore Road,criminal-damage-arson
2025-11,-6.195462,54.103136,On or near Cherry Hill,criminal-damage-arson
2025-11,-6.184345,54.104928,On or near Shanwillan,drugs
2025-11,-6.183738,54.10517,On or near Gleann Si,violent-crime
2025-11,-6.215481,54.11012,On or near ,other-crime
2025-11,-5.830809,54.459431,On or near Queens Park North,anti-social-behaviour
2025-11,-5.829764,54.458199,On or near Queens Park North,criminal-damage-arson
2025-11,-5.826974,54.458167,On or near Rowallane Dale,violent-crime
2025-11,-5.832547,54.460397,On or near Comber Street,violent-crime
2025-11,-5.829281,54.460033,On or near Woodrow Gardens,other-crime
2025-11,-6.330092,54.178542,On or near Cowan Street,anti-social-behaviour
2025-11,-6.321985,54.185824,On or near Rathfriland Road,anti-social-behaviour
2025-11,-6.335799,54.177929,On or near Trevor Hill,criminal-damage-arson
2025-11,-6.333546,54.179102,On or near Sandys Street,criminal-damage-arson
2025-11,-6.330078,54.181174,On or near Windsor Hill,criminal-damage-arson
2025-11,-6.332398,54.183659,On or near Windsor Avenue,criminal-damage-arson
2025-11,-6.330092,54.178542,On or near Cowan Street,drugs
2025-11,-6.332671,54.182189,On or near Downshire Road,drugs
2025-11,-6.318863,54.19029,On or near Annsville,other-theft
2025-11,-6.321985,54.185824,On or near Rathfriland Road,possession-of-weapons
2025-11,-6.333546,54.179102,On or near Sandys Street,possession-of-weapons
2025-11,-6.332671,54.182189,On or near Downshire Road,shoplifting
2025-11,-6.330078,54.181174,On or near Windsor Hill,violent-crime
2025-11,-6.330092,54.178542,On or near Cowan Street,violent-crime
2025-11,-6.333584,54.180818,On or near Downshire Road,violent-crime
2025-11,-6.332398,54.183659,On or near Windsor Avenue,violent-crime
2025-11,-6.333546,54.179102,On or near Sandys Street,violent-crime
2025-11,-6.334377,54.179005,On or near Trevor Hill,violent-crime
2025-11,-6.335799,54.177929,On or near Trevor Hill,violent-crime
2025-11,-6.334572,54.182153,On or near Glin Ree Court,violent-crime
2025-11,-6.324275,54.179593,On or near Fern Heights,violent-crime
2025-11,-5.601082,54.329885,On or near Whitehills Road,anti-social-behaviour
2025-11,-5.550739,54.333573,On or near Bishopscourt Road,anti-social-behaviour
2025-11,-5.646152,54.358558,On or near ,criminal-damage-arson
2025-11,-5.686274,54.334551,On or near Ardfern Park,drugs
2025-11,-5.685625,54.33789,On or near Ardfern Road,other-theft
2025-11,-5.552488,54.347878,On or near ,violent-crime
2025-11,-5.641944,54.362456,On or near Myra Road,violent-crime
2025-11,-5.959654,54.250522,On or near John F Kennedy Estate,anti-social-behaviour
2025-11,-6.114183,54.208859,On or near Castlewellan Road,criminal-damage-arson
2025-11,-6.03202,54.231464,On or near Old Mill Place,other-theft
2025-11,-6.080644,54.204241,On or near Bryansford Road,other-theft
2025-11,-5.939064,54.253559,On or near Drumee Walk,violent-crime
2025-11,-6.028289,54.233155,On or near Blackthorn Close,violent-crime
2025-11,-6.063365,54.242664,On or near Convent Road,violent-crime
2025-11,-5.942457,54.252287,On or near Commedagh Park,violent-crime
2025-11,-6.253705,54.098623,On or near Havelock Place,anti-social-behaviour
2025-11,-6.257852,54.105817,On or near Essmore,anti-social-behaviour
2025-11,-6.253821,54.100951,On or near Dock Street,anti-social-behaviour
2025-11,-6.259598,54.105743,On or near Carrickree,anti-social-behaviour
2025-11,-6.248544,54.099554,On or near Slieve Foy Place,anti-social-behaviour
2025-11,-6.249167,54.099635,On or near Parkside,anti-social-behaviour
2025-11,-6.255994,54.10198,On or near Charlotte Street,anti-social-behaviour
2025-11,-6.257916,54.10429,On or near Rath Cuain,criminal-damage-arson
2025-11,-6.249082,54.1002,On or near Alexander Drive,other-theft
2025-11,-6.257916,54.10429,On or near Rath Cuain,possession-of-weapons
2025-11,-6.257916,54.10429,On or near Rath Cuain,violent-crime
2025-11,-6.257476,54.104203,On or near Rath Cuain,violent-crime
2025-11,-6.258482,54.104649,On or near Rath Cuain,violent-crime
2025-11,-6.249607,54.104799,On or near Mourne Drive,violent-crime
2025-11,-6.247719,54.102795,On or near Rossmara Park,violent-crime
2025-11,-6.249167,54.099635,On or near Parkside,violent-crime
2025-11,-6.259709,54.103804,On or near Clermont Gardens,violent-crime
2025-11,-6.251356,54.103575,On or near Jemesons Court,violent-crime
2025-11,-6.256324,54.102857,On or near Clermont Gardens,violent-crime
2025-11,-6.396297,54.196567,On or near Charlemont Square East,anti-social-behaviour
2025-11,-6.396734,54.196357,On or near Charlemont Square North,anti-social-behaviour
2025-11,-6.407747,54.196881,On or near Convent Hill,anti-social-behaviour
2025-11,-6.391473,54.223709,On or near Armagh Road,anti-social-behaviour
2025-11,-6.395529,54.196997,On or near O'donoghue Park,anti-social-behaviour
2025-11,-6.36397,54.201487,On or near Armagh Road,anti-social-behaviour
2025-11,-6.392723,54.197049,On or near College Square West,criminal-damage-arson
2025-11,-6.369995,54.236843,On or near Tandragee Road,drugs
2025-11,-6.376883,54.26257,On or near ,vehicle-crime
2025-11,-6.393411,54.197876,On or near College Square North,violent-crime
2025-11,-6.394186,54.197653,On or near College Square North,violent-crime
2025-11,-6.41372,54.215738,On or near Divernagh Road,violent-crime
2025-11,-6.387884,54.20092,On or near Maytown Road,violent-crime
2025-11,-6.372777,54.210178,On or near Latt Villas,violent-crime
2025-11,-6.367447,54.197644,On or near Kidds Road,violent-crime
2025-11,-6.381703,54.196731,On or near Riverside Crescent,violent-crime
2025-11,-6.395946,54.195745,On or near Charlemont Square West,violent-crime
2025-11,-5.629894,54.654679,On or near Kilmaine Road,violent-crime
2025-11,-5.791653,54.503173,On or near Hampton Court,anti-social-behaviour
2025-11,-5.788617,54.504222,On or near Brae Grove,anti-social-behaviour
2025-11,-5.788224,54.504341,On or near Brae Grove,anti-social-behaviour
2025-11,-5.786457,54.504183,On or near Comber Road,anti-social-behaviour
2025-11,-5.790618,54.501761,On or near Dickson Park,anti-social-behaviour
2025-11,-5.784673,54.50406,On or near Carsons Lane,anti-social-behaviour
2025-11,-5.786457,54.504183,On or near Comber Road,criminal-damage-arson
2025-11,-5.781275,54.506082,On or near Magherascouse Road,drugs
2025-11,-5.798168,54.506913,On or near Tullygarvan Road,other-theft
2025-11,-5.791883,54.501496,On or near Church Hill Park,shoplifting
2025-11,-5.787538,54.505892,On or near Brae Park,violent-crime
2025-11,-5.783778,54.505194,On or near Carsons Mews,violent-crime
2025-11,-5.791653,54.503173,On or near Hampton Court,violent-crime
2025-11,-5.654708,54.637425,On or near Willowbrook Park,anti-social-behaviour
2025-11,-5.675301,54.634615,On or near Ardvanagh Avenue,anti-social-behaviour
2025-11,-5.660919,54.636629,On or near Rathgill Link,anti-social-behaviour
2025-11,-5.655622,54.641451,On or near Balloo Walk,anti-social-behaviour
2025-11,-5.662409,54.634142,On or near ,anti-social-behaviour
2025-11,-5.666227,54.636713,On or near Rathgill Meadow,anti-social-behaviour
2025-11,-5.632694,54.628928,On or near Cotton Road,anti-social-behaviour
2025-11,-5.669473,54.641448,On or near Balloo Way,anti-social-behaviour
2025-11,-5.657473,54.639168,On or near Glen Annesley Drive,anti-social-behaviour
2025-11,-5.65349,54.638929,On or near Willowbrook Crescent,anti-social-behaviour
2025-11,-5.668438,54.6322,On or near Breezemount Rise,criminal-damage-arson
2025-11,-5.632694,54.628928,On or near Cotton Road,drugs
2025-11,-5.664267,54.630116,On or near Stonebridge Avenue,other-theft
2025-11,-5.655007,54.640297,On or near Willowbrook Gardens,other-theft
2025-11,-5.656794,54.63725,On or near Cronston Court,possession-of-weapons
2025-11,-5.670828,54.644026,On or near Balloo Link,shoplifting
2025-11,-5.659567,54.639406,On or near Rathgill Way,shoplifting
2025-11,-5.651592,54.638272,On or near ,violent-crime
2025-11,-5.632589,54.629132,On or near Cotton Road,violent-crime
2025-11,-5.672561,54.630788,On or near Greenway,violent-crime
2025-11,-5.666075,54.632892,On or near Ardvanagh Court,violent-crime
2025-11,-5.670828,54.644026,On or near Balloo Link,violent-crime
2025-11,-5.654421,54.637024,On or near Willowbrook Park,violent-crime
2025-11,-5.659456,54.636475,On or near Crochan Court,violent-crime
2025-11,-5.654708,54.637425,On or near Willowbrook Park,violent-crime
2025-11,-5.656093,54.641352,On or near Balloo Walk,violent-crime
2025-11,-5.669649,54.631595,On or near Breezemount Park,violent-crime
2025-11,-5.668438,54.6322,On or near Breezemount Rise,violent-crime
2025-11,-5.65874,54.639238,On or near Rathgill Drive,violent-crime
2025-11,-5.64973,54.638587,On or near Balmoral Avenue,violent-crime
2025-11,-5.668692,54.63101,On or near Breezemount Close,other-crime
2025-11,-5.643676,54.663691,On or near Groomsport Road,anti-social-behaviour
2025-11,-5.650591,54.665021,"On or near Second Avenue, Bay Lands",criminal-damage-arson
2025-11,-5.64304,54.665314,On or near Sandhurst Park,violent-crime
2025-11,-5.63465,54.664046,On or near Willow Park,violent-crime
2025-11,-5.635005,54.66354,On or near Ashley Drive,other-crime
2025-11,-5.635914,54.659631,On or near Riverside Road,other-crime
2025-11,-5.644926,54.663257,On or near Groomsport Road,other-crime
2025-11,-5.629089,54.645885,On or near Albany Road,anti-social-behaviour
2025-11,-5.642976,54.643397,On or near Bexley Road,anti-social-behaviour
2025-11,-5.635205,54.644351,On or near Stratford Rise,anti-social-behaviour
2025-11,-5.638221,54.643907,On or near Ashbury Avenue,anti-social-behaviour
2025-11,-5.625958,54.645114,On or near Ballycrochan Court,public-order
2025-11,-5.637089,54.643669,On or near ,violent-crime
2025-11,-5.642976,54.643397,On or near Bexley Road,violent-crime
2025-11,-5.49235,54.545973,On or near Westland Park,anti-social-behaviour
2025-11,-5.47708,54.49988,On or near ,anti-social-behaviour
2025-11,-5.489169,54.546177,On or near Stewart Crescent,anti-social-behaviour
2025-11,-5.489336,54.543466,On or near Briar Park,criminal-damage-arson
2025-11,-5.468996,54.495533,On or near Hawthorn Crescent,criminal-damage-arson
2025-11,-5.485072,54.54469,On or near Fowler Way,violent-crime
2025-11,-5.485764,54.544992,On or near Main Street,violent-crime
2025-11,-5.486109,54.547937,On or near Broadway,violent-crime
2025-11,-5.49022,54.5414,On or near ,violent-crime
2025-11,-5.560084,54.535318,On or near Newtownards Road,violent-crime
2025-11,-5.566531,54.535511,On or near Watermeade Park,violent-crime
2025-11,-5.657444,54.647767,On or near ,anti-social-behaviour
2025-11,-5.662538,54.645134,On or near Ballyvester Grove,anti-social-behaviour
2025-11,-5.649317,54.639837,On or near Cayman Drive,criminal-damage-arson
2025-11,-5.660236,54.644469,On or near Primacy Park,criminal-damage-arson
2025-11,-5.657444,54.647767,On or near ,other-theft
2025-11,-5.657444,54.647767,On or near ,shoplifting
2025-11,-5.662538,54.645134,On or near Ballyvester Grove,violent-crime
2025-11,-5.657444,54.647767,On or near ,violent-crime
2025-11,-5.659813,54.659646,On or near Moira Drive,anti-social-behaviour
2025-11,-5.644966,54.659898,On or near Thornleigh Park,drugs
2025-11,-5.662778,54.657951,On or near Castle Street,violent-crime
2025-11,-5.646476,54.657366,On or near ,violent-crime
2025-11,-5.657653,54.6592,On or near Maralin Avenue,violent-crime
2025-11,-5.657183,54.660907,On or near Broadway,violent-crime
2025-11,-5.683068,54.658997,On or near Brunswick Avenue,anti-social-behaviour
2025-11,-5.682639,54.658908,On or near Brunswick Road,drugs
2025-11,-5.686923,54.65935,On or near Grange Avenue,violent-crime
2025-11,-5.683231,54.656673,On or near Rugby Avenue,violent-crime
2025-11,-5.683068,54.658997,On or near Brunswick Avenue,violent-crime
2025-11,-5.528265,54.606613,On or near Main Street,anti-social-behaviour
2025-11,-5.555495,54.577935,On or near Johnston Park,anti-social-behaviour
2025-11,-5.602864,54.577859,On or near Ballycastle Road,anti-social-behaviour
2025-11,-5.548633,54.551818,On or near Cardy Road,anti-social-behaviour
2025-11,-5.552611,54.577005,On or near Ashvale Park,anti-social-behaviour
2025-11,-5.561468,54.57013,On or near Manse Close,anti-social-behaviour
2025-11,-5.528603,54.604616,On or near ,burglary
2025-11,-5.529367,54.606824,On or near ,criminal-damage-arson
2025-11,-5.558071,54.573917,On or near Main Street,drugs
2025-11,-5.593802,54.556032,On or near ,drugs
2025-11,-5.552239,54.577797,On or near Castle Place,violent-crime
2025-11,-5.553654,54.5769,On or near Main Street,violent-crime
2025-11,-5.557484,54.573644,On or near ,violent-crime
2025-11,-5.53146,54.604989,On or near ,violent-crime
2025-11,-5.6607,54.650157,On or near Knockdene,anti-social-behaviour
2025-11,-5.666041,54.660234,On or near ,anti-social-behaviour
2025-11,-5.674644,54.650722,On or near ,anti-social-behaviour
2025-11,-5.672662,54.657207,On or near Abbey Street,anti-social-behaviour
2025-11,-5.670318,54.649956,On or near Whitehill Drive,anti-social-behaviour
2025-11,-5.662577,54.648755,On or near Lismore Avenue,anti-social-behaviour
2025-11,-5.660238,54.65172,On or near Tughan Court,anti-social-behaviour
2025-11,-5.669034,54.659932,On or near Market Street,anti-social-behaviour
2025-11,-5.661315,54.652128,On or near Bloomfield Place,anti-social-behaviour
2025-11,-5.67038,54.648061,On or near Abbot's Walk,anti-social-behaviour
2025-11,-5.663467,54.648368,On or near Lisnabreen Crescent,anti-social-behaviour
2025-11,-5.669034,54.659932,On or near Market Street,bicycle-theft
2025-11,-5.66676,54.647695,On or near Skipperstone Road,burglary
2025-11,-5.671591,54.650457,On or near Whitehill Avenue,criminal-damage-arson
2025-11,-5.669465,54.647001,On or near ,criminal-damage-arson
2025-11,-5.66387,54.647828,On or near Lisadell Place,criminal-damage-arson
2025-11,-5.670202,54.646306,On or near Clanmorris Avenue,criminal-damage-arson
2025-11,-5.656952,54.654155,On or near Glenaan Court,criminal-damage-arson
2025-11,-5.673955,54.64733,On or near The Green,drugs
2025-11,-5.671587,54.651068,On or near Abbey Hill Drive,drugs
2025-11,-5.66676,54.647695,On or near Skipperstone Road,drugs
2025-11,-5.661452,54.647853,On or near ,other-theft
2025-11,-5.665919,54.647778,On or near Skipperstone Road,other-theft
2025-11,-5.6607,54.650157,On or near Knockdene,possession-of-weapons
2025-11,-5.668506,54.659688,On or near Market Street,shoplifting
2025-11,-5.673117,54.648698,On or near Abbot's Close,violent-crime
2025-11,-5.671433,54.6581,On or near Abbey Street,violent-crime
2025-11,-5.669465,54.647001,On or near ,violent-crime
2025-11,-5.66676,54.647695,On or near Skipperstone Road,violent-crime
2025-11,-5.668234,54.659557,On or near Market Street,violent-crime
2025-11,-5.65419,54.649914,On or near Ashdale Crescent,violent-crime
2025-11,-5.66387,54.647828,On or near Lisadell Place,violent-crime
2025-11,-5.666041,54.660234,On or near ,violent-crime
2025-11,-5.671675,54.653334,On or near Abbey Park,violent-crime
2025-11,-5.665438,54.659674,On or near May Avenue,violent-crime
2025-11,-5.674644,54.650722,On or near ,other-crime
2025-11,-5.668068,54.647576,On or near Whitehill Drive,other-crime
2025-11,-5.680627,54.637368,On or near Beechfield Crescent,anti-social-behaviour
2025-11,-5.710843,54.646856,On or near Rathgael Road,anti-social-behaviour
2025-11,-5.692182,54.641767,On or near Lord Warden's Glade,anti-social-behaviour
2025-11,-5.714974,54.627355,On or near Crawfordsburn Road,drugs
2025-11,-5.681848,54.640141,On or near Lord Warden's Green,drugs
2025-11,-5.692182,54.641767,On or near Lord Warden's Glade,shoplifting
2025-11,-5.710843,54.646856,On or near Rathgael Road,violent-crime
2025-11,-5.677216,54.628739,On or near ,violent-crime
2025-11,-5.683644,54.639339,On or near Lord Warden's Crescent,other-crime
2025-11,-5.742289,54.55417,On or near Straiddorn Green,anti-social-behaviour
2025-11,-5.73962,54.553796,On or near Darragh Gardens,anti-social-behaviour
2025-11,-5.739614,54.551379,On or near ,anti-social-behaviour
2025-11,-5.742208,54.555363,On or near Dunsy Way,criminal-damage-arson
2025-11,-5.734965,54.554949,On or near Copeland Crescent,criminal-damage-arson
2025-11,-5.734009,54.556297,On or near Dermott Road,other-theft
2025-11,-5.732537,54.556907,On or near Dermott Park,other-theft
2025-11,-5.731058,54.550967,On or near Laburnum Crescent,violent-crime
2025-11,-5.742208,54.555363,On or near Dunsy Way,violent-crime
2025-11,-5.739354,54.551338,On or near Upper Crescent,violent-crime
2025-11,-5.736463,54.551068,On or near Bruce Avenue,violent-crime
2025-11,-5.739614,54.551379,On or near ,violent-crime
2025-11,-5.748316,54.554758,On or near Enler Park,violent-crime
2025-11,-5.737093,54.549175,On or near Cherryvalley Crescent,anti-social-behaviour
2025-11,-5.742118,54.544956,On or near ,other-theft
2025-11,-5.742896,54.549059,On or near ,violent-crime
2025-11,-5.719397,54.513125,On or near Killinchy Road,violent-crime
2025-11,-5.736183,54.541889,On or near Ashdene Grange,other-crime
2025-11,-5.754956,54.548718,On or near Railway Street,anti-social-behaviour
2025-11,-5.76323,54.54976,On or near Dalton Drive,criminal-damage-arson
2025-11,-5.754956,54.548718,On or near Railway Street,violent-crime
2025-11,-5.754682,54.549485,On or near Railway Street,violent-crime
2025-11,-5.687442,54.59346,On or near Georges Street,anti-social-behaviour
2025-11,-5.690867,54.591998,On or near Greenwell Street,anti-social-behaviour
2025-11,-5.699176,54.593378,On or near Mill Street,anti-social-behaviour
2025-11,-5.703224,54.587992,On or near Lisbane Drive,anti-social-behaviour
2025-11,-5.692539,54.594177,On or near East Street,anti-social-behaviour
2025-11,-5.687492,54.597217,On or near Victoria Road,anti-social-behaviour
2025-11,-5.696727,54.591535,On or near Court Street,anti-social-behaviour
2025-11,-5.698051,54.59165,On or near John Street,anti-social-behaviour
2025-11,-5.695141,54.596312,On or near Upper North Street,anti-social-behaviour
2025-11,-5.69854,54.58873,On or near Scrabo View Terrace,anti-social-behaviour
2025-11,-5.689714,54.591859,On or near Greenwell Street,anti-social-behaviour
2025-11,-5.697984,54.597498,On or near ,anti-social-behaviour
2025-11,-5.699544,54.591786,On or near John Street,anti-social-behaviour
2025-11,-5.697009,54.59393,On or near Lower Mary Street,anti-social-behaviour
2025-11,-5.701252,54.594424,On or near Regent Street,anti-social-behaviour
2025-11,-5.692788,54.592232,On or near Old Cross Street,anti-social-behaviour
2025-11,-5.693492,54.591266,On or near Old Cross Street,anti-social-behaviour
2025-11,-5.706191,54.589693,On or near Dromena Gardens,burglary
2025-11,-5.699039,54.594157,On or near Regent Street,criminal-damage-arson
2025-11,-5.695075,54.593103,On or near Meetinghouse Lane,criminal-damage-arson
2025-11,-5.689548,54.589322,On or near Lamont Avenue,criminal-damage-arson
2025-11,-5.68997,54.594182,On or near East Street,drugs
2025-11,-5.703856,54.59132,On or near John Street,drugs
2025-11,-5.695933,54.593802,On or near Frances Street,drugs
2025-11,-5.699086,54.596611,On or near Mark Street,drugs
2025-11,-5.684126,54.59,On or near Lenamore Park,other-theft
2025-11,-5.695214,54.595846,On or near North Street,other-theft
2025-11,-5.687492,54.597217,On or near Victoria Road,other-theft
2025-11,-5.694666,54.594326,On or near East Street,other-theft
2025-11,-5.709371,54.589277,On or near Windsor Avenue,other-theft
2025-11,-5.702929,54.591572,On or near John Street,public-order
2025-11,-5.696948,54.59392,On or near Frances Street,shoplifting
2025-11,-5.689545,54.592943,On or near ,shoplifting
2025-11,-5.693557,54.592588,On or near High Street,shoplifting
2025-11,-5.689548,54.589322,On or near Lamont Avenue,vehicle-crime
2025-11,-5.697825,54.593191,On or near Pound Street,violent-crime
2025-11,-5.701528,54.592282,On or near Mill Street Court,violent-crime
2025-11,-5.701651,54.597226,On or near William Street Court,violent-crime
2025-11,-5.699039,54.594157,On or near Regent Street,violent-crime
2025-11,-5.699176,54.593378,On or near Mill Street,violent-crime
2025-11,-5.703856,54.59132,On or near John Street,violent-crime
2025-11,-5.688718,54.589782,On or near Portaferry Road,violent-crime
2025-11,-5.705591,54.591299,On or near Spelga Place,violent-crime
2025-11,-5.687376,54.591078,On or near Moyne Gardens,violent-crime
2025-11,-5.687802,54.592299,On or near Georges Street,violent-crime
2025-11,-5.695052,54.593237,On or near Meetinghouse Lane,other-crime
2025-11,-5.689548,54.589322,On or near Lamont Avenue,other-crime
2025-11,-5.668972,54.602019,On or near Lawnbrook Drive,criminal-damage-arson
2025-11,-5.665558,54.598656,On or near ,violent-crime
2025-11,-5.668972,54.602019,On or near Lawnbrook Drive,violent-crime
2025-11,-5.777078,54.62136,On or near Ballymiscaw Road,anti-social-behaviour
2025-11,-5.815128,54.644929,On or near Rannoch Road,criminal-damage-arson
2025-11,-5.812006,54.646238,On or near Dalwhinney Road,criminal-damage-arson
2025-11,-5.80612,54.649932,On or near Bangor Road,criminal-damage-arson
2025-11,-5.816203,54.647132,On or near Brown's Park,other-theft
2025-11,-5.816203,54.647132,On or near Brown's Park,shoplifting
2025-11,-5.767951,54.660484,On or near Old Seahill Road,violent-crime
2025-11,-5.814534,54.64127,On or near Princess Park,violent-crime
2025-11,-5.813983,54.649518,On or near Orchard Way,violent-crime
2025-11,-5.766746,54.661819,On or near Seahill Road,violent-crime
2025-11,-5.786559,54.655749,On or near Ballygrainey Road,violent-crime
2025-11,-5.770766,54.65917,On or near Old Seahill Road,violent-crime
2025-11,-5.539396,54.634552,On or near Cypress Crescent,anti-social-behaviour
2025-11,-5.533012,54.643012,On or near Parade,anti-social-behaviour
2025-11,-5.531786,54.641001,On or near William Street,criminal-damage-arson
2025-11,-5.532174,54.642025,On or near Saltworks Street,criminal-damage-arson
2025-11,-5.539396,54.634552,On or near Cypress Crescent,violent-crime
2025-11,-5.53148,54.640186,On or near ,violent-crime
2025-11,-5.533803,54.633791,On or near ,violent-crime
2025-11,-5.53968,54.636516,On or near Rosepark,other-crime
2025-11,-5.53148,54.640186,On or near ,other-crime
2025-11,-5.696509,54.600875,On or near Glenburn Road,anti-social-behaviour
2025-11,-5.682102,54.60574,On or near Beverley Road,anti-social-behaviour
2025-11,-5.679905,54.605725,On or near Beverley Crescent,anti-social-behaviour
2025-11,-5.680353,54.615519,On or near Bangor Road,anti-social-behaviour
2025-11,-5.695784,54.60247,On or near Greenwood Avenue,anti-social-behaviour
2025-11,-5.680523,54.602205,On or near Rosevale Avenue,criminal-damage-arson
2025-11,-5.696509,54.600875,On or near Glenburn Road,criminal-damage-arson
2025-11,-5.697603,54.601229,On or near Glenburn Road,drugs
2025-11,-5.695088,54.601082,On or near ,violent-crime
2025-11,-5.693815,54.600617,On or near ,violent-crime
2025-11,-5.686481,54.601663,On or near Stewart Road,violent-crime
2025-11,-5.687431,54.600478,On or near Dorwood Park,violent-crime
2025-11,-5.696509,54.600875,On or near Glenburn Road,violent-crime
2025-11,-5.684832,54.591999,On or near Ringburr Court,anti-social-behaviour
2025-11,-5.673615,54.585746,On or near Teal Rocks,anti-social-behaviour
2025-11,-5.678721,54.585467,On or near The Oaks,anti-social-behaviour
2025-11,-5.674547,54.582951,On or near Teal Rocks,burglary
2025-11,-5.681657,54.593682,On or near Old Movilla Road,criminal-damage-arson
2025-11,-5.678721,54.585467,On or near The Oaks,drugs
2025-11,-5.674961,54.584649,On or near Tern Park,violent-crime
2025-11,-5.672862,54.583476,On or near Lapwing Park,violent-crime
2025-11,-5.681657,54.593682,On or near Old Movilla Road,violent-crime
2025-11,-5.618581,54.673219,On or near Springwell Avenue,anti-social-behaviour
2025-11,-5.620549,54.662907,On or near ,anti-social-behaviour
2025-11,-5.594884,54.670163,On or near Lower Balloo Road,anti-social-behaviour
2025-11,-5.63062,54.664578,On or near Greenland Drive,anti-social-behaviour
2025-11,-5.628382,54.667068,On or near Ballymacormick Road,criminal-damage-arson
2025-11,-5.612143,54.673281,On or near Cove Hollow,violent-crime
2025-11,-5.671616,54.660862,On or near Central Avenue,anti-social-behaviour
2025-11,-5.674504,54.663748,On or near ,anti-social-behaviour
2025-11,-5.672768,54.661864,On or near Gray's Hill,anti-social-behaviour
2025-11,-5.671075,54.659486,On or near Dufferin Avenue,anti-social-behaviour
2025-11,-5.653342,54.667033,On or near Seacliff Road,anti-social-behaviour
2025-11,-5.66182,54.661949,On or near Prospect Road,anti-social-behaviour
2025-11,-5.670535,54.65944,On or near Dufferin Avenue,anti-social-behaviour
2025-11,-5.664447,54.666125,On or near Holborn Lane,anti-social-behaviour
2025-11,-5.667205,54.662916,On or near ,bicycle-theft
2025-11,-5.664447,54.666125,On or near Holborn Lane,burglary
2025-11,-5.673962,54.660764,On or near Central Avenue,criminal-damage-arson
2025-11,-5.666901,54.662003,On or near Bingham Lane,shoplifting
2025-11,-5.668955,54.661593,On or near ,violent-crime
2025-11,-5.671688,54.659597,On or near Dufferin Avenue,violent-crime
2025-11,-5.676961,54.664424,On or near Princetown Road,violent-crime
2025-11,-5.666286,54.663536,On or near High Street,violent-crime
2025-11,-5.665709,54.664127,On or near Albert Street,violent-crime
2025-11,-5.6728,54.661847,On or near Gray's Hill,other-crime
2025-11,-5.728855,54.658661,On or near Main Street,anti-social-behaviour
2025-11,-5.732993,54.665891,On or near Carolsteen Avenue,other-theft
2025-11,-5.747536,54.669199,On or near Quarry Court,other-theft
2025-11,-5.703392,54.659187,On or near Rathmore Crescent,shoplifting
2025-11,-5.834315,54.641895,On or near Shore Road,anti-social-behaviour
2025-11,-5.837716,54.639988,On or near Sullivan Close,anti-social-behaviour
2025-11,-5.819791,54.640889,On or near Woodlands,anti-social-behaviour
2025-11,-5.827426,54.634835,On or near Demesne Park,anti-social-behaviour
2025-11,-5.836226,54.642657,On or near Holywood By-pass,anti-social-behaviour
2025-11,-5.837716,54.639988,On or near Sullivan Close,criminal-damage-arson
2025-11,-5.82614,54.638909,On or near Church Road,drugs
2025-11,-5.827978,54.643947,On or near Bangor Road,violent-crime
2025-11,-5.832712,54.643196,On or near Stewart's Place,violent-crime
2025-11,-5.707154,54.647694,On or near Fern Grove,anti-social-behaviour
2025-11,-5.691785,54.646036,On or near ,anti-social-behaviour
2025-11,-5.694774,54.648789,On or near Owenroe Drive,anti-social-behaviour
2025-11,-5.694237,54.652804,On or near Orlock Gardens,anti-social-behaviour
2025-11,-5.694694,54.652678,On or near Orlock Gardens,anti-social-behaviour
2025-11,-5.697548,54.649605,On or near Drumawhey Gardens,anti-social-behaviour
2025-11,-5.70706,54.650199,On or near Old Belfast Road,anti-social-behaviour
2025-11,-5.700543,54.64844,On or near Ravara Gardens,criminal-damage-arson
2025-11,-5.701941,54.647541,On or near Drumhirk Drive,criminal-damage-arson
2025-11,-5.693269,54.648005,On or near Clandeboye Drive,criminal-damage-arson
2025-11,-5.700425,54.651888,On or near Orchardville Park,drugs
2025-11,-5.711497,54.647902,On or near Old Belfast Road,drugs
2025-11,-5.689681,54.647335,On or near Clandeboye Way,other-theft
2025-11,-5.692025,54.648368,On or near Loverock Close,other-theft
2025-11,-5.695539,54.651975,On or near Orlock Gardens,violent-crime
2025-11,-5.699933,54.647979,On or near Ballynoe Gardens,violent-crime
2025-11,-5.693789,54.649498,On or near Balligan Gardens,violent-crime
2025-11,-5.693148,54.647131,On or near Ballywalter Gardens,violent-crime
2025-11,-5.695344,54.64694,On or near ,violent-crime
2025-11,-5.711497,54.647902,On or near Old Belfast Road,violent-crime
2025-11,-5.704761,54.650578,On or near Jubilee Court,violent-crime
2025-11,-5.698955,54.649947,On or near Drumhirk Drive,other-crime
2025-11,-5.694295,54.650136,On or near Carrickmannin Gardens,other-crime
2025-11,-5.676554,54.473464,On or near Churchill Park,anti-social-behaviour
2025-11,-5.749517,54.479617,On or near ,anti-social-behaviour
2025-11,-5.73692,54.467431,On or near Raffrey Road,violent-crime
2025-11,-5.469308,54.438531,On or near Main Road,anti-social-behaviour
2025-11,-5.527448,54.485996,On or near Long Sheelah Avenue,criminal-damage-arson
2025-11,-5.469308,54.438531,On or near Main Road,criminal-damage-arson
2025-11,-5.533268,54.487508,On or near Main Street,criminal-damage-arson
2025-11,-5.533154,54.485825,On or near Cooks Cove,other-theft
2025-11,-5.469308,54.438531,On or near Main Road,violent-crime
2025-11,-5.511193,54.476649,On or near Rubane Road,violent-crime
2025-11,-5.474618,54.435416,On or near Quarter Road,violent-crime
2025-11,-5.467287,54.442802,On or near Castle Meadow Avenue,violent-crime
2025-11,-5.53529,54.487513,On or near Church Avenue,other-crime
2025-11,-5.65821,54.599134,On or near Old Forge Avenue,anti-social-behaviour
2025-11,-5.558806,54.626265,On or near Killaughey Road,anti-social-behaviour
2025-11,-5.576717,54.620137,On or near Killaughey Road,anti-social-behaviour
2025-11,-5.558806,54.626265,On or near Killaughey Road,violent-crime
2025-11,-5.541012,54.608032,On or near Ashley Crescent,violent-crime
2025-11,-5.840051,54.631593,On or near The Green,anti-social-behaviour
2025-11,-5.841454,54.63523,On or near Abbey Ring,anti-social-behaviour
2025-11,-5.841454,54.63523,On or near Abbey Ring,criminal-damage-arson
2025-11,-5.838481,54.638996,On or near Ean Hill,criminal-damage-arson
2025-11,-5.839302,54.634625,On or near Abbey Ring,criminal-damage-arson
2025-11,-5.848824,54.6297,On or near Belfast Road,shoplifting
2025-11,-5.839302,54.634625,On or near Abbey Ring,violent-crime
2025-11,-5.837357,54.637421,On or near Craigtara,violent-crime
2025-11,-5.84082,54.636369,On or near ,violent-crime
2025-11,-5.66886,54.594496,On or near Whitethorn Brae,anti-social-behaviour
2025-11,-5.668781,54.593991,On or near Whitethorn Brae,anti-social-behaviour
2025-11,-5.668349,54.589086,On or near Greenlea Crescent,anti-social-behaviour
2025-11,-5.669406,54.590895,On or near Meadow Court,criminal-damage-arson
2025-11,-5.670871,54.590438,On or near The Meadows,criminal-damage-arson
2025-11,-5.669406,54.590895,On or near Meadow Court,drugs
2025-11,-5.669406,54.590895,On or near Meadow Court,possession-of-weapons
2025-11,-5.676833,54.59987,On or near Donaghadee Road,shoplifting
2025-11,-5.671175,54.595682,On or near Movilla Road,violent-crime
2025-11,-5.670226,54.588727,On or near Burnreagh Court,violent-crime
2025-11,-5.66735,54.592499,On or near Abbot View,violent-crime
2025-11,-5.667433,54.592123,On or near Abbot Link Court,violent-crime
2025-11,-5.669406,54.590895,On or near Meadow Court,other-crime
2025-11,-5.527767,54.393221,On or near ,other-theft
2025-11,-5.513702,54.390515,On or near Ballyrusley Road,vehicle-crime
2025-11,-5.445466,54.456487,On or near New Harbour Road,anti-social-behaviour
2025-11,-5.478383,54.487749,On or near Victoria Road,anti-social-behaviour
2025-11,-5.450768,54.471183,On or near Main Road,anti-social-behaviour
2025-11,-5.449504,54.456536,On or near Bog Road,anti-social-behaviour
2025-11,-5.43756,54.466258,On or near ,anti-social-behaviour
2025-11,-5.445108,54.46223,On or near New Court,criminal-damage-arson
2025-11,-5.441856,54.461443,On or near Lawson Park,drugs
2025-11,-5.450219,54.470579,On or near ,other-theft
2025-11,-5.445466,54.456487,On or near New Harbour Road,violent-crime
2025-11,-5.449418,54.454441,On or near Cloughey Road,violent-crime
2025-11,-5.482394,54.463687,On or near ,violent-crime
2025-11,-5.456789,54.484538,On or near Back Road,violent-crime
2025-11,-5.440825,54.462895,On or near Springfield Gardens,other-crime
2025-11,-5.67683,54.656146,On or near ,anti-social-behaviour
2025-11,-5.678499,54.645899,On or near Cleland Park Central,anti-social-behaviour
2025-11,-5.682849,54.651688,On or near Hawthorne Court,anti-social-behaviour
2025-11,-5.677117,54.65546,On or near Church Street,anti-social-behaviour
2025-11,-5.678499,54.645899,On or near Cleland Park Central,criminal-damage-arson
2025-11,-5.686568,54.645955,On or near Meadowvale Crescent,drugs
2025-11,-5.686568,54.645955,On or near Meadowvale Crescent,violent-crime
2025-11,-5.678499,54.645899,On or near Cleland Park Central,violent-crime
2025-11,-5.682795,54.650447,On or near Drumglass Avenue,other-crime
2025-11,-5.678499,54.645899,On or near Cleland Park Central,other-crime
2025-11,-5.700121,54.654533,On or near Belmont Avenue,anti-social-behaviour
2025-11,-5.703264,54.65294,On or near Rathmore Road,anti-social-behaviour
2025-11,-5.695707,54.654764,On or near Lyndhurst Crescent,anti-social-behaviour
2025-11,-5.697475,54.655822,On or near Lyndhurst Avenue,drugs
2025-11,-5.697475,54.655822,On or near Lyndhurst Avenue,shoplifting
2025-11,-5.700342,54.655283,On or near Killeen Avenue,shoplifting
2025-11,-5.709522,54.653265,On or near Sinclair Park,violent-crime
2025-11,-5.695707,54.654764,On or near Lyndhurst Crescent,other-crime
2025-11,-5.741929,54.572709,On or near Unicarval Road,anti-social-behaviour
2025-11,-5.753382,54.602619,On or near Belfast Road,anti-social-behaviour
2025-11,-5.712283,54.593914,On or near Manse Road,anti-social-behaviour
2025-11,-5.71278,54.592774,On or near Brooklands Road,criminal-damage-arson
2025-11,-5.717775,54.595052,On or near Aldergrange Park,violent-crime
2025-11,-5.712283,54.593914,On or near Manse Road,other-crime
2025-11,-5.717775,54.595052,On or near Aldergrange Park,other-crime
2025-11,-5.637151,54.64686,On or near Carlton Heights,criminal-damage-arson
2025-11,-5.633804,54.652743,On or near Marlo Crescent,violent-crime
2025-11,-5.691327,54.655211,On or near Shaftesbury Road,anti-social-behaviour
2025-11,-5.687171,54.650333,On or near Harehill's Drive,anti-social-behaviour
2025-11,-5.685271,54.655418,On or near Belfast Road,anti-social-behaviour
2025-11,-5.683787,54.654536,On or near Hawthorne Drive,anti-social-behaviour
2025-11,-5.691616,54.652835,On or near Manor Avenue,anti-social-behaviour
2025-11,-5.694068,54.655245,On or near Farm Grove,criminal-damage-arson
2025-11,-5.691636,54.652215,On or near Manor Grove,other-theft
2025-11,-5.687535,54.656207,On or near ,violent-crime
2025-11,-5.689609,54.65489,On or near Carmen Lane,violent-crime
2025-11,-5.686516,54.652872,On or near Silverstream Gardens,violent-crime
2025-11,-5.691887,54.653802,On or near Manor Mews,violent-crime
2025-11,-5.683779,54.651948,On or near Ava Street,violent-crime
2025-11,-5.684907,54.652545,On or near Hawthorne Court,violent-crime
2025-11,-5.538337,54.643354,On or near Schoolhouse Brae,anti-social-behaviour
2025-11,-5.539475,54.642991,On or near Moat Street,anti-social-behaviour
2025-11,-5.542114,54.64007,On or near Beechfield Drive,anti-social-behaviour
2025-11,-5.582946,54.673574,On or near Orlock Lane,anti-social-behaviour
2025-11,-5.542114,54.64007,On or near Beechfield Drive,bicycle-theft
2025-11,-5.542114,54.64007,On or near Beechfield Drive,criminal-damage-arson
2025-11,-5.542969,54.64388,On or near Moat Street,shoplifting
2025-11,-5.570322,54.662709,On or near Stockbridge Park,violent-crime
2025-11,-5.543087,54.639353,On or near Beechfield Drive,violent-crime
2025-11,-5.53908,54.640808,On or near Cannyreagh Road,violent-crime
2025-11,-5.546606,54.644969,On or near New Road,violent-crime
2025-11,-5.546606,54.644969,On or near New Road,other-crime
2025-11,-5.699942,54.577587,On or near Canberra Gardens,anti-social-behaviour
2025-11,-5.704734,54.587275,On or near Carmeen Gardens,anti-social-behaviour
2025-11,-5.705012,54.58728,On or near Carmeen Gardens,anti-social-behaviour
2025-11,-5.708897,54.582286,On or near Catalina Gardens,anti-social-behaviour
2025-11,-5.706543,54.588118,On or near ,anti-social-behaviour
2025-11,-5.706148,54.587158,On or near Rathmullan Drive,burglary
2025-11,-5.704734,54.587275,On or near Carmeen Gardens,criminal-damage-arson
2025-11,-5.70858,54.581606,On or near Catalina Gardens,violent-crime
2025-11,-5.702638,54.581637,On or near Bristol Park,violent-crime
2025-11,-5.705012,54.58728,On or near Carmeen Gardens,violent-crime
2025-11,-5.706205,54.575972,On or near Lansdowne Drive,violent-crime
2025-11,-5.705956,54.580388,On or near Shackleton Walk,violent-crime
2025-11,-5.704739,54.578379,On or near Shackleton Walk,violent-crime
2025-11,-5.701394,54.580922,On or near Bristol Park,violent-crime
2025-11,-6.059228,54.523984,On or near Beechdene Gardens,anti-social-behaviour
2025-11,-6.066706,54.524615,On or near Ballymacash Park,anti-social-behaviour
2025-11,-6.068577,54.525229,On or near Corby Drive,anti-social-behaviour
2025-11,-6.06363,54.526273,On or near Cherry Lane,burglary
2025-11,-6.069324,54.524451,On or near Ballymacash Drive,criminal-damage-arson
2025-11,-6.06832,54.524111,On or near Ballymacash Park,criminal-damage-arson
2025-11,-6.065388,54.525044,On or near Brambling Close,vehicle-crime
2025-11,-6.06832,54.524111,On or near Ballymacash Park,vehicle-crime
2025-11,-6.062508,54.527136,On or near Tynedale Park,vehicle-crime
2025-11,-6.062934,54.52239,On or near Killowen Crescent,violent-crime
2025-11,-6.066565,54.523661,On or near Laurel Grove,violent-crime
2025-11,-6.066565,54.523661,On or near Laurel Grove,other-crime
2025-11,-6.077781,54.525259,On or near Rathvarna Close,anti-social-behaviour
2025-11,-6.0731,54.530531,On or near ,anti-social-behaviour
2025-11,-6.084588,54.548144,On or near Sheepwalk Road,anti-social-behaviour
2025-11,-6.074248,54.526497,On or near St. Marks Wood,anti-social-behaviour
2025-11,-6.080173,54.526636,On or near Killowen Grange,anti-social-behaviour
2025-11,-6.079322,54.529947,On or near Knightsbridge,anti-social-behaviour
2025-11,-6.073426,54.528532,On or near ,other-theft
2025-11,-6.0731,54.530531,On or near ,shoplifting
2025-11,-6.079322,54.529947,On or near Knightsbridge,violent-crime
2025-11,-6.0731,54.530531,On or near ,other-crime
2025-11,-5.791302,54.589749,On or near Ballybeen Park,anti-social-behaviour
2025-11,-5.79317,54.591257,On or near Dungoyne Park,anti-social-behaviour
2025-11,-5.797128,54.589595,On or near Kilmuir Avenue,anti-social-behaviour
2025-11,-5.794552,54.590024,On or near Inchmarnock Drive,anti-social-behaviour
2025-11,-5.795292,54.589489,On or near Dunoon Park,anti-social-behaviour
2025-11,-5.791594,54.58749,On or near Gleneagles Gardens,anti-social-behaviour
2025-11,-5.789087,54.585504,On or near ,anti-social-behaviour
2025-11,-5.792476,54.590642,On or near Ballybeen Park,vehicle-crime
2025-11,-5.794166,54.59114,On or near Drumadoon Drive,violent-crime
2025-11,-5.794971,54.587983,On or near Enler Park,violent-crime
2025-11,-5.790654,54.58599,On or near Longstone Way,violent-crime
2025-11,-5.792476,54.590642,On or near Ballybeen Park,violent-crime
2025-11,-5.786377,54.589273,On or near Ardmore Avenue,violent-crime
2025-11,-5.789087,54.585504,On or near ,violent-crime
2025-11,-5.791594,54.58749,On or near Gleneagles Gardens,violent-crime
2025-11,-5.786377,54.589273,On or near Ardmore Avenue,other-crime
2025-11,-5.816001,54.587619,On or near Old Dundonald Road,anti-social-behaviour
2025-11,-5.805902,54.586403,On or near Gransha Road,anti-social-behaviour
2025-11,-5.785101,54.577137,On or near ,anti-social-behaviour
2025-11,-5.813575,54.586407,On or near Dundonald Heights,anti-social-behaviour
2025-11,-5.812694,54.587838,On or near ,drugs
2025-11,-5.823826,54.588272,On or near Old Dundonald Road,drugs
2025-11,-5.804951,54.584526,On or near Wanstead Avenue,other-theft
2025-11,-5.825349,54.585244,On or near Vionville Heights,violent-crime
2025-11,-5.900725,54.546943,On or near Ballylenaghan Heights,anti-social-behaviour
2025-11,-5.898854,54.537646,On or near ,anti-social-behaviour
2025-11,-5.898854,54.537646,On or near ,criminal-damage-arson
2025-11,-5.898854,54.537646,On or near ,drugs
2025-11,-5.895581,54.530078,On or near Saintfield Road,shoplifting
2025-11,-5.902525,54.545896,On or near Ballylenaghan Road,violent-crime
2025-11,-5.830357,54.533804,On or near Hillmount Cottages,anti-social-behaviour
2025-11,-5.870329,54.529043,On or near ,anti-social-behaviour
2025-11,-5.841653,54.532901,On or near Ballykeel Road,criminal-damage-arson
2025-11,-5.840404,54.548064,On or near Knockbracken Road,drugs
2025-11,-5.700702,54.320414,On or near Shannaghan Park,anti-social-behaviour
2025-11,-5.705252,54.317652,On or near Struell Avenue,anti-social-behaviour
2025-11,-5.708241,54.318617,On or near ,anti-social-behaviour
2025-11,-5.701341,54.320255,On or near ,anti-social-behaviour
2025-11,-5.703587,54.321592,On or near Demesne View,criminal-damage-arson
2025-11,-5.708094,54.323763,On or near ,shoplifting
2025-11,-5.701865,54.321613,On or near Dalraida Road,violent-crime
2025-11,-5.700987,54.323007,On or near Demesne Way,violent-crime
2025-11,-5.705875,54.32771,On or near Ardmore Avenue,violent-crime
2025-11,-5.7006,54.32362,On or near ,violent-crime
2025-11,-5.708094,54.323763,On or near ,violent-crime
2025-11,-7.339418,55.031041,On or near Woodbrook,anti-social-behaviour
2025-11,-7.328687,55.034952,On or near Temple Park,anti-social-behaviour
2025-11,-7.326428,55.039108,On or near Lower Galliagh Road,anti-social-behaviour
2025-11,-7.330772,55.03376,On or near Glendale Road,anti-social-behaviour
2025-11,-7.326392,55.036575,On or near Ferndale Park,anti-social-behaviour
2025-11,-7.33899,55.023798,On or near Templemore Mews,anti-social-behaviour
2025-11,-7.337521,55.031327,On or near Woodbrook,burglary
2025-11,-7.326428,55.039108,On or near Lower Galliagh Road,criminal-damage-arson
2025-11,-7.330772,55.03376,On or near Glendale Road,criminal-damage-arson
2025-11,-7.34522,55.029141,On or near Upper Galliagh Road,criminal-damage-arson
2025-11,-7.326428,55.039108,On or near Lower Galliagh Road,drugs
2025-11,-7.330772,55.03376,On or near Glendale Road,drugs
2025-11,-7.337521,55.031327,On or near Woodbrook,drugs
2025-11,-7.326428,55.039108,On or near Lower Galliagh Road,other-theft
2025-11,-7.328687,55.034952,On or near Temple Park,other-theft
2025-11,-7.326428,55.039108,On or near Lower Galliagh Road,public-order
2025-11,-7.34737,55.028667,On or near Temple Court,shoplifting
2025-11,-7.32788,55.034571,On or near Ferndale Road,vehicle-crime
2025-11,-7.330772,55.03376,On or near Glendale Road,vehicle-crime
2025-11,-7.326428,55.039108,On or near Lower Galliagh Road,violent-crime
2025-11,-7.331989,55.032985,On or near Glendale Gardens,violent-crime
2025-11,-7.330772,55.03376,On or near Glendale Road,violent-crime
2025-11,-7.331326,55.033314,On or near Glendale Drive,violent-crime
2025-11,-7.34522,55.029141,On or near Upper Galliagh Road,violent-crime
2025-11,-7.328687,55.034952,On or near Temple Park,violent-crime
2025-11,-7.337521,55.031327,On or near Woodbrook,violent-crime
2025-11,-7.326091,55.034965,On or near Ferndale Close,violent-crime
2025-11,-7.347508,55.017296,On or near Beallachmor,anti-social-behaviour
2025-11,-7.330611,55.01618,On or near ,anti-social-behaviour
2025-11,-7.34748,55.020943,On or near Dunluce Court,anti-social-behaviour
2025-11,-7.341248,55.019571,On or near Branch Road,anti-social-behaviour
2025-11,-7.325475,55.014849,On or near Pennyburn Industrial Estate,burglary
2025-11,-7.34716,55.020402,On or near Stephens Court,burglary
2025-11,-7.348189,55.021531,On or near Dunluce Court,criminal-damage-arson
2025-11,-7.34613,55.022229,On or near Sheelin Park,criminal-damage-arson
2025-11,-7.344984,55.019609,On or near Yeats Court,criminal-damage-arson
2025-11,-7.339677,55.017227,On or near Liscannor Park,public-order
2025-11,-7.330611,55.01618,On or near ,shoplifting
2025-11,-7.342577,55.017674,On or near Springvale Park,shoplifting
2025-11,-7.328173,55.017074,On or near ,shoplifting
2025-11,-7.34716,55.020402,On or near Stephens Court,vehicle-crime
2025-11,-7.344984,55.019609,On or near Yeats Court,violent-crime
2025-11,-7.341248,55.019571,On or near Branch Road,violent-crime
2025-11,-7.339677,55.017227,On or near Liscannor Park,violent-crime
2025-11,-7.34716,55.020402,On or near Stephens Court,other-crime
2025-11,-7.314443,55.040236,On or near Oakbridge Park,anti-social-behaviour
2025-11,-7.304251,55.031752,On or near Earhart Park,anti-social-behaviour
2025-11,-7.307674,55.030927,On or near Steelstown Road,anti-social-behaviour
2025-11,-7.305221,55.03262,On or near Cornshell Fields,burglary
2025-11,-7.304098,55.029757,On or near Brookhill,violent-crime
2025-11,-7.302907,55.028978,On or near Rockfield,violent-crime
2025-11,-7.306011,55.040314,On or near Ballyarnett Village,violent-crime
2025-11,-7.303179,55.03136,On or near Earhart Park,violent-crime
2025-11,-7.307392,55.031878,On or near Cornshell Fields,violent-crime
2025-11,-7.31536,55.040582,On or near Oakbridge Park,violent-crime
2025-11,-7.275799,55.04329,On or near Culmore Square,anti-social-behaviour
2025-11,-7.267956,55.050502,On or near Cranlee Park,anti-social-behaviour
2025-11,-7.275799,55.04329,On or near Culmore Square,drugs
2025-11,-7.27773,55.043769,On or near Elmvale,violent-crime
2025-11,-7.279396,55.040734,On or near Ballynagard Crescent,violent-crime
2025-11,-7.26896,55.052062,On or near Ardan Road,violent-crime
2025-11,-7.279396,55.040734,On or near Ballynagard Crescent,other-crime
2025-11,-7.472511,54.821683,On or near Koram Square,anti-social-behaviour
2025-11,-7.473367,54.818085,On or near Melmount Gardens,anti-social-behaviour
2025-11,-7.469267,54.822325,On or near Melmount Villas,burglary
2025-11,-7.464272,54.82118,On or near ,criminal-damage-arson
2025-11,-7.472237,54.821197,On or near Drumman Court,criminal-damage-arson
2025-11,-7.476794,54.820121,On or near Lisnafin Park,drugs
2025-11,-7.470133,54.822697,On or near Melmount Villas,other-theft
2025-11,-7.474344,54.819472,On or near Lisnafin Park,shoplifting
2025-11,-7.476159,54.821106,On or near Lisnafin Park,violent-crime
2025-11,-7.476326,54.821412,On or near Lisnafin Park,violent-crime
2025-11,-7.47773,54.822361,On or near Cherry Vale Drive,violent-crime
2025-11,-7.470133,54.822697,On or near Melmount Villas,violent-crime
2025-11,-7.473838,54.816578,On or near Melmount Gardens,other-crime
2025-11,-6.374607,54.852505,On or near Quarry Heights,anti-social-behaviour
2025-11,-6.372385,54.850832,On or near Brookfield Gardens,drugs
2025-11,-6.349558,54.852401,On or near Gloonan Road,drugs
2025-11,-6.357332,54.852291,On or near Gloonan Hill,other-theft
2025-11,-6.363244,54.851643,On or near Killane Park,violent-crime
2025-11,-6.361849,54.852262,On or near Killane Park,violent-crime
2025-11,-6.370997,54.850516,On or near Brookfield Gardens,other-crime
2025-11,-5.978116,54.665766,On or near Hollybrook Avenue,burglary
2025-11,-5.969182,54.67178,On or near Burneys Lane,criminal-damage-arson
2025-11,-5.974387,54.666881,On or near Hollybrook Park,possession-of-weapons
2025-11,-6.097192,54.654444,On or near Grove Road,burglary
2025-11,-6.094991,54.636574,On or near Belfast Road,criminal-damage-arson
2025-11,-6.033031,54.637614,On or near Ballyutoag Road,criminal-damage-arson
2025-11,-6.065749,54.61762,On or near ,drugs
2025-11,-6.140225,54.635077,On or near ,possession-of-weapons
2025-11,-6.065749,54.61762,On or near ,possession-of-weapons
2025-11,-6.097192,54.654444,On or near Grove Road,vehicle-crime
2025-11,-6.065749,54.61762,On or near ,vehicle-crime
2025-11,-6.10524,54.663986,On or near Carmavy Road,other-crime
2025-11,-5.946548,54.631236,On or near Cavehill Road,anti-social-behaviour
2025-11,-5.945926,54.632816,On or near Woodburn Drive,anti-social-behaviour
2025-11,-5.961173,54.634853,On or near Kilcoole Gardens,anti-social-behaviour
2025-11,-5.946548,54.631236,On or near Cavehill Road,criminal-damage-arson
2025-11,-5.94262,54.637558,On or near Strathmore Park North,drugs
2025-11,-5.961173,54.634853,On or near Kilcoole Gardens,drugs
2025-11,-5.937273,54.636694,On or near Innisfayle Park,other-theft
2025-11,-5.943291,54.632547,On or near Salisbury Gardens,other-theft
2025-11,-5.946548,54.631236,On or near Cavehill Road,violent-crime
2025-11,-5.944918,54.63314,On or near Henderson Court,violent-crime
2025-11,-5.961173,54.634853,On or near Kilcoole Gardens,violent-crime
2025-11,-5.960342,54.634425,On or near Kilcoole Park,violent-crime
2025-11,-5.950955,54.635067,On or near Slievetoye Park,violent-crime
2025-11,-5.943392,54.636079,On or near Lismoyne Park,violent-crime
2025-11,-5.94218,54.638287,On or near Innisfayle Park,other-crime
2025-11,-6.027577,54.563086,On or near Laurelbank,anti-social-behaviour
2025-11,-6.033888,54.561095,On or near Glenkeen,anti-social-behaviour
2025-11,-6.03103,54.557517,On or near Woodside View,anti-social-behaviour
2025-11,-6.022322,54.567825,On or near Pembroke Manor,anti-social-behaviour
2025-11,-6.022624,54.567668,On or near Pembroke Manor,anti-social-behaviour
2025-11,-6.031299,54.567019,On or near Springbank Drive,anti-social-behaviour
2025-11,-6.037982,54.572105,On or near Glenside Road,anti-social-behaviour
2025-11,-6.029707,54.567316,On or near Springbank Drive,anti-social-behaviour
2025-11,-6.031299,54.567019,On or near Springbank Drive,criminal-damage-arson
2025-11,-6.032112,54.559781,On or near Glenbank Close,criminal-damage-arson
2025-11,-6.030008,54.558211,On or near Woodside Walk,criminal-damage-arson
2025-11,-6.025781,54.564413,On or near Colinmill,criminal-damage-arson
2025-11,-6.033353,54.559694,On or near Glenkeen,drugs
2025-11,-6.028581,54.558619,On or near Woodside View,drugs
2025-11,-6.037755,54.560412,On or near Ardcaoin View,other-theft
2025-11,-6.023662,54.566975,On or near Colin Close,other-theft
2025-11,-6.024417,54.565433,On or near Colinmill,other-theft
2025-11,-6.033834,54.561588,On or near Glenkeen,possession-of-weapons
2025-11,-6.029322,54.560895,On or near Glenwood Court,violent-crime
2025-11,-6.029093,54.568187,On or near ,violent-crime
2025-11,-6.026405,54.561746,On or near Laurelbank,violent-crime
2025-11,-6.027423,54.568187,On or near Springbank Close,violent-crime
2025-11,-6.023662,54.566975,On or near Colin Close,violent-crime
2025-11,-6.033605,54.564091,On or near Brians Well Road,violent-crime
2025-11,-6.032112,54.559781,On or near Glenbank Close,violent-crime
2025-11,-6.035789,54.561431,On or near Brians Well Road,violent-crime
2025-11,-6.030363,54.562376,On or near Sally Gardens Lane,violent-crime
2025-11,-6.030008,54.558211,On or near Woodside Walk,violent-crime
2025-11,-6.032555,54.560858,On or near Glenkeen,violent-crime
2025-11,-6.023353,54.564751,On or near Colinmill,violent-crime
2025-11,-6.024016,54.568607,On or near Colinbrook Drive,violent-crime
2025-11,-6.023662,54.566975,On or near Colin Close,other-crime
2025-11,-7.044113,54.592594,On or near Aghagogan Park,criminal-damage-arson
2025-11,-7.045444,54.592577,On or near Aghagogan Park,violent-crime
2025-11,-7.237315,54.718528,On or near Culvacullion Road,anti-social-behaviour
2025-11,-7.227865,54.717696,On or near Chapel Lane,anti-social-behaviour
2025-11,-7.306584,54.665018,On or near Reaghan Road,anti-social-behaviour
2025-11,-7.237315,54.718528,On or near Culvacullion Road,violent-crime
2025-11,-7.23628,54.71659,On or near Bellview Court,violent-crime
2025-11,-7.366554,54.647452,On or near Dunteige Road,criminal-damage-arson
2025-11,-7.325126,54.579521,On or near ,criminal-damage-arson
2025-11,-7.367465,54.563805,On or near Clanabogan Road,violent-crime
2025-11,-8.09801,54.471833,On or near ,anti-social-behaviour
2025-11,-7.988971,54.498462,On or near Derrynacrannog Road,drugs
2025-11,-7.66957,54.56463,On or near Castlederg Road,violent-crime
2025-11,-7.596145,54.564084,On or near Mweelbane Road,violent-crime
2025-11,-7.501183,54.504449,On or near Cornamuck Houses,burglary
2025-11,-7.49142,54.601868,On or near Dooish Road,violent-crime
2025-11,-6.740472,54.551552,On or near Roughan Road,anti-social-behaviour
2025-11,-6.742306,54.554733,On or near Roughan Road,anti-social-behaviour
2025-11,-6.705105,54.540505,On or near Sandy Row,anti-social-behaviour
2025-11,-6.735026,54.54924,On or near Bracken Ridge,anti-social-behaviour
2025-11,-6.733517,54.541579,On or near ,anti-social-behaviour
2025-11,-6.72077,54.530215,On or near Gortin Crescent,criminal-damage-arson
2025-11,-6.70998,54.54513,On or near School Lane,violent-crime
2025-11,-6.713135,54.548003,On or near The Shanoch,violent-crime
2025-11,-6.735026,54.54924,On or near Bracken Ridge,violent-crime
2025-11,-6.742306,54.554733,On or near Roughan Road,violent-crime
2025-11,-6.713135,54.548003,On or near The Shanoch,other-crime
2025-11,-7.293783,54.531874,On or near Tattyreagh Road,anti-social-behaviour
2025-11,-7.180236,54.484695,On or near Newtownsaville Road,anti-social-behaviour
2025-11,-7.318464,54.498732,On or near Ashfield Gardens,anti-social-behaviour
2025-11,-7.321578,54.497097,On or near Duncan Park,anti-social-behaviour
2025-11,-7.370486,54.480113,On or near Tonnagh Road,anti-social-behaviour
2025-11,-7.2974,54.461608,On or near Mount Stewart Road,other-theft
2025-11,-7.314527,54.49694,On or near Mill Street,violent-crime
2025-11,-7.428625,54.396496,On or near Glengesh Road,anti-social-behaviour
2025-11,-7.369408,54.400783,On or near Clabby Road,drugs
2025-11,-7.547605,54.367041,On or near Largy Road,drugs
2025-11,-7.463327,54.383549,On or near Edenmore Heights,drugs
2025-11,-7.459097,54.37982,On or near Meadow Brook,drugs
2025-11,-7.428625,54.396496,On or near Glengesh Road,violent-crime
2025-11,-7.37026,54.40147,On or near Main Street,violent-crime
2025-11,-7.325683,54.37427,On or near Colebrook Road,criminal-damage-arson
2025-11,-7.403599,54.316376,On or near Main Street,violent-crime
2025-11,-7.406865,54.314721,On or near Castlehill Road,violent-crime
2025-11,-7.33265,54.371613,On or near Colebrook Road,other-crime
2025-11,-7.453063,54.25721,On or near Carrowshee Park,anti-social-behaviour
2025-11,-7.445409,54.252441,On or near Castle Lane,criminal-damage-arson
2025-11,-7.443051,54.252098,On or near Cross Street,drugs
2025-11,-7.448538,54.26055,On or near Cherryhill,other-theft
2025-11,-7.447176,54.255719,On or near Drumhaw Park,shoplifting
2025-11,-7.450496,54.257594,On or near Main Street,violent-crime
2025-11,-7.445594,54.248965,On or near Trasna Way,violent-crime
2025-11,-7.448538,54.26055,On or near Cherryhill,other-crime
2025-11,-7.554739,54.340458,On or near ,anti-social-behaviour
2025-11,-7.607286,54.294205,On or near Cleenish Road,drugs
2025-11,-7.577581,54.340963,On or near Ballylucas Road,drugs
2025-11,-7.522619,54.31148,On or near ,drugs
2025-11,-7.535649,54.316777,On or near Main Street,drugs
2025-11,-7.378906,54.268422,On or near Knocks Road,anti-social-behaviour
2025-11,-7.430825,54.221891,On or near Keady Road,criminal-damage-arson
2025-11,-7.430825,54.221891,On or near Keady Road,violent-crime
2025-11,-7.364819,54.241316,On or near Aghanglogh Road,violent-crime
2025-11,-7.43867,54.24144,On or near Highgrove,violent-crime
2025-11,-6.37734,54.192315,On or near Millvale Park,anti-social-behaviour
2025-11,-6.390192,54.190034,On or near Carrick Vista,anti-social-behaviour
2025-11,-6.377105,54.187379,On or near Derrymore Road,anti-social-behaviour
2025-11,-6.367257,54.1873,On or near Millvale Road,anti-social-behaviour
2025-11,-6.374006,54.191371,On or near Archdale,criminal-damage-arson
2025-11,-6.373028,54.188582,On or near John F Kennedy Park,criminal-damage-arson
2025-11,-6.371764,54.189185,On or near ,violent-crime
2025-11,-6.375377,54.189629,On or near Cloughreagh Park,violent-crime
2025-11,-6.376732,54.191022,On or near Bramblewood,violent-crime
2025-11,-5.854773,54.616149,On or near Glenloch Gardens,anti-social-behaviour
2025-11,-5.849771,54.617039,On or near Old Holywood Road,anti-social-behaviour
2025-11,-5.855918,54.602026,On or near Hawthornden Drive,anti-social-behaviour
2025-11,-5.852115,54.618096,On or near Knocknagoney Avenue,anti-social-behaviour
2025-11,-5.846593,54.613317,On or near ,anti-social-behaviour
2025-11,-5.851886,54.620392,On or near Richmond Avenue,drugs
2025-11,-5.851511,54.615758,On or near Knocknagoney Grove,drugs
2025-11,-5.853108,54.601905,On or near Hawthornden Drive,drugs
2025-11,-5.852646,54.615374,On or near Glenlea Park,other-theft
2025-11,-5.858198,54.618429,On or near Knocknagoney Park,other-theft
2025-11,-5.858198,54.618429,On or near Knocknagoney Park,shoplifting
2025-11,-5.849771,54.617039,On or near Old Holywood Road,violent-crime
2025-11,-5.853659,54.614952,On or near Glendhu Park,violent-crime
2025-11,-5.85168,54.616965,On or near Knocknagoney Avenue,violent-crime
2025-11,-5.832943,54.5946,On or near Rosepark,anti-social-behaviour
2025-11,-5.837395,54.59264,On or near Castleview Cottage Gardens,anti-social-behaviour
2025-11,-5.838511,54.593468,On or near ,criminal-damage-arson
2025-11,-5.823239,54.593473,On or near Ardcarn Park,criminal-damage-arson
2025-11,-5.836632,54.594189,On or near Stormont Court,criminal-damage-arson
2025-11,-5.853478,54.592818,On or near Knockdene Park,vehicle-crime
2025-11,-5.848179,54.591763,On or near Thornhill Parade,violent-crime
2025-11,-5.824063,54.592517,On or near Ardcarn Drive,violent-crime
2025-11,-5.824708,54.594065,On or near Stoney Road,violent-crime
2025-11,-5.82561,54.590793,On or near Ardcarn Drive,violent-crime
2025-11,-5.847223,54.594351,On or near Upper Newtownards Road,violent-crime
2025-11,-5.855177,54.577564,On or near Ravenswood Crescent,anti-social-behaviour
2025-11,-5.855445,54.584829,On or near Kensington Gardens South,anti-social-behaviour
2025-11,-5.856712,54.583675,On or near Shandon Park,anti-social-behaviour
2025-11,-5.853472,54.577921,On or near Ravenswood Park,anti-social-behaviour
2025-11,-5.863729,54.579657,On or near Northfield Rise,burglary
2025-11,-5.847551,54.580798,On or near Farmhurst Green,drugs
2025-11,-5.861635,54.577409,On or near Wayside Close,other-theft
2025-11,-5.847327,54.587983,On or near Gilnahirk Road,other-theft
2025-11,-5.847551,54.580798,On or near Farmhurst Green,violent-crime
2025-11,-5.862106,54.579349,On or near Whincroft Way,violent-crime
2025-11,-5.863614,54.577426,On or near Lower Braniel Road,violent-crime
2025-11,-5.840714,54.582258,On or near Lower Braniel Road,anti-social-behaviour
2025-11,-5.838044,54.582722,On or near Gilnahirk Road,anti-social-behaviour
2025-11,-5.83409,54.586983,On or near Kilmory Gardens,criminal-damage-arson
2025-11,-5.830067,54.585248,On or near Leven Drive,violent-crime
2025-11,-6.445551,54.421792,On or near Church Lane,anti-social-behaviour
2025-11,-6.44534,54.417611,On or near ,anti-social-behaviour
2025-11,-6.445977,54.422345,On or near West Street,anti-social-behaviour
2025-11,-6.441958,54.423911,On or near Castle Street,anti-social-behaviour
2025-11,-6.443493,54.422834,On or near High Street,anti-social-behaviour
2025-11,-6.444375,54.415829,On or near Tandragee Road,anti-social-behaviour
2025-11,-6.444285,54.423491,On or near ,anti-social-behaviour
2025-11,-6.437169,54.420596,On or near ,anti-social-behaviour
2025-11,-6.440131,54.420886,On or near Harford Street,anti-social-behaviour
2025-11,-6.446204,54.420425,On or near Church Street,anti-social-behaviour
2025-11,-6.44144,54.420912,On or near Portmore Street,anti-social-behaviour
2025-11,-6.429078,54.422675,On or near Springfields,anti-social-behaviour
2025-11,-6.447116,54.419521,On or near ,anti-social-behaviour
2025-11,-6.424054,54.421513,On or near Ulsterville Park,anti-social-behaviour
2025-11,-6.443148,54.416496,On or near Bann Street,anti-social-behaviour
2025-11,-6.441213,54.422032,On or near Sandy Row,anti-social-behaviour
2025-11,-6.443817,54.418768,On or near ,anti-social-behaviour
2025-11,-6.431791,54.428702,On or near Bridge Street,anti-social-behaviour
2025-11,-6.427796,54.425973,On or near Killycomain Road,anti-social-behaviour
2025-11,-6.443011,54.420932,On or near Thomas Street,anti-social-behaviour
2025-11,-6.440464,54.420235,On or near ,anti-social-behaviour
2025-11,-6.436102,54.427581,On or near Joseph Street,anti-social-behaviour
2025-11,-6.44362,54.419494,On or near ,anti-social-behaviour
2025-11,-6.446518,54.416189,On or near Ridgeway Park North,anti-social-behaviour
2025-11,-6.444251,54.417885,On or near ,anti-social-behaviour
2025-11,-6.444692,54.418834,On or near South Street,anti-social-behaviour
2025-11,-6.443325,54.417927,On or near Mourneview Street,anti-social-behaviour
2025-11,-6.429655,54.42571,On or near Gilford Road,anti-social-behaviour
2025-11,-6.438146,54.425694,On or near Bridge Street,anti-social-behaviour
2025-11,-6.445977,54.422345,On or near West Street,bicycle-theft
2025-11,-6.443493,54.422834,On or near High Street,burglary
2025-11,-6.444285,54.423491,On or near ,burglary
2025-11,-6.444285,54.423491,On or near ,criminal-damage-arson
2025-11,-6.427796,54.425973,On or near Killycomain Road,criminal-damage-arson
2025-11,-6.424054,54.421513,On or near Ulsterville Park,criminal-damage-arson
2025-11,-6.43329,54.427761,On or near Bridge Street,drugs
2025-11,-6.44534,54.417611,On or near ,drugs
2025-11,-6.431791,54.428702,On or near Bridge Street,drugs
2025-11,-6.443493,54.422834,On or near High Street,other-theft
2025-11,-6.444285,54.423491,On or near ,shoplifting
2025-11,-6.442074,54.423696,On or near High Street,shoplifting
2025-11,-6.437169,54.420596,On or near ,shoplifting
2025-11,-6.440131,54.420886,On or near Harford Street,shoplifting
2025-11,-6.443641,54.416897,On or near Bann Street,violent-crime
2025-11,-6.437169,54.420596,On or near ,violent-crime
2025-11,-6.446204,54.420425,On or near Church Street,violent-crime
2025-11,-6.44144,54.420912,On or near Portmore Street,violent-crime
2025-11,-6.444387,54.417123,On or near ,violent-crime
2025-11,-6.444285,54.423491,On or near ,violent-crime
2025-11,-6.443493,54.422834,On or near High Street,violent-crime
2025-11,-6.446787,54.421691,On or near Mandeville Street,violent-crime
2025-11,-6.441213,54.422032,On or near Sandy Row,violent-crime
2025-11,-6.44534,54.417611,On or near ,violent-crime
2025-11,-6.431791,54.428702,On or near Bridge Street,violent-crime
2025-11,-6.429655,54.42571,On or near Gilford Road,violent-crime
2025-11,-6.443641,54.416897,On or near Bann Street,other-crime
2025-11,-7.171496,54.549092,On or near Dervaghroy Drive,anti-social-behaviour
2025-11,-7.277443,54.55535,On or near ,violent-crime
2025-11,-7.12347,54.723795,On or near Camcosy Road,other-theft
2025-11,-7.197197,54.610299,On or near Killycurragh Road,criminal-damage-arson
2025-11,-7.244121,54.607897,On or near Killyclogher Road,violent-crime
2025-11,-7.113062,54.626115,On or near Ballybrack Road,violent-crime
2025-11,-7.18924,54.594848,On or near Dreenan Road,violent-crime
2025-11,-7.655939,54.503695,On or near Slievebane Road,anti-social-behaviour
2025-11,-7.659662,54.532955,On or near New Street,anti-social-behaviour
2025-11,-7.722938,54.5231,On or near Main Street,anti-social-behaviour
2025-11,-7.720613,54.522116,On or near Rosscolban Park,anti-social-behaviour
2025-11,-7.720613,54.522116,On or near Rosscolban Park,violent-crime
2025-11,-7.725451,54.521534,On or near Erne Park,violent-crime
2025-11,-7.658548,54.533203,On or near Castlederg Road,violent-crime
2025-11,-7.720602,54.519232,On or near Rosscolban Court,violent-crime
2025-11,-7.59013,54.521178,On or near Nedsherry Road,violent-crime
2025-11,-7.447329,54.521328,On or near Montague Villas,anti-social-behaviour
2025-11,-7.461852,54.514916,On or near Fairview Gardens,anti-social-behaviour
2025-11,-7.396172,54.557573,On or near O'brien Park,criminal-damage-arson
2025-11,-7.345447,54.538058,On or near ,criminal-damage-arson
2025-11,-7.388811,54.550592,On or near ,other-theft
2025-11,-7.37901,54.532468,On or near Glennan Road,public-order
2025-11,-7.46188,54.516336,On or near Muldoon Park,vehicle-crime
2025-11,-7.396172,54.557573,On or near O'brien Park,violent-crime
2025-11,-7.462538,54.514461,On or near Fairview Heights,violent-crime
2025-11,-7.412028,54.543745,On or near Clanabogan Road,violent-crime
2025-11,-7.37901,54.532468,On or near Glennan Road,violent-crime
2025-11,-6.008238,54.567136,On or near Kells Avenue,anti-social-behaviour
2025-11,-6.006047,54.569256,On or near Suffolk Crescent,anti-social-behaviour
2025-11,-6.012951,54.568803,On or near ,anti-social-behaviour
2025-11,-6.012049,54.568896,On or near Horn Drive,anti-social-behaviour
2025-11,-6.012854,54.568254,On or near Woodbourne Crescent,anti-social-behaviour
2025-11,-6.007117,54.56824,On or near Suffolk Drive,anti-social-behaviour
2025-11,-6.012214,54.56615,On or near Donegore Gardens,anti-social-behaviour
2025-11,-6.015465,54.570201,On or near Suffolk Road,anti-social-behaviour
2025-11,-6.009946,54.568583,On or near Doon Cottages,anti-social-behaviour
2025-11,-6.012951,54.568803,On or near ,criminal-damage-arson
2025-11,-6.012854,54.568254,On or near Woodbourne Crescent,criminal-damage-arson
2025-11,-6.008238,54.567136,On or near Kells Avenue,criminal-damage-arson
2025-11,-6.00827,54.569346,On or near ,criminal-damage-arson
2025-11,-6.015465,54.570201,On or near Suffolk Road,drugs
2025-11,-6.014271,54.56931,On or near Suffolk Road,drugs
2025-11,-6.006047,54.569256,On or near Suffolk Crescent,other-theft
2025-11,-6.015465,54.570201,On or near Suffolk Road,other-theft
2025-11,-6.008238,54.567136,On or near Kells Avenue,other-theft
2025-11,-6.00916,54.569163,On or near ,other-theft
2025-11,-6.01017,54.569387,On or near Horn Drive,other-theft
2025-11,-6.012214,54.56615,On or near Donegore Gardens,other-theft
2025-11,-6.013084,54.568913,On or near Woodbourne Court,possession-of-weapons
2025-11,-6.014271,54.56931,On or near Suffolk Road,public-order
2025-11,-6.012854,54.568254,On or near Woodbourne Crescent,shoplifting
2025-11,-6.018238,54.569151,On or near Glengoland Gardens,vehicle-crime
2025-11,-6.015465,54.570201,On or near Suffolk Road,violent-crime
2025-11,-6.014557,54.565973,On or near Stewartstown Road,violent-crime
2025-11,-6.014271,54.56931,On or near Suffolk Road,violent-crime
2025-11,-6.014548,54.567122,On or near ,violent-crime
2025-11,-6.008249,54.569777,On or near ,violent-crime
2025-11,-6.006864,54.569629,On or near Suffolk Parade,violent-crime
2025-11,-6.013084,54.568913,On or near Woodbourne Court,violent-crime
2025-11,-6.008963,54.566231,On or near Erris Grove,violent-crime
2025-11,-6.021134,54.568731,On or near Merrion Park,violent-crime
2025-11,-6.015081,54.565703,On or near Stewartstown Road,violent-crime
2025-11,-6.011921,54.569631,On or near ,violent-crime
2025-11,-7.300818,54.600108,On or near Scarffes Entry,anti-social-behaviour
2025-11,-7.300609,54.598768,On or near Scarffes Entry,anti-social-behaviour
2025-11,-7.300973,54.597405,On or near ,anti-social-behaviour
2025-11,-7.296425,54.600927,On or near Campsie Avenue,anti-social-behaviour
2025-11,-7.296161,54.588474,On or near Dergmoney Heights,criminal-damage-arson
2025-11,-7.298401,54.600309,On or near Drumragh Avenue,other-theft
2025-11,-7.299276,54.594421,On or near Anderson Gardens,shoplifting
2025-11,-7.300609,54.598768,On or near Scarffes Entry,shoplifting
2025-11,-7.300818,54.600108,On or near Scarffes Entry,shoplifting
2025-11,-7.300973,54.597405,On or near ,violent-crime
2025-11,-7.298375,54.596437,On or near Festival Park,violent-crime
2025-11,-7.300818,54.600108,On or near Scarffes Entry,violent-crime
2025-11,-7.296293,54.600549,On or near Campsie Drive,violent-crime
2025-11,-7.268077,54.595836,On or near Crannyfield,anti-social-behaviour
2025-11,-7.270177,54.590054,On or near ,anti-social-behaviour
2025-11,-7.280743,54.598741,On or near Clements Villas,anti-social-behaviour
2025-11,-7.275364,54.601063,On or near Edinburgh Park,anti-social-behaviour
2025-11,-7.278588,54.598109,On or near Hospital Road,anti-social-behaviour
2025-11,-7.274162,54.600786,On or near Riverview Park,anti-social-behaviour
2025-11,-7.265025,54.593535,On or near ,criminal-damage-arson
2025-11,-7.269485,54.595835,On or near Riverview Road,drugs
2025-11,-7.268893,54.596092,On or near Crannyfield,drugs
2025-11,-7.261995,54.594254,On or near Deverney Park,other-theft
2025-11,-7.280743,54.598741,On or near Clements Villas,shoplifting
2025-11,-7.275921,54.601066,On or near Edinburgh Park,violent-crime
2025-11,-7.269485,54.595835,On or near Riverview Road,violent-crime
2025-11,-7.261995,54.594254,On or near Deverney Park,violent-crime
2025-11,-7.265025,54.593535,On or near ,violent-crime
2025-11,-7.268077,54.595836,On or near Crannyfield,violent-crime
2025-11,-7.270177,54.590054,On or near ,violent-crime
2025-11,-7.56403,54.495196,On or near Tummery Road,anti-social-behaviour
2025-11,-7.487892,54.451391,On or near Main Street,anti-social-behaviour
2025-11,-7.390541,54.449043,On or near Tattymoyle Road,vehicle-crime
2025-11,-7.517004,54.495395,On or near Esker Road,violent-crime
2025-11,-7.553997,54.475522,On or near ,violent-crime
2025-11,-7.59422,54.423255,On or near Baragh Road,anti-social-behaviour
2025-11,-7.355301,54.171991,On or near Wattlebridge Road,anti-social-behaviour
2025-11,-7.355436,54.181012,On or near Lurganboy Park,drugs
2025-11,-7.35797,54.183568,On or near Galloon Gardens,drugs
2025-11,-7.317573,54.190461,On or near Magheraveely Road,other-theft
2025-11,-7.633599,54.471361,On or near Roundabout,anti-social-behaviour
2025-11,-7.635107,54.471734,On or near Church Street,anti-social-behaviour
2025-11,-7.64032,54.477086,On or near Flax Valley,anti-social-behaviour
2025-11,-7.628401,54.478208,On or near Humes Villas,burglary
2025-11,-7.630436,54.473238,On or near ,criminal-damage-arson
2025-11,-7.636347,54.469285,On or near Sallys Wood,violent-crime
2025-11,-7.634671,54.468804,On or near Sallys Wood,violent-crime
2025-11,-7.634257,54.468488,On or near Sallys Wood,violent-crime
2025-11,-7.634257,54.468488,On or near Sallys Wood,other-crime
2025-11,-7.632114,54.361803,On or near Lawnakilla Park,anti-social-behaviour
2025-11,-7.646597,54.402111,On or near The Four Oaks,drugs
2025-11,-7.660912,54.419454,On or near Rossfad Road,vehicle-crime
2025-11,-7.628826,54.359673,On or near Drumbeg,violent-crime
2025-11,-7.618575,54.348852,On or near Woodview,anti-social-behaviour
2025-11,-7.614508,54.349621,On or near Cherry Valley,anti-social-behaviour
2025-11,-7.617912,54.349048,On or near Woodview,anti-social-behaviour
2025-11,-7.626064,54.338661,On or near Menapian Way,anti-social-behaviour
2025-11,-7.610462,54.354594,On or near Glebe Park,anti-social-behaviour
2025-11,-7.592779,54.357311,On or near Killyvilly Grove,criminal-damage-arson
2025-11,-7.611434,54.354282,On or near Irvines Crescent,criminal-damage-arson
2025-11,-7.624643,54.342798,On or near ,drugs
2025-11,-7.627921,54.340724,On or near ,violent-crime
2025-11,-7.607308,54.351493,On or near ,violent-crime
2025-11,-7.612111,54.352658,On or near College Park Lane,violent-crime
2025-11,-7.624643,54.342798,On or near ,violent-crime
2025-11,-7.638098,54.344322,On or near Townhall Street,anti-social-behaviour
2025-11,-7.630614,54.340481,On or near Derrychara Road,anti-social-behaviour
2025-11,-7.633541,54.338127,On or near Algeo Drive,anti-social-behaviour
2025-11,-7.634071,54.342405,On or near The Point,anti-social-behaviour
2025-11,-7.638878,54.344809,On or near Townhall Street,anti-social-behaviour
2025-11,-7.65348,54.34734,On or near Galliagh Shore,anti-social-behaviour
2025-11,-7.643201,54.348164,On or near Queen Street,burglary
2025-11,-7.664393,54.353633,On or near Friars Way,criminal-damage-arson
2025-11,-7.63961,54.345485,On or near Paget Square,criminal-damage-arson
2025-11,-7.638098,54.344322,On or near Townhall Street,criminal-damage-arson
2025-11,-7.646041,54.346959,On or near ,drugs
2025-11,-7.649347,54.34687,On or near Windmill Heights,drugs
2025-11,-7.640938,54.344887,On or near Paget Square,drugs
2025-11,-7.642306,54.346688,On or near Wesley Street,drugs
2025-11,-7.652853,54.34688,On or near Rossorry Church Road,drugs
2025-11,-7.639946,54.345747,On or near High Street,other-theft
2025-11,-7.630614,54.340481,On or near Derrychara Road,shoplifting
2025-11,-7.635599,54.343524,On or near East Bridge Place,shoplifting
2025-11,-7.650529,54.347152,On or near Windmill Heights,violent-crime
2025-11,-7.648518,54.352195,On or near Derrin Park,violent-crime
2025-11,-7.649347,54.34687,On or near Windmill Heights,violent-crime
2025-11,-7.643856,54.347106,On or near Castle Street,violent-crime
2025-11,-7.643201,54.348164,On or near Queen Street,violent-crime
2025-11,-7.638098,54.344322,On or near Townhall Street,violent-crime
2025-11,-7.634071,54.342405,On or near The Point,violent-crime
2025-11,-7.65348,54.34734,On or near Galliagh Shore,violent-crime
2025-11,-7.65363,54.347817,On or near Galliagh Shore,violent-crime
2025-11,-7.638979,54.35435,On or near Foxhill Close,anti-social-behaviour
2025-11,-7.639344,54.351288,On or near Carnmore Rise,anti-social-behaviour
2025-11,-7.634394,54.349368,On or near ,burglary
2025-11,-7.628024,54.348046,On or near Chanterhill Road,criminal-damage-arson
2025-11,-7.629326,54.348634,On or near ,criminal-damage-arson
2025-11,-7.638979,54.35435,On or near Foxhill Close,criminal-damage-arson
2025-11,-7.630389,54.344954,On or near Forthill Street,criminal-damage-arson
2025-11,-7.627822,54.346527,On or near Ingleby Gardens,criminal-damage-arson
2025-11,-7.635521,54.355822,On or near Kilmacormick Drive,criminal-damage-arson
2025-11,-7.634417,54.355378,On or near Kilmacormick Road,other-theft
2025-11,-7.635521,54.355822,On or near Kilmacormick Drive,other-theft
2025-11,-7.628024,54.348046,On or near Chanterhill Road,shoplifting
2025-11,-7.630389,54.344954,On or near Forthill Street,shoplifting
2025-11,-7.63568,54.356945,On or near Kilmacormick Road,violent-crime
2025-11,-7.628024,54.348046,On or near Chanterhill Road,violent-crime
2025-11,-7.626307,54.349128,On or near Chanterhill Road,violent-crime
2025-11,-7.628755,54.347123,On or near Chanterhill Road,violent-crime
2025-11,-7.639344,54.351288,On or near Carnmore Rise,violent-crime
2025-11,-7.635521,54.355822,On or near Kilmacormick Drive,violent-crime
2025-11,-7.638651,54.353154,On or near Derrygore Terrace,violent-crime
2025-11,-7.630043,54.345824,On or near Forthill Street,violent-crime
2025-11,-7.630389,54.344954,On or near Forthill Street,violent-crime
2025-11,-5.875297,54.568108,On or near Church Road,anti-social-behaviour
2025-11,-5.871157,54.578709,On or near ,anti-social-behaviour
2025-11,-5.872428,54.577761,On or near Ballygowan Road,anti-social-behaviour
2025-11,-5.866705,54.574812,On or near Glenview Crescent,criminal-damage-arson
2025-11,-5.872428,54.577761,On or near Ballygowan Road,criminal-damage-arson
2025-11,-5.871157,54.578709,On or near ,drugs
2025-11,-5.88223,54.573378,On or near ,other-theft
2025-11,-5.872428,54.577761,On or near Ballygowan Road,shoplifting
2025-11,-5.864562,54.575862,On or near Glenview Gardens,violent-crime
2025-11,-6.152529,55.179826,On or near ,anti-social-behaviour
2025-11,-6.329476,55.132404,On or near Station Road,anti-social-behaviour
2025-11,-6.246876,55.142014,On or near Glenshesk Road,burglary
2025-11,-6.071302,55.189897,On or near Torr Road,other-theft
2025-11,-6.292479,55.138098,On or near Glenshesk Road,other-theft
2025-11,-6.071302,55.189897,On or near Torr Road,violent-crime
2025-11,-6.292479,55.138098,On or near Glenshesk Road,other-crime
